●02주차 (2021년 01월 11일 ~ 2021년 01월 17일),,,,,,,,,,,,,,,,
순위,영화명,개봉일,매출액,매출액,매출액증감,매출액증감율,누적매출액,관객수,관객수증감,관객수증감율,누적관객수,스크린수,상영횟수,대표국적,국적,배급사
,,,,점유율,(전주대비),(전주대비),,,(전주대비),(전주대비),,,,,,
1,원더 우먼 1984,2020-12-23,"253,591,180",20.2%,"-175,009,720",-40.8%,"4,827,259,510","27,243","-18,445",-40.4%,"534,361",823,"8,290",미국,미국,워너브러더스 코리아(주)
2,아이 엠 우먼,2021-01-14,"115,665,070",9.2%,"114,027,070",6961.4%,"125,066,570","13,210","13,028",7158.2%,"14,215",494,"3,661",호주,호주,(주)팝엔터테인먼트
3,화양연화,2000-10-20,"118,767,110",9.5%,"-28,752,920",-19.5%,"773,018,390","12,783","-3,217",-20.1%,"88,581",376,"3,658",홍콩,"홍콩,프랑스",(주)디스테이션
4,#아이엠히어,2021-01-14,"98,807,130",7.9%,"98,121,130",14303.4%,"99,493,130","11,963","11,865",12107.1%,"12,061",432,"2,840",프랑스,프랑스,(주)넥스트엔터테인먼트월드(NEW)
5,블라인드,2021-01-14,"93,681,000",7.5%,"92,582,000",8424.2%,"94,780,000","10,442","10,285",6551.0%,"10,599",239,"2,152",네덜란드,네덜란드,주식회사 컨텐츠썬
6,도굴,2020-11-04,"50,275,380",4.0%,"-12,627,400",-20.1%,"13,943,212,850","5,477","-1,438",-20.8%,"1,543,277",203,"1,483",한국,한국,(주)씨제이이엔엠
7,늑대와 춤을,1991-03-31,"42,731,920",3.4%,"34,118,020",396.1%,"51,677,820","4,982","4,176",518.1%,"5,898",201,"1,080",미국,미국,"(주)더세컨드웨이브,(주)영화특별시에스엠씨"
8,마이 미씽 발렌타인,2021-01-14,"38,313,570",3.1%,"38,313,570",100.0%,"38,313,570","4,782","4,782",100.0%,"4,782",153,"1,039",기타,기타,(주)트리플픽쳐스
9,빅풋 주니어2: 패밀리가 떴다,2021-01-06,"39,273,000",3.1%,"-4,757,440",-10.8%,"112,699,280","4,711",-482,-9.3%,"13,524",209,"1,157",기타,기타,(주)이수C&E
10,조제,2020-12-10,"40,249,010",3.2%,"-44,138,210",-52.3%,"1,876,179,450","4,391","-4,851",-52.5%,"209,062",231,"1,577",한국,한국,워너브러더스 코리아(주)
11,미스터 존스,2021-01-07,"36,650,170",2.9%,"-13,756,580",-27.3%,"87,484,920","4,185","-1,433",-25.5%,"9,853",238,"1,380",폴란드,폴란드,(주)디오시네마
12,라라랜드,2016-12-07,"22,225,900",1.8%,"-807,100",-3.5%,"30,939,432,708","3,095",-180,-5.5%,"3,751,411",78,490,미국,미국,판씨네마(주)
13,뱅가드,2020-12-30,"21,872,500",1.7%,"-34,198,900",-61.0%,"262,450,100","2,476","-3,831",-60.7%,"31,131",128,929,중국,중국,(주)디스테이션
14,완벽한 가족,2021-01-06,"19,646,920",1.6%,"-27,347,920",-58.2%,"67,344,260","2,285","-2,944",-56.3%,"7,582",198,"1,030",미국,미국,(주)제이앤씨미디어그룹
15,인터스텔라,2014-11-06,"20,048,000",1.6%,"13,144,000",190.4%,"82,831,209,000","2,005","1,315",190.6%,"10,325,640",17,147,미국,"미국,영국",워너브러더스 코리아(주)
16,빛의 아버지: 파이널 판타지 XIV,2021-01-14,"17,522,200",1.4%,"17,522,200",100.0%,"17,522,200","1,971","1,971",100.0%,"1,971",98,525,일본,일본,(주)디스테이션
17,걸,2021-01-07,"14,293,200",1.1%,"-12,094,510",-45.8%,"42,830,910","1,651","-1,179",-41.7%,"4,696",176,790,독일,독일,(주)리틀빅픽쳐스
18,나이브스 아웃,2019-12-04,"10,462,000",0.8%,"10,462,000",100.0%,"6,884,373,090","1,494","1,494",100.0%,"816,300",33,147,미국,미국,(주)올스타엔터테인먼트
19,이웃사촌,2020-11-25,"13,090,910",1.0%,"-9,304,040",-41.5%,"3,704,415,560","1,385","-1,033",-42.7%,"430,944",81,475,한국,한국,"(주)리틀빅픽쳐스,(주)트리니티픽쳐스"
20,타임 패러독스,2015-01-07,"8,662,500",0.7%,"8,662,500",100.0%,"656,263,908","1,256","1,256",100.0%,"83,759",33,142,호주,호주,(유)조이앤시네마
21,가을의 마티네,2020-12-31,"6,622,440",0.5%,"-2,426,050",-26.8%,"24,629,670","1,033",-351,-25.4%,"3,783",20,107,일본,일본,찬란
22,신과함께-죄와 벌,2017-12-20,"6,517,320",0.5%,"-5,543,870",-46.0%,"115,726,251,147",983,-692,-41.3%,"14,414,440",75,516,한국,한국,롯데쇼핑㈜롯데엔터테인먼트
23,메멘토,2001-08-24,"6,862,500",0.5%,"6,862,500",100.0%,"356,489,300",981,981,100.0%,"47,691",33,127,미국,미국,"(주)디스테이션,(주)팝엔터테인먼트"
24,런,2020-11-20,"8,723,100",0.7%,"-7,229,320",-45.3%,"2,600,918,400",960,-828,-46.3%,"283,318",45,310,미국,미국,(주)올스타엔터테인먼트
25,러브레터,1999-11-20,"8,356,680",0.7%,"-4,692,710",-36.0%,"970,283,834",906,-518,-36.4%,"124,531",43,274,일본,일본,"와이드 릴리즈(주),(주)제이앤씨미디어그룹,(유)조이앤시네마,(주)팝엔터테인먼트"
26,너의 이름은.,2017-01-04,"6,358,700",0.5%,"6,283,200",8322.1%,"30,053,688,486",894,885,9833.3%,"3,735,389",26,169,일본,일본,메가박스중앙(주)플러스엠
27,노팅 힐,1999-07-03,"6,007,000",0.5%,"6,007,000",100.0%,"541,232,082",886,886,100.0%,"66,392",41,239,미국,"미국,영국",유니버설픽쳐스인터내셔널 코리아(유)
28,래시 컴 홈,2021-01-07,"4,777,500",0.4%,"-861,950",-15.3%,"10,416,950",795,-141,-15.1%,"1,731",15,82,독일,독일,찬란
29,100% 울프: 푸들이 될 순 없어,2020-12-24,"5,471,580",0.4%,"-4,997,670",-47.7%,"133,804,910",782,-641,-45.0%,"16,986",39,217,호주,호주,(주)팝엔터테인먼트
30,비긴 어게인,2014-08-13,"5,284,000",0.4%,"-8,155,470",-60.7%,"27,349,403,801",760,"-1,173",-60.7%,"3,469,618",34,138,미국,미국,판씨네마(주)
31,굿바이,2008-10-30,"5,926,680",0.5%,"-9,188,610",-60.8%,"945,489,520",687,"-1,104",-61.6%,"149,118",46,231,일본,일본,"(주)드림팩트엔터테인먼트,㈜케이디미디어"
32,운디네,2020-12-24,"5,666,570",0.5%,"-4,031,810",-41.6%,"54,313,850",656,-456,-41.0%,"6,280",33,191,독일,독일,M&M 인터내셔널
33,다크 나이트,2008-08-06,"6,350,000",0.5%,"2,671,000",72.6%,"28,203,262,040",635,267,72.6%,"4,227,842",1,6,미국,미국,"주식회사 해리슨앤컴퍼니,워너브러더스 코리아(주)"
34,언플랜드,2020-12-17,"3,478,300",0.3%,"1,072,790",44.6%,"121,530,260",604,332,122.1%,"14,342",22,50,미국,미국,(주)영화사오원
35,극장판 바이올렛 에버가든,2020-11-12,"5,410,990",0.4%,"-8,575,280",-61.3%,"495,314,850",582,"-1,033",-64.0%,"58,145",34,155,일본,일본,(주)라이크콘텐츠
36,나이팅게일,2020-12-30,"4,475,600",0.4%,"-17,084,170",-79.2%,"112,285,110",522,"-1,985",-79.2%,"13,649",68,271,호주,호주,(주)제이앤씨미디어그룹
37,라빠르망,1997-03-22,"2,866,500",0.2%,"2,866,500",100.0%,"68,500,000",441,441,100.0%,"11,393",20,128,프랑스,프랑스,(주)디스테이션
38,나의 작은 동무,2021-01-14,"3,986,940",0.3%,"3,986,940",100.0%,"3,986,940",438,438,100.0%,438,40,156,기타,기타,(주)라이크콘텐츠
39,요요현상,2021-01-14,"3,243,940",0.3%,"2,043,940",170.3%,"5,324,440",333,233,233.0%,559,27,114,한국,한국,영화배급협동조합 씨네소파
40,귀여운 남자,2021-01-14,"2,724,970",0.2%,"2,283,970",517.9%,"3,165,970",329,280,571.4%,378,41,172,한국,한국,(주)드림팩트엔터테인먼트
41,라스트 프론티어,2021-01-14,"2,698,200",0.2%,"2,698,200",100.0%,"2,698,200",318,318,100.0%,318,20,76,러시아,러시아,(주)까멜리아이엔티
42,썸머 85,2020-12-24,"2,809,110",0.2%,"-5,383,820",-65.7%,"82,929,720",312,-570,-64.6%,"9,409",32,119,기타,기타,찬란
43,마라가 큰 결정을 해야 해,2021-01-07,"2,187,600",0.2%,"-3,074,740",-58.4%,"7,449,940",268,-317,-54.2%,853,62,183,미국,미국,(주)영화사오원
44,천사는 바이러스,2021-01-06,"1,893,110",0.2%,"-1,865,490",-49.6%,"5,741,710",246,-213,-46.4%,722,31,117,한국,한국,주식회사 씨엠닉스
45,타오르는 여인의 초상,2020-01-16,"2,350,000",0.2%,"2,288,000",3690.3%,"1,260,242,838",245,237,2962.5%,"149,672",4,9,프랑스,프랑스,"그린나래미디어(주),(주)홈초이스"
46,1917,2020-02-19,"1,796,500",0.1%,"-1,324,500",-42.4%,"7,932,619,960",207,-243,-54.0%,"878,101",8,25,미국,미국,(주)스마일이엔티
47,족벌 두 신문 이야기,2021-01-01,"1,370,900",0.1%,"-1,158,100",-45.8%,"8,577,900",181,-147,-44.8%,"1,067",7,46,한국,한국,(주)엣나인필름
48,사라센의 칼,2021-01-14,"1,427,800",0.1%,"888,800",164.9%,"1,966,800",163,114,232.7%,212,14,49,한국,한국,(주)콘텐츠윙
49,리플레이,2020-12-16,"1,281,440",0.1%,"-3,325,850",-72.2%,"100,629,910",141,-394,-73.6%,"12,200",13,74,미국,미국,(주)다자인소프트
50,부활: 그 증거,2020-10-08,"892,000",0.1%,"-265,000",-22.9%,"241,903,320",127,-28,-18.1%,"29,757",2,7,한국,한국,(주)영화사 진진
51,페이트 스테이 나이트 헤븐즈필 제3장 스프링 송,2020-10-22,"1,258,810",0.1%,"61,830",5.2%,"699,506,810",122,10,8.9%,"77,095",3,18,일본,일본,(주)애니플러스
52,미스터 보스,2020-12-30,"959,410",0.1%,"-4,808,930",-83.4%,"34,302,670",120,-574,-82.7%,"4,239",16,66,한국,한국,"(주)스톰픽쳐스코리아,와이드 릴리즈(주)"
53,스윙키즈,2018-12-19,"1,119,580",0.1%,"250,380",28.8%,"12,096,659,072",118,40,51.3%,"1,473,321",1,9,한국,한국,(주)넥스트엔터테인먼트월드(NEW)
54,"내 어깨 위 고양이, 밥 2",2020-12-24,"1,012,950",0.1%,"-2,712,840",-72.8%,"55,121,190",115,-295,-72.0%,"6,357",14,50,영국,영국,(주)영화특별시에스엠씨
55,삼진그룹 영어토익반,2020-10-21,"1,037,400",0.1%,"-154,300",-12.9%,"13,985,427,570",105,-23,-18.0%,"1,571,720",6,27,한국,한국,롯데컬처웍스(주)롯데엔터테인먼트
56,닥터 지바고,1978-01-01,"536,000",0.0%,"311,000",138.2%,"37,655,500",100,55,122.2%,"16,980",1,2,미국,미국,
57,"오늘, 우리 2",2021-01-21,"882,000",0.1%,"882,000",100.0%,"882,000",98,98,100.0%,98,1,2,한국,한국,필름다빈
58,전쟁,2020-12-30,"547,850",0.0%,"-842,920",-60.6%,"4,666,890",94,-116,-55.2%,692,3,32,미국,미국,(주)제이앤씨미디어그룹
59,밈 전쟁: 개구리 페페 구하기,,"836,000",0.1%,"409,000",95.8%,"1,519,000",93,54,138.5%,169,1,1,미국,미국,주식회사 왓챠
60,캐롤,2016-02-04,"866,200",0.1%,"866,200",100.0%,"2,757,436,395",91,91,100.0%,"336,304",4,7,미국,"미국,영국",CGV아트하우스
61,함께 있을 수 있다면,2020-12-24,"665,400",0.1%,"-1,138,970",-63.1%,"15,833,610",89,-138,-60.8%,"2,045",7,27,프랑스,프랑스,(주)영화사 진진
62,러브 액츄얼리,2003-12-05,"750,910",0.1%,"-2,122,820",-73.9%,"2,323,516,628",87,-221,-71.8%,"327,216",8,21,미국,"미국,영국","(주)제이앤씨미디어그룹,와이드 릴리즈(주),UIP코리아,(유)조이앤시네마"
63,베토벤 프로젝트,2020-07-12,"968,000",0.1%,"-219,000",-18.4%,"20,909,000",86,-21,-19.6%,"1,315",1,4,독일,독일,(주)케빈앤컴퍼니
63,테넷,2020-08-26,"796,180",0.1%,"-292,540",-26.9%,"18,400,003,390",86,-26,-23.2%,"1,992,553",4,30,미국,미국,워너브러더스 코리아(주)
65,찬실이는 복도 많지,2020-03-05,"641,500",0.1%,"438,500",216.0%,"251,600,330",84,57,211.1%,"29,339",3,16,한국,한국,찬란
66,어게인,2020-07-30,"812,000",0.1%,"462,000",132.0%,"9,435,500",82,47,134.3%,"1,183",1,2,한국,한국,(주)에스와이코마드
67,내언니전지현과 나,2020-12-03,"691,000",0.1%,"140,000",25.4%,"21,223,800",81,6,8.0%,"2,503",5,20,한국,한국,호우주의보
68,극장판 바다 탐험대 옥토넛 : 대산호초 보호작전,2020-11-12,"538,000",0.0%,"220,000",69.2%,"173,731,500",79,32,68.1%,"25,837",8,21,영국,영국,와이드 릴리즈(주)
69,이름 없이 가난하고 아름답게,,"536,000",0.0%,"536,000",100.0%,"536,000",78,78,100.0%,78,1,2,일본,일본,
70,해바라기,1982-11-14,"770,000",0.1%,"770,000",100.0%,"26,514,000",74,74,100.0%,"11,753",1,4,이탈리아,이탈리아,
71,블레이드 러너 2049,2017-10-12,"827,000",0.1%,"827,000",100.0%,"2,791,284,065",72,72,100.0%,"324,113",3,8,미국,미국,소니픽쳐스엔터테인먼트코리아주식회사극장배급지점
71,마틴 에덴,2020-10-29,"447,500",0.0%,"149,500",50.2%,"143,118,930",72,22,44.0%,"15,546",3,19,이탈리아,이탈리아,알토미디어(주)
73,커넥트,2021-01-20,"639,000",0.1%,"639,000",100.0%,"639,000",71,71,100.0%,71,1,1,미국,미국,(주)이수C&E
74,평범한 연인들,,"407,000",0.0%,"200,000",96.6%,"2,892,000",70,32,84.2%,502,1,4,프랑스,프랑스,
74,레전더리 콘서트: 레너드 번스타인,2021-01-03,"1,921,000",0.2%,"-241,000",-11.1%,"5,846,000",70,-2,-2.8%,211,13,24,독일,독일,(주)케빈앤컴퍼니
74,스웨그,2020-12-10,"645,500",0.1%,"-263,090",-29.0%,"28,001,850",70,-27,-27.8%,"2,953",1,7,한국,한국,(주)영화사오원
77,맥베스,2018-10-07,"1,347,000",0.1%,"1,347,000",100.0%,"32,447,500",65,65,100.0%,"1,379",7,7,독일,독일,(주)케빈앤컴퍼니
77,글루미 선데이,2000-10-21,"566,500",0.0%,"-212,500",-27.3%,"193,795,400",65,-29,-30.9%,"24,833",2,16,독일,독일,(주)팝엔터테인먼트
79,장 미쉘 바스키아: 더 레이디언트 차일드,2020-12-09,"599,500",0.0%,"-151,400",-20.2%,"7,358,100",64,-19,-22.9%,800,8,43,미국,미국,롯데컬처웍스(주)롯데엔터테인먼트
80,토스카,2020-12-01,"1,635,000",0.1%,"-122,050",-6.9%,"15,912,250",63,-29,-31.5%,526,10,20,이탈리아,이탈리아,일미디어
80,고백,2021-02-24,"441,000",0.0%,"441,000",100.0%,"441,000",63,63,100.0%,63,1,1,한국,한국,(주)리틀빅픽쳐스
82,800,2020-12-10,"524,500",0.0%,"-4,775,700",-90.1%,"141,648,200",61,-893,-93.6%,"16,619",5,16,중국,중국,"TCO(주)더콘텐츠온,(주)디스테이션"
83,스트레스 제로,2021-02-03,"300,000",0.0%,"300,000",100.0%,"300,000",60,60,100.0%,60,1,1,한국,한국,(주)트리플픽쳐스
83,미소녀 파라다이스 베이글녀 마을,2021-01-12,"300,000",0.0%,"300,000",100.0%,"300,000",60,60,100.0%,60,1,1,한국,한국,(주)가온콘텐츠
83,미스캡틴 : 섹시 히어로즈,2021-01-14,"300,000",0.0%,"300,000",100.0%,"300,000",60,60,100.0%,60,1,1,미국,미국,(주)픽쳐레스크
83,인턴의 입사교육,2021-01-14,"300,000",0.0%,"300,000",100.0%,"300,000",60,60,100.0%,60,1,1,일본,일본,(주)라온컴퍼니플러스
83,18 BJ 하연의 화려한 테크닉,2021-01-12,"300,000",0.0%,"300,000",100.0%,"300,000",60,60,100.0%,60,1,1,한국,한국,케이엘 픽쳐스
88,펀치 드렁크 러브,2003-05-08,"639,000",0.1%,"-29,000",-4.3%,"33,091,400",59,-3,-4.8%,"3,704",1,5,미국,미국,콜럼비아트라이스타
89,누군가 어디에서 나를 기다리면 좋겠다,2020-12-17,"443,000",0.0%,"-1,121,200",-71.7%,"27,894,550",57,-132,-69.8%,"3,451",5,15,프랑스,프랑스,(주)영화사 진진
90,겨울밤에,2020-12-10,"422,500",0.0%,"-134,000",-24.1%,"14,878,370",56,-16,-22.2%,"1,810",6,25,한국,한국,㈜인디스토리
90,피아니스트의 마지막 인터뷰,2020-11-19,"490,510",0.0%,"-648,790",-56.9%,"69,807,560",56,-65,-53.7%,"8,348",3,14,캐나다,캐나다,판씨네마(주)
92,하트,2020-02-27,"505,000",0.0%,"104,000",25.9%,"8,039,500",55,6,12.2%,"1,027",2,6,한국,한국,필름다빈
92,리골레토,2013-09-28,"1,353,900",0.1%,"480,400",55.0%,"29,624,400",55,21,61.8%,"1,171",6,10,미국,미국,(주) 인스터 글로벌
94,천국이 허락한 모든 것,,"132,500",0.0%,"132,500",100.0%,"7,187,500",53,53,100.0%,"3,242",1,5,미국,미국,
95,피델리오,2020-05-31,"560,000",0.0%,"-207,000",-27.0%,"13,076,800",50,-18,-26.5%,618,1,3,독일,독일,(주)케빈앤컴퍼니
95,가나의 혼인잔치: 언약,2020-11-26,"460,300",0.0%,"-522,440",-53.2%,"119,861,330",50,-70,-58.3%,"13,655",4,24,미국,미국,"(재)CBS,주식회사 블루필름웍스"
97,비브르 사 비,1997-05-03,"423,000",0.0%,"423,000",100.0%,"24,539,000",49,49,100.0%,"3,213",1,2,프랑스,프랑스,"알토미디어(주),㈜영화사 백두대간"
98,공작부인,,"234,000",0.0%,"195,000",500.0%,"2,282,000",46,39,557.1%,"1,044",1,2,미국,미국,
98,트랜짓,2020-07-02,"407,000",0.0%,"-47,000",-10.4%,"43,969,160",46,-18,-28.1%,"5,180",2,2,독일,독일,M&M 인터내셔널
100,남매의 여름밤,2020-08-20,"320,000",0.0%,"-29,000",-8.3%,"180,473,602",45,6,15.4%,"21,719",2,10,한국,한국,그린나래미디어(주)
101,가슴이여 영원히,,"305,000",0.0%,"305,000",100.0%,"305,000",44,44,100.0%,44,1,1,일본,일본,
101,극장판 기븐,2020-11-26,"476,500",0.0%,"62,630",15.1%,"34,284,160",44,3,7.3%,"3,936",1,7,일본,일본,(주)애니플러스
101,작가 미상,2020-02-20,"285,000",0.0%,"285,000",100.0%,"107,682,960",44,44,100.0%,"13,604",1,1,독일,독일,(주)영화사 진진
104,피아노,1993-09-25,"238,000",0.0%,"79,000",49.7%,"30,857,500",43,13,43.3%,"5,651",1,1,호주,호주,(주)팝엔터테인먼트
105,해리가 샐리를 만났을 때,1989-11-18,"430,000",0.0%,"66,500",18.3%,"185,773,700",40,5,14.3%,"22,732",1,3,미국,미국,"(주)키다리이엔티,콜럼비아 픽쳐스 코포레이션"
105,기사푸라카스,,"80,000",0.0%,"80,000",100.0%,"1,492,000",40,40,100.0%,746,1,6,프랑스,프랑스,
107,아키츠 온천,,"249,000",0.0%,"249,000",100.0%,"804,000",39,39,100.0%,150,1,1,일본,일본,
108,날씨의 아이,2019-10-30,"307,540",0.0%,"197,540",179.6%,"5,858,552,130",36,22,157.1%,"714,880",2,5,일본,일본,"(주)미디어캐슬,워터홀컴퍼니(주)"
108,동경의 황혼,,"239,000",0.0%,"66,000",38.2%,"5,359,000",36,11,44.0%,876,1,1,일본,일본,
110,여자들만의 밤,,"217,000",0.0%,"2,000",0.9%,"432,000",35,1,2.9%,69,1,1,일본,일본,
110,여자라는 것,,"246,000",0.0%,"53,000",27.5%,"439,000",35,5,16.7%,65,1,1,일본,일본,
110,뮤직 앤 리얼리티,2020-12-23,"296,700",0.0%,"-670,740",-69.3%,"12,861,390",35,-73,-67.6%,"1,465",4,20,한국,"한국,미국","(주)미로스페이스,(주)스튜디오 보난자"
110,오버 드라이브,,"415,000",0.0%,"415,000",100.0%,"415,000",35,35,100.0%,35,1,1,일본,일본,(주)미디어캐슬
114,잔칫날,2020-12-02,"293,000",0.0%,"-104,570",-26.3%,"86,514,060",34,-15,-30.6%,"11,172",4,9,한국,한국,(주)트리플픽쳐스
114,여로,,"68,000",0.0%,"68,000",100.0%,"18,470,000",34,34,100.0%,"8,991",1,4,미국,미국,
114,맨체스터 바이 더 씨,2017-02-15,"287,000",0.0%,"287,000",100.0%,"448,385,900",34,34,100.0%,"55,932",1,1,미국,미국,THE 픽쳐스
114,쇼걸,1995-11-18,"196,970",0.0%,"-574,000",-74.5%,"17,103,040",34,-93,-73.2%,"2,971",4,13,미국,미국,"(주)콘텐츠패밀리,주식회사 풍경소리"
118,호프만 이야기,,"145,000",0.0%,"82,000",130.2%,"2,510,000",30,19,172.7%,375,1,1,영국,영국,
119,마미,2014-12-18,"290,000",0.0%,"290,000",100.0%,"482,648,544",29,29,100.0%,"60,481",1,2,캐나다,"캐나다,프랑스",(주)엣나인필름
119,노트북,2004-11-26,"269,000",0.0%,"-157,000",-36.9%,"4,636,054,200",29,-10,-25.6%,"651,395",1,5,미국,미국,"(주)퍼스트런,TCO(주)더콘텐츠온,글뫼 주식회사,CJ ENM"
121,무드 인디고,2014-12-11,"259,000",0.0%,"259,000",100.0%,"378,362,230",28,28,100.0%,"47,026",1,2,프랑스,"프랑스,벨기에",(주)프레인글로벌
121,연애편지,,"188,000",0.0%,"-89,000",-32.1%,"465,000",28,-17,-37.8%,73,1,1,일본,일본,
121,담보,2020-09-29,"256,500",0.0%,"126,000",96.6%,"14,749,348,550",28,12,75.0%,"1,719,578",3,10,한국,한국,(주)씨제이이엔엠
121,달이 떠오른다,,"195,000",0.0%,"-38,000",-16.3%,"428,000",28,-10,-26.3%,66,1,1,일본,일본,
121,춘희,,"56,000",0.0%,"56,000",100.0%,"14,147,000",28,28,100.0%,"7,099",1,3,미국,미국,
121,가스등,,"142,000",0.0%,"8,000",6.0%,"9,821,000",28,3,12.0%,"4,466",1,1,미국,미국,
121,제리 맥과이어,1997-02-01,"182,000",0.0%,"28,000",18.2%,"40,461,400",28,6,27.3%,"5,508",2,9,미국,미국,(주)피터팬픽쳐스
128,너의 췌장을 먹고 싶어,2018-11-15,"198,000",0.0%,"198,000",100.0%,"413,342,505",27,27,100.0%,"52,877",1,1,일본,일본,(주)넥스트엔터테인먼트월드(NEW)
128,"나, 다니엘 블레이크",2016-12-08,"270,000",0.0%,"270,000",100.0%,"743,954,460",27,27,100.0%,"99,248",1,2,영국,영국,(주)영화사 진진
130,맥추,,"178,000",0.0%,"178,000",100.0%,"5,410,000",26,26,100.0%,871,1,1,일본,일본,
130,"그리고, 살아간다",2021-01-15,"221,140",0.0%,"221,140",100.0%,"221,140",26,26,100.0%,26,1,2,일본,일본,(주)미디어캐슬
130,사랑의 블랙홀,1993-12-04,"264,000",0.0%,"-423,000",-61.6%,"18,626,000",26,-44,-62.9%,"2,165",1,4,미국,미국,
133,블루 벨벳,1992-10-17,"132,000",0.0%,"30,000",29.4%,"43,072,900",25,6,31.6%,"5,317",1,1,미국,미국,(주)유로커뮤니케이션
133,세이사쿠의 아내,,"160,000",0.0%,"160,000",100.0%,"2,863,000",25,25,100.0%,501,1,1,일본,일본,
135,오긴,,"159,000",0.0%,"15,000",10.4%,"303,000",24,1,4.3%,47,1,1,일본,일본,
135,선샤인 패밀리,2020-12-31,"172,000",0.0%,"-287,500",-62.6%,"3,063,570",24,-44,-64.7%,364,3,7,한국,"한국,필리핀",시네마 뉴원
137,협상,2018-09-19,"258,000",0.0%,"258,000",100.0%,"17,032,391,166",23,23,100.0%,"1,967,744",1,5,한국,한국,(주)씨제이이엔엠
138,루비 스팍스,2018-05-10,"146,000",0.0%,"50,000",52.1%,"262,689,400",22,8,57.1%,"29,844",1,6,미국,미국,(주)팝엔터테인먼트
138,우리 생애 최고의 해,,"115,000",0.0%,"-7,000",-5.7%,"4,358,884",22,0,0.0%,"3,540",1,1,미국,미국,
140,어거스트 러쉬,2007-11-29,"184,000",0.0%,"184,000",100.0%,"14,359,602,000",21,21,100.0%,"2,229,893",3,9,미국,미국,"(주)영화사 그램,CJ ENM"
140,페이블,2021-01-16,"189,510",0.0%,"189,510",100.0%,"189,510",21,21,100.0%,21,1,2,일본,일본,"(주)콘텐츠판다,쇼치쿠"
140,작은 빛,2020-01-23,"105,000",0.0%,"10,000",10.5%,"17,263,960",21,2,10.5%,"2,257",1,8,한국,한국,(주)시네마달
143,제저벨,,"106,000",0.0%,"21,000",24.7%,"478,000",20,2,11.1%,98,1,1,,,
143,오르페우스,,"106,000",0.0%,"10,000",10.4%,"2,131,000",20,2,11.1%,894,1,1,프랑스,프랑스,
145,라우더 댄 밤즈,2016-10-27,"175,000",0.0%,"175,000",100.0%,"89,458,700",19,19,100.0%,"11,162",1,1,노르웨이,"노르웨이,프랑스,덴마크",그린나래미디어(주)
146,아내를 녹여버린 농부,,"90,000",0.0%,"90,000",100.0%,"90,000",18,18,100.0%,18,1,1,일본,일본,(주)씨맥스커뮤니케이션즈
146,흑인 도깨비 방망이: 뚝딱 나온 오르가즘,,"90,000",0.0%,"90,000",100.0%,"90,000",18,18,100.0%,18,1,1,일본,일본,(주)씨맥스커뮤니케이션즈
146,공포분자,2020-09-17,"124,000",0.0%,"28,000",29.2%,"43,484,630",18,7,63.6%,"5,620",1,2,기타,기타,(주)에이썸엔터테인먼트
146,토탈 이클립스,1995-12-02,"93,000",0.0%,"-111,000",-54.4%,"297,000",18,-20,-52.6%,56,1,1,영국,"영국,프랑스,벨기에",
146,지옥의 묵시록 파이널 컷,2020-11-26,"180,000",0.0%,"-27,000",-13.0%,"33,673,630",18,-8,-30.8%,"3,636",1,1,미국,미국,(주)디스테이션
146,원더,2017-12-27,"180,000",0.0%,"180,000",100.0%,"2,031,210,689",18,18,100.0%,"267,020",1,1,미국,미국,"CGV아트하우스,그린나래미디어(주)"
152,그리고 우린 춤을 추었다,2020-11-25,"204,000",0.0%,"51,030",33.4%,"53,378,810",17,1,6.3%,"6,059",1,1,프랑스,프랑스,(주)엣나인필름
152,멜랑콜리아,2012-05-17,"170,000",0.0%,"170,000",100.0%,"153,165,123",17,17,100.0%,"19,918",1,1,덴마크,"덴마크,스웨덴,이탈리아,독일,프랑스","(주)엣나인필름,(주)팝엔터테인먼트"
154,산딸기 2,1985-02-02,"32,000",0.0%,"32,000",100.0%,"3,035,000",16,16,100.0%,"1,515",1,2,한국,한국,
154,인 디 아일,2018-11-22,"136,000",0.0%,"136,000",100.0%,"87,012,900",16,16,100.0%,"10,149",1,1,독일,독일,M&M 인터내셔널
156,베로니카의 이중생활,1991-11-09,"150,000",0.0%,"150,000",100.0%,"32,013,100",15,15,100.0%,"3,890",1,1,프랑스,프랑스,"(주)영화사 안다미로,㈜영화사 백두대간"
156,원더풀 라이프,2001-12-09,"150,000",0.0%,"150,000",100.0%,"181,401,600",15,15,100.0%,"22,018",1,1,일본,일본,"(주)영화사 안다미로,(주)라이크콘텐츠,㈜영화사 백두대간"
156,갇힌 여인,2005-12-23,"79,000",0.0%,"-41,000",-34.2%,"12,339,000",15,-8,-34.8%,"1,896",1,1,프랑스,"프랑스,벨기에",(주)이모션픽처스
156,빅 트리,,"37,500",0.0%,"37,500",100.0%,"1,105,500",15,15,100.0%,540,1,3,미국,미국,
156,패터슨,2017-12-21,"150,000",0.0%,"150,000",100.0%,"564,086,208",15,15,100.0%,"68,148",1,1,프랑스,"프랑스,독일,미국",그린나래미디어(주)
156,철도원,2000-02-04,"89,000",0.0%,"-281,000",-75.9%,"10,844,000",15,-41,-73.2%,"2,151",1,6,일본,일본,
156,일 포스티노,1996-03-09,"81,000",0.0%,"-40,000",-33.1%,"113,826,100",15,-7,-31.8%,"15,217",1,1,이탈리아,"이탈리아,프랑스",(주)영화사 진진
156,파티마의 기적,2020-12-03,"83,000",0.0%,"-240,000",-74.3%,"133,640,100",15,-27,-64.3%,"16,686",2,5,미국,미국,(주)디스테이션
156,윤희에게,2019-11-14,"150,000",0.0%,"105,000",233.3%,"976,870,609",15,10,200.0%,"122,713",1,1,한국,한국,(주)리틀빅픽쳐스
165,내일을 위한 시간,2015-01-01,"125,000",0.0%,"125,000",100.0%,"344,262,900",14,14,100.0%,"42,936",1,1,벨기에,"벨기에,프랑스,이탈리아",그린나래미디어(주)
165,그날이 온다,2020-12-09,"14,000",0.0%,"-10,000",-41.7%,"12,193,850",14,-10,-41.7%,"1,353",2,14,영국,영국,(주)제이앤씨미디어그룹
165,아이들의 시간,,"77,000",0.0%,"53,000",220.8%,"139,000",14,10,250.0%,26,1,1,미국,미국,
165,라 보엠,2020-11-29,"332,700",0.0%,"-736,000",-68.9%,"9,719,400",14,-28,-66.7%,379,5,5,독일,독일,(주)케빈앤컴퍼니
165,바르다가 사랑한 얼굴들,2018-06-14,"140,000",0.0%,"140,000",100.0%,"253,747,534",14,14,100.0%,"31,495",1,1,프랑스,프랑스,(주)영화사 진진
170,서칭 포 슈가맨,2012-10-11,"130,000",0.0%,"95,000",271.4%,"212,022,100",13,9,225.0%,"29,485",1,1,스웨덴,"스웨덴,영국",판씨네마(주)
170,편지,,"64,000",0.0%,"-94,000",-59.5%,"348,500",13,-19,-59.4%,100,1,1,미국,미국,
170,뜨거운 것이 좋아,,"143,000",0.0%,"-240,500",-62.7%,"28,856,000",13,-21,-61.8%,"8,684",1,1,미국,미국,
170,"킬링,",2021-04-07,"111,510",0.0%,"111,510",100.0%,"111,510",13,13,100.0%,13,2,2,일본,일본,(주)미디어캐슬
174,초속5센티미터,2007-06-21,"107,270",0.0%,"107,270",100.0%,"265,246,012",12,12,100.0%,"44,106",1,1,일본,일본,"대원디지털엔터테인먼트,(주)팝엔터테인먼트"
174,아이 엠 러브,2011-01-20,"120,000",0.0%,"120,000",100.0%,"439,237,406",12,12,100.0%,"55,610",1,1,이탈리아,이탈리아,"(주)영화사 진진,(주)영화사 조제"
174,달콤한 인생,,"126,000",0.0%,"-387,000",-75.4%,"13,669,000",12,-37,-75.5%,"4,235",1,2,이탈리아,"이탈리아,프랑스",
174,프록시마 프로젝트,2020-10-15,"72,000",0.0%,"-87,000",-54.7%,"37,366,750",12,-17,-58.6%,"4,343",1,3,프랑스,프랑스,(주)영화사 진진
174,붉은 눈,2020-12-24,"106,400",0.0%,"-193,600",-64.5%,"1,906,400",12,-48,-80.0%,372,2,3,일본,일본,(주)미디어캐슬
179,호프,2020-12-17,"65,000",0.0%,"-484,000",-88.2%,"30,453,010",11,-64,-85.3%,"3,597",3,6,기타,기타,(주)이놀미디어
179,너의 췌장을 먹고 싶어,2017-10-25,"111,600",0.0%,"111,600",100.0%,"3,720,716,340",11,11,100.0%,"467,936",1,1,일본,일본,(주)넥스트엔터테인먼트월드(NEW)
181,아비정전,1990-12-22,"64,000",0.0%,"-66,500",-51.0%,"168,577,100",10,-11,-52.4%,"24,083",1,3,홍콩,홍콩,(주)디스테이션
181,미스터 로버츠,,"35,000",0.0%,"-55,000",-61.1%,"1,143,000",10,-26,-72.2%,555,1,6,,,
181,안티고네,2020-11-19,"67,500",0.0%,"14,530",27.4%,"89,561,360",10,4,66.7%,"10,211",1,2,캐나다,캐나다,"그린나래미디어(주),(주)키다리이엔티"
181,밴드 웨건,,"20,000",0.0%,"-10,000",-33.3%,"4,380,000",10,-5,-33.3%,"2,177",1,3,미국,미국,
181,카일라스 가는 길,2020-09-03,"40,000",0.0%,"16,000",66.7%,"71,354,540",10,4,66.7%,"9,405",1,2,한국,한국,(주)영화사 진진
181,라이어트: 기계들의 역습,2020-12-23,"50,000",0.0%,"-350,000",-87.5%,"11,950,900",10,-70,-87.5%,"2,278",1,2,미국,미국,(주)노바이앤티
187,피가로의 결혼,2020-05-01,"315,000",0.0%,"315,000",100.0%,"14,010,500",9,9,100.0%,539,1,2,이탈리아,이탈리아,일미디어
187,운명,,"95,600",0.0%,"95,600",100.0%,"493,400",9,9,100.0%,85,2,2,일본,일본,(주)미디어캐슬
189,봉쇄수도원 카르투시오,2020-11-19,"46,000",0.0%,"-104,000",-69.3%,"40,586,180",8,-7,-46.7%,"4,776",2,4,한국,한국,커넥트픽쳐스(주)
189,베이 오브 사일런스,2021-01-14,"12,000",0.0%,"12,000",100.0%,"12,000",8,8,100.0%,8,5,8,영국,영국,㈜코리아스크린
189,제자리에서 (인디스데이),,"57,000",0.0%,"57,000",100.0%,"57,000",8,8,100.0%,8,1,3,한국,한국,
189,교실 안의 야크,2020-09-30,"32,000",0.0%,"-87,500",-73.2%,"93,704,210",8,-16,-66.7%,"11,056",1,1,기타,기타,주식회사 슈아픽처스
189,반교: 디텐션,2020-08-13,"56,000",0.0%,"56,000",100.0%,"326,433,250",8,8,100.0%,"36,413",1,2,기타,기타,(주)팝엔터테인먼트
189,음악,2021-07-14,"71,000",0.0%,"71,000",100.0%,"71,000",8,8,100.0%,8,1,1,일본,일본,(주)미디어캐슬
195,인 더 하우스,2013-07-04,"42,000",0.0%,"42,000",100.0%,"131,234,700",6,6,100.0%,"18,007",1,1,프랑스,프랑스,찬란
195,프랭크,2014-09-25,"60,000",0.0%,"60,000",100.0%,"419,098,145",6,6,100.0%,"53,498",1,1,영국,"영국,아일랜드",(주)영화사 진진
195,새벽을 알리는 루의 노래,2018-01-31,"57,000",0.0%,"57,000",100.0%,"75,186,800",6,6,100.0%,"9,092",1,1,일본,일본,(주)미디어캐슬
195,블러드하운드,2021-01-07,"36,000",0.0%,"-29,000",-44.6%,"101,000",6,-5,-45.5%,17,2,6,미국,미국,(주)퍼스트런
195,치와와,,"70,000",0.0%,"70,000",100.0%,"253,000",6,6,100.0%,29,1,2,일본,일본,(주)미디어캐슬
195,테스와 보낸 여름,2020-09-10,"24,000",0.0%,"12,000",100.0%,"91,054,250",6,3,100.0%,"10,201",1,1,네덜란드,네덜란드,(주)팝엔터테인먼트
195,14의 밤,,"61,270",0.0%,"61,270",100.0%,"441,270",6,6,100.0%,82,1,1,일본,일본,
202,귀여운 여인,1990-09-15,"53,000",0.0%,"-956,000",-94.7%,"17,129,000",5,-102,-95.3%,"1,701",1,1,미국,미국,브에나비스타픽쳐스
202,토네이도 걸,,"59,000",0.0%,"59,000",100.0%,"232,000",5,5,100.0%,27,1,2,일본,일본,
202,퐁네프의 연인들,1992-04-18,"48,000",0.0%,"-26,000",-35.1%,"68,978,200",5,-4,-44.4%,"8,776",1,2,프랑스,프랑스,오드
205,레이니 데이 인 뉴욕,2020-05-06,"27,500",0.0%,"27,500",100.0%,"786,647,200",4,4,100.0%,"88,772",1,2,미국,미국,"그린나래미디어(주),(주)버킷스튜디오"
205,럭키 몬스터,2020-12-03,"27,000",0.0%,"-4,689,300",-99.4%,"38,258,580",4,-780,-99.5%,"5,030",1,3,한국,한국,(주)영화사 그램
205,워터 릴리스,2020-08-13,"36,000",0.0%,"36,000",100.0%,"100,001,032",4,4,100.0%,"11,696",1,1,프랑스,프랑스,(주)영화특별시에스엠씨
205,에듀케이션,2020-11-26,"25,000",0.0%,"-219,000",-89.8%,"8,531,670",4,-25,-86.2%,"1,032",1,2,한국,한국,영화배급협동조합 씨네소파
205,로맨틱 코미디,2020-12-03,"26,000",0.0%,"2,000",8.3%,"5,698,040",4,0,0.0%,662,1,4,미국,미국,(주)영화사 안다미로
205,머리카락,2020-12-10,"31,000",0.0%,"-20,000",-39.2%,"2,594,670",4,-3,-42.9%,291,2,3,한국,한국,"목영이엔엠,(주)다자인소프트"
211,나의 인생여행,2020-12-10,"15,000",0.0%,"-20,000",-57.1%,"4,822,210",3,-4,-57.1%,603,1,3,영국,영국,(주)라이크콘텐츠
211,버든: 세상을 바꾸는 힘,2020-11-25,"3,000",0.0%,"-4,000",-57.1%,"18,780,570",3,-4,-57.1%,"2,281",1,3,미국,미국,(주)제이앤씨미디어그룹
211,산티아고의 흰 지팡이,2020-03-19,"17,000",0.0%,"-5,000",-22.7%,"22,494,270",3,0,0.0%,"3,448",1,3,한국,한국,제이리미디어
211,도망친 여자,2020-09-17,"26,000",0.0%,"9,000",52.9%,"86,533,240",3,1,50.0%,"10,279",1,2,한국,한국,"(주)영화제작전원사 ,(주)콘텐츠판다"
215,애비규환,2020-11-12,"18,000",0.0%,"-110,000",-85.9%,"207,156,800",2,-14,-87.5%,"22,765",1,1,한국,한국,(주)리틀빅픽쳐스
216,연애 : 아빠친구 무삭제,2021-01-12,"6,000",0.0%,"6,000",100.0%,"6,000",1,1,100.0%,1,1,1,한국,한국,(주)영화사가을
216,엄마의 사랑 무삭제,2021-01-12,"6,000",0.0%,"6,000",100.0%,"6,000",1,1,100.0%,1,1,1,한국,한국,(주)영화사가을
216,두 개의 사랑,2017-12-28,"5,000",0.0%,"5,000",100.0%,"92,226,900",1,1,100.0%,"11,685",1,1,프랑스,프랑스,(주)팝엔터테인먼트
216,마지막 휴가,2020-12-10,"8,000",0.0%,"-696,000",-98.9%,"9,561,000",1,-87,-98.9%,"1,164",1,1,한국,한국,(주)드림팩트엔터테인먼트
216,원나잇 : 어플 만남의 목적,2021-01-15,"6,000",0.0%,"6,000",100.0%,"6,000",1,1,100.0%,1,1,1,일본,일본,(주)온비즈넷
216,나쁜남자:남편 앞에서 당하다,2021-01-13,"6,000",0.0%,"6,000",100.0%,"6,000",1,1,100.0%,1,1,1,일본,일본,(주)영진크리에이티브
216,버스납치,2021-01-15,"6,000",0.0%,"6,000",100.0%,"6,000",1,1,100.0%,1,1,1,일본,일본,(주)영진크리에이티브
216,고독의 의리,2021-01-15,"6,000",0.0%,"6,000",100.0%,"6,000",1,1,100.0%,1,1,1,일본,일본,(주)영진크리에이티브
216,극장판 미니특공대: 햄버거괴물의 습격,2020-09-30,"9,600",0.0%,"-14,400",-60.0%,"466,063,620",1,-2,-66.7%,"57,883",1,1,한국,한국,(주)리틀빅픽쳐스
216,극장판 포켓몬스터 뮤츠의 역습 EVOLUTION,2020-09-30,"10,000",0.0%,"-11,000",-52.4%,"780,592,310",1,-2,-66.7%,"97,398",1,1,일본,일본,(주)이수C&E
216,김비서는 정말 왜 그럴까? - 무삭제판,2021-01-13,"1,000",0.0%,"1,000",100.0%,"1,000",1,1,100.0%,1,1,1,한국,한국,(주)컨텐츠 빌리지
216,구멍새댁,2021-01-11,"6,000",0.0%,"6,000",100.0%,"6,000",1,1,100.0%,1,1,1,한국,한국,(주)영화사가을
216,D컵여자친구-무삭제,2021-01-13,"5,000",0.0%,"5,000",100.0%,"5,000",1,1,100.0%,1,1,1,한국,한국,스마일컨텐츠
229,투캅스,1993-12-18,0,0.0%,0,100.0%,"220,000",0,0,100.0%,41,1,1,한국,한국,
229,여고괴담,1998-05-30,0,0.0%,0,100.0%,"274,500",0,0,100.0%,41,1,1,한국,한국,
229,장군의 아들,1990-06-09,0,0.0%,0,100.0%,"5,959,000",0,0,100.0%,"2,974",1,1,한국,한국,
합계,,,"1,253,431,350",,,,"493,903,631,493","143,959",,,"61,494,155","5,687","38,348",,,
,,,,,,,,,,,,,,,,
●01주차 (2021년 01월 04일 ~ 2021년 01월 10일),,,,,,,,,,,,,,,,
순위,영화명,개봉일,매출액,매출액,매출액증감,매출액증감율,누적매출액,관객수,관객수증감,관객수증감율,누적관객수,스크린수,상영횟수,대표국적,국적,배급사
,,,,점유율,(전주대비),(전주대비),,,(전주대비),(전주대비),,,,,,
1,원더 우먼 1984,2020-12-23,"428,600,900",33.9%,"-952,677,560",-69.0%,"4,573,668,330","45,688","-111,903",-71.0%,"507,118","1,321","14,083",미국,미국,워너브러더스 코리아(주)
2,화양연화,2000-10-20,"147,520,030",11.7%,"-88,542,420",-37.5%,"654,251,280","16,000","-11,935",-42.7%,"75,798",447,"4,064",홍콩,"홍콩,프랑스",(주)디스테이션
3,조제,2020-12-10,"84,387,220",6.7%,"-95,888,880",-53.2%,"1,835,930,440","9,242","-12,367",-57.2%,"204,671",330,"2,559",한국,한국,워너브러더스 코리아(주)
4,도굴,2020-11-04,"62,902,780",5.0%,"-88,408,380",-58.4%,"13,892,937,470","6,915","-12,396",-64.2%,"1,537,800",254,"1,830",한국,한국,(주)씨제이이엔엠
5,뱅가드,2020-12-30,"56,071,400",4.4%,"-128,434,800",-69.6%,"240,577,600","6,307","-16,041",-71.8%,"28,655",194,"2,116",중국,중국,(주)디스테이션
6,미스터 존스,2021-01-07,"50,406,750",4.0%,"49,978,750",11677.3%,"50,834,750","5,618","5,568",11136.0%,"5,668",277,"1,258",폴란드,폴란드,(주)디오시네마
7,완벽한 가족,2021-01-06,"46,994,840",3.7%,"46,292,340",6589.7%,"47,697,340","5,229","5,161",7589.7%,"5,297",318,"1,793",미국,미국,(주)제이앤씨미디어그룹
8,빅풋 주니어2: 패밀리가 떴다,2021-01-06,"44,030,440",3.5%,"14,634,600",49.8%,"73,426,280","5,193","1,573",43.5%,"8,813",308,"1,218",기타,기타,(주)이수C&E
9,라라랜드,2016-12-07,"23,033,000",1.8%,"-9,471,000",-29.1%,"30,917,206,808","3,275","-1,342",-29.1%,"3,748,316",36,368,미국,미국,판씨네마(주)
10,걸,2021-01-07,"26,387,710",2.1%,"26,387,710",100.0%,"28,537,710","2,830","2,830",100.0%,"3,045",239,"1,046",독일,독일,(주)리틀빅픽쳐스
11,나이팅게일,2020-12-30,"21,559,770",1.7%,"-64,689,970",-75.0%,"107,809,510","2,507","-8,113",-76.4%,"13,127",217,"1,106",호주,호주,(주)제이앤씨미디어그룹
12,이웃사촌,2020-11-25,"22,394,950",1.8%,"-28,406,740",-55.9%,"3,691,324,650","2,418","-3,653",-60.2%,"429,559",125,819,한국,한국,"(주)리틀빅픽쳐스,(주)트리니티픽쳐스"
13,비긴 어게인,2014-08-13,"13,439,470",1.1%,"-9,783,940",-42.1%,"27,344,119,801","1,933","-1,415",-42.3%,"3,468,858",34,282,미국,미국,판씨네마(주)
14,굿바이,2008-10-30,"15,115,290",1.2%,"-17,866,260",-54.2%,"939,562,840","1,791","-1,922",-51.8%,"148,431",107,568,일본,일본,"(주)드림팩트엔터테인먼트,㈜케이디미디어"
15,런,2020-11-20,"15,952,420",1.3%,"-19,758,560",-55.3%,"2,592,195,300","1,788","-2,410",-57.4%,"282,358",72,459,미국,미국,(주)올스타엔터테인먼트
16,신과함께-죄와 벌,2017-12-20,"12,061,190",1.0%,"12,061,190",100.0%,"115,719,733,827","1,675","1,675",100.0%,"14,413,457",109,653,한국,한국,롯데쇼핑㈜롯데엔터테인먼트
17,극장판 바이올렛 에버가든,2020-11-12,"13,986,270",1.1%,"-11,896,160",-46.0%,"489,903,860","1,615","-1,603",-49.8%,"57,563",47,264,일본,일본,(주)라이크콘텐츠
18,러브레터,1999-11-20,"13,049,390",1.0%,"-16,033,120",-55.1%,"961,927,154","1,424","-1,933",-57.6%,"123,625",49,360,일본,일본,"와이드 릴리즈(주),(주)제이앤씨미디어그룹,(유)조이앤시네마,(주)팝엔터테인먼트"
19,100% 울프: 푸들이 될 순 없어,2020-12-24,"10,469,250",0.8%,"-37,950,440",-78.4%,"128,333,330","1,423","-4,900",-77.5%,"16,204",85,448,호주,호주,(주)팝엔터테인먼트
20,가을의 마티네,2020-12-31,"9,048,490",0.7%,"137,750",1.5%,"18,007,230","1,384",23,1.7%,"2,750",20,139,일본,일본,찬란
21,에이바,2020-09-09,"6,000,000",0.5%,"1,071,000",21.7%,"189,599,250","1,200",215,21.8%,"25,017",3,8,미국,미국,(주)제이앤씨미디어그룹
22,운디네,2020-12-24,"9,698,380",0.8%,"-12,763,110",-56.8%,"48,647,280","1,112","-1,528",-57.9%,"5,624",36,262,독일,독일,M&M 인터내셔널
23,소울,2021-01-20,"9,038,000",0.7%,"9,038,000",100.0%,"9,038,000","1,006","1,006",100.0%,"1,006",9,9,미국,미국,월트디즈니컴퍼니코리아 유한책임회사
24,800,2020-12-10,"5,300,200",0.4%,"4,369,200",469.3%,"141,123,700",954,838,722.4%,"16,558",13,41,중국,중국,"TCO(주)더콘텐츠온,(주)디스테이션"
25,래시 컴 홈,2021-01-07,"5,639,450",0.4%,"5,639,450",100.0%,"5,639,450",936,936,100.0%,936,13,46,독일,독일,찬란
26,썸머 85,2020-12-24,"8,192,930",0.6%,"-24,378,910",-74.8%,"80,120,610",882,"-2,980",-77.2%,"9,097",66,329,기타,기타,찬란
27,늑대와 춤을,1991-03-31,"8,613,900",0.7%,"8,613,900",100.0%,"8,945,900",806,806,100.0%,916,28,62,미국,미국,"(주)더세컨드웨이브,(주)영화특별시에스엠씨"
28,럭키 몬스터,2020-12-03,"4,716,300",0.4%,"-697,550",-12.9%,"38,231,580",784,-116,-12.9%,"5,026",11,34,한국,한국,(주)영화사 그램
29,미스터 보스,2020-12-30,"5,768,340",0.5%,"-21,806,580",-79.1%,"33,343,260",694,"-2,731",-79.7%,"4,119",101,327,한국,한국,"(주)스톰픽쳐스코리아,와이드 릴리즈(주)"
30,마라가 큰 결정을 해야 해,2021-01-07,"5,262,340",0.4%,"5,262,340",100.0%,"5,262,340",585,585,100.0%,585,79,310,미국,미국,(주)영화사오원
31,리플레이,2020-12-16,"4,607,290",0.4%,"-7,631,840",-62.4%,"99,348,470",535,"-1,056",-66.4%,"12,059",23,138,미국,미국,(주)다자인소프트
32,아웃포스트,2020-09-23,"2,500,000",0.2%,"2,500,000",100.0%,"431,033,870",500,500,100.0%,"51,881",1,2,미국,미국,(주)제이앤씨미디어그룹
33,천사는 바이러스,2021-01-06,"3,758,600",0.3%,"3,706,600",7128.1%,"3,848,600",459,451,5637.5%,476,44,197,한국,한국,주식회사 씨엠닉스
34,1917,2020-02-19,"3,121,000",0.2%,"-8,530,000",-73.2%,"7,930,823,460",450,"-1,329",-74.7%,"877,894",21,84,미국,미국,(주)스마일이엔티
35,"내 어깨 위 고양이, 밥 2",2020-12-24,"3,725,790",0.3%,"-15,674,470",-80.8%,"54,108,240",410,"-1,964",-82.7%,"6,242",43,169,영국,영국,(주)영화특별시에스엠씨
36,족벌 두 신문 이야기,2021-01-01,"2,529,000",0.2%,"-2,149,000",-45.9%,"7,207,000",328,-230,-41.2%,886,9,61,한국,한국,(주)엣나인필름
37,러브 액츄얼리,2003-12-05,"2,873,730",0.2%,"-11,858,500",-80.5%,"2,322,765,718",308,"-1,427",-82.2%,"327,129",29,93,미국,"미국,영국","(주)제이앤씨미디어그룹,와이드 릴리즈(주),UIP코리아,(유)조이앤시네마"
38,언플랜드,2020-12-17,"2,405,510",0.2%,"-8,807,480",-78.5%,"118,051,960",272,"-1,014",-78.8%,"13,738",21,95,미국,미국,(주)영화사오원
39,함께 있을 수 있다면,2020-12-24,"1,804,370",0.1%,"-4,620,970",-71.9%,"15,168,210",227,-621,-73.2%,"1,956",17,74,프랑스,프랑스,(주)영화사 진진
40,전쟁,2020-12-30,"1,390,770",0.1%,"-1,337,500",-49.0%,"4,119,040",210,-178,-45.9%,598,19,81,미국,미국,(주)제이앤씨미디어그룹
41,누군가 어디에서 나를 기다리면 좋겠다,2020-12-17,"1,564,200",0.1%,"-3,423,200",-68.6%,"27,451,550",189,-421,-69.0%,"3,394",14,56,프랑스,프랑스,(주)영화사 진진
42,미세스 잘주리 미스 안주리,2021-01-07,"935,000",0.1%,"935,000",100.0%,"935,000",170,170,100.0%,170,21,21,한국,한국,(주)컨텐츠 빌리지
43,블라인드,2021-01-14,"1,099,000",0.1%,"1,099,000",100.0%,"1,099,000",157,157,100.0%,157,2,2,네덜란드,네덜란드,주식회사 컨텐츠썬
44,부활: 그 증거,2020-10-08,"1,157,000",0.1%,"299,500",34.9%,"241,011,320",155,50,47.6%,"29,630",3,11,한국,한국,(주)영화사 진진
45,삼진그룹 영어토익반,2020-10-21,"1,191,700",0.1%,"-7,552,700",-86.4%,"13,984,390,170",128,"-1,329",-91.2%,"1,571,615",9,34,한국,한국,롯데컬처웍스(주)롯데엔터테인먼트
46,쇼걸,1995-11-18,"770,970",0.1%,"-7,087,040",-90.2%,"16,906,070",127,"-1,191",-90.4%,"2,937",4,18,미국,미국,"(주)콘텐츠패밀리,주식회사 풍경소리"
47,서복,2021-04-15,"875,000",0.1%,"875,000",100.0%,"875,000",125,125,100.0%,125,1,1,한국,한국,(주)씨제이이엔엠
48,피아니스트의 마지막 인터뷰,2020-11-19,"1,139,300",0.1%,"-449,780",-28.3%,"69,317,050",121,-58,-32.4%,"8,292",5,25,캐나다,캐나다,판씨네마(주)
49,가나의 혼인잔치: 언약,2020-11-26,"982,740",0.1%,"-2,445,450",-71.3%,"119,401,030",120,-275,-69.6%,"13,605",10,46,미국,미국,"(재)CBS,주식회사 블루필름웍스"
50,페이트 스테이 나이트 헤븐즈필 제3장 스프링 송,2020-10-22,"1,196,980",0.1%,"194,810",19.4%,"698,248,000",112,15,15.5%,"76,973",3,19,일본,일본,(주)애니플러스
50,테넷,2020-08-26,"1,088,720",0.1%,"-1,009,510",-48.1%,"18,399,207,210",112,-153,-57.7%,"1,992,467",4,39,미국,미국,워너브러더스 코리아(주)
52,뮤직 앤 리얼리티,2020-12-23,"967,440",0.1%,"-3,926,170",-80.2%,"12,564,690",108,-484,-81.8%,"1,430",11,43,한국,"한국,미국","(주)미로스페이스,(주)스튜디오 보난자"
53,베토벤 프로젝트,2020-07-12,"1,187,000",0.1%,"72,000",6.5%,"19,941,000",107,6,5.9%,"1,229",1,3,독일,독일,(주)케빈앤컴퍼니
54,요요현상,2021-01-14,"1,200,000",0.1%,"1,200,000",100.0%,"2,080,500",100,100,100.0%,226,1,2,한국,한국,영화배급협동조합 씨네소파
55,#아이엠히어,2021-01-14,"686,000",0.1%,"686,000",100.0%,"686,000",98,98,100.0%,98,2,2,프랑스,프랑스,(주)넥스트엔터테인먼트월드(NEW)
56,스웨그,2020-12-10,"908,590",0.1%,"-781,260",-46.2%,"27,356,350",97,-118,-54.9%,"2,883",1,9,한국,한국,(주)영화사오원
57,글루미 선데이,2000-10-21,"779,000",0.1%,"-44,000",-5.3%,"193,228,900",94,-7,-6.9%,"24,768",2,10,독일,독일,(주)팝엔터테인먼트
58,토스카,2020-12-01,"1,757,050",0.1%,"-468,950",-21.1%,"14,277,250",92,28,43.8%,463,8,15,이탈리아,이탈리아,일미디어
59,마지막 휴가,2020-12-10,"704,000",0.1%,"-284,000",-28.7%,"9,553,000",88,-36,-29.0%,"1,163",1,4,한국,한국,(주)드림팩트엔터테인먼트
60,장 미쉘 바스키아: 더 레이디언트 차일드,2020-12-09,"750,900",0.1%,"-115,100",-13.3%,"6,758,600",83,-19,-18.6%,736,8,50,미국,미국,롯데컬처웍스(주)롯데엔터테인먼트
61,라이어트: 기계들의 역습,2020-12-23,"400,000",0.0%,"-10,145,400",-96.2%,"11,900,900",80,"-2,009",-96.2%,"2,268",5,16,미국,미국,(주)노바이앤티
62,스윙키즈,2018-12-19,"869,200",0.1%,"869,200",100.0%,"12,095,539,492",78,78,100.0%,"1,473,203",1,5,한국,한국,(주)넥스트엔터테인먼트월드(NEW)
63,내언니전지현과 나,2020-12-03,"551,000",0.0%,"-40,000",-6.8%,"20,532,800",75,-3,-3.8%,"2,422",6,30,한국,한국,호우주의보
63,호프,2020-12-17,"549,000",0.0%,"-622,940",-53.2%,"30,388,010",75,-82,-52.2%,"3,586",5,24,기타,기타,(주)이놀미디어
65,겨울밤에,2020-12-10,"556,500",0.0%,"-785,500",-58.5%,"14,455,870",72,-99,-57.9%,"1,754",6,24,한국,한국,㈜인디스토리
65,레전더리 콘서트: 레너드 번스타인,2021-01-03,"2,162,000",0.2%,"399,000",22.6%,"3,925,000",72,3,4.3%,141,13,21,독일,독일,(주)케빈앤컴퍼니
67,사랑의 블랙홀,1993-12-04,"687,000",0.1%,"-789,500",-53.5%,"18,362,000",70,-121,-63.4%,"2,139",3,9,미국,미국,
68,레베카,,"375,000",0.0%,"375,000",100.0%,"37,143,800",69,69,100.0%,"5,590",1,2,미국,미국,
69,선샤인 패밀리,2020-12-31,"459,500",0.0%,"-1,405,570",-75.4%,"2,891,570",68,-141,-67.5%,340,14,35,한국,"한국,필리핀",시네마 뉴원
69,피델리오,2020-05-31,"767,000",0.1%,"248,000",47.8%,"12,516,800",68,23,51.1%,568,1,4,독일,독일,(주)케빈앤컴퍼니
71,펀치 드렁크 러브,2003-05-08,"668,000",0.1%,"-923,000",-58.0%,"32,452,400",62,-108,-63.5%,"3,645",2,6,미국,미국,콜럼비아트라이스타
72,너튜브 : 3인의 맛집,2021-01-08,"300,000",0.0%,"300,000",100.0%,"300,000",60,60,100.0%,60,1,1,한국,한국,(주)담화
72,맛동생,2021-01-08,"300,000",0.0%,"300,000",100.0%,"300,000",60,60,100.0%,60,1,1,한국,한국,(주)담화
72,2020년 마지막 섹스,2021-01-07,"300,000",0.0%,"300,000",100.0%,"300,000",60,60,100.0%,60,1,1,한국,한국,케이엘 픽쳐스
72,18 클럽녀 새봄의 섹스 파티,2021-01-04,"300,000",0.0%,"300,000",100.0%,"300,000",60,60,100.0%,60,1,1,한국,한국,케이엘 픽쳐스
72,구멍청소부,2021-01-06,"300,000",0.0%,"300,000",100.0%,"300,000",60,60,100.0%,60,1,1,일본,일본,(주)라온컴퍼니플러스
72,소녀 소리를 보는 소녀,2021-01-08,"300,000",0.0%,"300,000",100.0%,"300,000",60,60,100.0%,60,1,1,한국,한국,(주)가온콘텐츠
72,마녀 마음을 듣는 소녀,2021-01-08,"300,000",0.0%,"300,000",100.0%,"300,000",60,60,100.0%,60,1,1,한국,한국,(주)가온콘텐츠
72,붉은 눈,2020-12-24,"300,000",0.0%,"-400,000",-57.1%,"1,800,000",60,-80,-57.1%,360,1,3,일본,일본,(주)미디어캐슬
72,우리 청춘 후회 없다,,"390,000",0.0%,"390,000",100.0%,"390,000",60,60,100.0%,60,1,2,일본,일본,
81,소년시절의 너,2020-07-09,"310,000",0.0%,"-622,500",-66.8%,"622,785,500",56,-92,-62.2%,"73,638",1,5,중국,중국,"(주)영화특별시에스엠씨,(주)콘텐츠패밀리"
81,철도원,2000-02-04,"370,000",0.0%,"-546,000",-59.6%,"10,755,000",56,-87,-60.8%,"2,136",2,13,일본,일본,
83,나는 결백하다,,"137,500",0.0%,"137,500",100.0%,"12,118,500",53,53,100.0%,"5,278",1,6,미국,미국,동양물산
84,오케이 마담,2020-08-12,"350,000",0.0%,"350,000",100.0%,"10,981,950,110",50,50,100.0%,"1,229,018",1,1,한국,한국,메가박스중앙(주)플러스엠
84,마틴 에덴,2020-10-29,"298,000",0.0%,"93,000",45.4%,"142,671,430",50,21,72.4%,"15,474",2,15,이탈리아,이탈리아,알토미디어(주)
86,잔칫날,2020-12-02,"397,570",0.0%,"-63,530",-13.8%,"86,221,060",49,-15,-23.4%,"11,138",4,16,한국,한국,(주)트리플픽쳐스
86,하트,2020-02-27,"401,000",0.0%,"83,000",26.1%,"7,534,500",49,7,16.7%,972,3,10,한국,한국,필름다빈
86,달콤한 인생,,"513,000",0.0%,"269,000",110.2%,"13,543,000",49,17,53.1%,"4,223",1,2,이탈리아,"이탈리아,프랑스",
86,사라센의 칼,2021-01-14,"539,000",0.0%,"539,000",100.0%,"539,000",49,49,100.0%,49,1,1,한국,한국,(주)콘텐츠윙
86,귀여운 남자,2021-01-14,"441,000",0.0%,"441,000",100.0%,"441,000",49,49,100.0%,49,1,1,한국,한국,(주)드림팩트엔터테인먼트
91,극장판 바다 탐험대 옥토넛 : 대산호초 보호작전,2020-11-12,"318,000",0.0%,"-914,500",-74.2%,"173,193,500",47,-138,-74.6%,"25,758",6,19,영국,영국,와이드 릴리즈(주)
92,연애편지,,"277,000",0.0%,"277,000",100.0%,"277,000",45,45,100.0%,45,1,1,일본,일본,
92,닥터 지바고,1978-01-01,"225,000",0.0%,"225,000",100.0%,"37,119,500",45,45,100.0%,"16,880",1,1,미국,미국,
94,라 보엠,2020-11-29,"1,068,700",0.1%,"-102,300",-8.7%,"9,386,700",42,-4,-8.7%,365,6,9,독일,독일,(주)케빈앤컴퍼니
94,파티마의 기적,2020-12-03,"323,000",0.0%,"-1,376,000",-81.0%,"133,557,100",42,-185,-81.5%,"16,671",5,18,미국,미국,(주)디스테이션
96,극장판 기븐,2020-11-26,"413,870",0.0%,"-94,630",-18.6%,"33,807,660",41,-14,-25.5%,"3,892",3,14,일본,일본,(주)애니플러스
97,남매의 여름밤,2020-08-20,"349,000",0.0%,"48,000",15.9%,"180,153,602",39,-5,-11.4%,"21,674",2,8,한국,한국,그린나래미디어(주)
97,"딸, 아내, 엄마",,"255,000",0.0%,"255,000",100.0%,"1,241,000",39,39,100.0%,210,1,1,일본,일본,
97,석류의 빛깔,,"220,000",0.0%,"54,000",32.5%,"2,633,000",39,8,25.8%,452,1,1,소련,소련,
97,노트북,2004-11-26,"426,000",0.0%,"-151,600",-26.2%,"4,635,785,200",39,-26,-40.0%,"651,366",2,7,미국,미국,"(주)퍼스트런,TCO(주)더콘텐츠온,글뫼 주식회사,CJ ENM"
97,밈 전쟁: 개구리 페페 구하기,,"427,000",0.0%,"276,000",182.8%,"683,000",39,17,77.3%,76,1,1,미국,미국,주식회사 왓챠
102,달이 떠오른다,,"233,000",0.0%,"233,000",100.0%,"233,000",38,38,100.0%,38,1,1,일본,일본,
102,토탈 이클립스,1995-12-02,"204,000",0.0%,"204,000",100.0%,"204,000",38,38,100.0%,38,1,1,영국,"영국,프랑스,벨기에",
102,평범한 연인들,,"207,000",0.0%,"147,000",245.0%,"2,485,000",38,28,280.0%,432,1,2,프랑스,프랑스,
105,미스터 로버츠,,"90,000",0.0%,"90,000",100.0%,"1,108,000",36,36,100.0%,545,1,3,,,
106,해리가 샐리를 만났을 때,1989-11-18,"363,500",0.0%,"-850,000",-70.0%,"185,343,700",35,-94,-72.9%,"22,692",2,6,미국,미국,"(주)키다리이엔티,콜럼비아 픽쳐스 코포레이션"
107,여자들만의 밤,,"215,000",0.0%,"215,000",100.0%,"215,000",34,34,100.0%,34,1,1,일본,일본,
107,뜨거운 것이 좋아,,"383,500",0.0%,"-898,500",-70.1%,"28,713,000",34,-114,-77.0%,"8,671",2,5,미국,미국,
107,모로코로 가는 길,,"68,000",0.0%,"68,000",100.0%,"2,396,000",34,34,100.0%,"1,198",1,8,미국,미국,
107,4시의 악마,,"68,000",0.0%,"68,000",100.0%,"670,000",34,34,100.0%,335,1,6,미국,미국,
107,리골레토,2013-09-28,"873,500",0.1%,"873,500",100.0%,"28,270,500",34,34,100.0%,"1,116",5,5,미국,미국,(주) 인스터 글로벌
112,편지,,"158,000",0.0%,"119,500",310.4%,"284,500",32,21,190.9%,87,1,1,미국,미국,
113,여자라는 것,,"193,000",0.0%,"193,000",100.0%,"193,000",30,30,100.0%,30,1,1,일본,일본,
113,피아노,1993-09-25,"159,000",0.0%,"31,000",24.2%,"30,619,500",30,5,20.0%,"5,608",1,1,호주,호주,(주)팝엔터테인먼트
115,프록시마 프로젝트,2020-10-15,"159,000",0.0%,"-27,000",-14.5%,"37,294,750",29,-1,-3.3%,"4,331",1,7,프랑스,프랑스,(주)영화사 진진
115,에듀케이션,2020-11-26,"244,000",0.0%,"47,000",23.9%,"8,506,670",29,3,11.5%,"1,028",2,6,한국,한국,영화배급협동조합 씨네소파
115,블루 재스민,2013-09-25,"246,000",0.0%,"246,000",100.0%,"1,059,573,500",29,29,100.0%,"144,693",3,10,미국,미국,(주)인벤트스톤
118,찬실이는 복도 많지,2020-03-05,"203,000",0.0%,"-169,000",-45.4%,"250,958,830",27,-33,-55.0%,"29,255",3,6,한국,한국,찬란
119,가스등,,"134,000",0.0%,"-73,000",-35.3%,"9,679,000",25,-13,-34.2%,"4,438",1,1,미국,미국,
119,동경의 황혼,,"173,000",0.0%,"173,000",100.0%,"5,120,000",25,25,100.0%,840,1,1,일본,일본,
121,교실 안의 야크,2020-09-30,"119,500",0.0%,"50,030",72.0%,"93,672,210",24,13,118.2%,"11,048",2,5,기타,기타,주식회사 슈아픽처스
121,그날이 온다,2020-12-09,"24,000",0.0%,"-214,000",-89.9%,"12,179,850",24,0,0.0%,"1,339",10,24,영국,영국,(주)제이앤씨미디어그룹
121,전쟁과 애욕,,"48,000",0.0%,"-10,000",-17.2%,"3,612,000",24,-5,-17.2%,"1,732",1,3,미국,미국,
121,media art work screening 열다섯 번째 정기 상영회,,"96,000",0.0%,"96,000",100.0%,"96,000",24,24,100.0%,24,1,1,한국,한국,
125,갇힌 여인,2005-12-23,"120,000",0.0%,"-40,000",-25.0%,"12,260,000",23,-7,-23.3%,"1,881",1,1,프랑스,"프랑스,벨기에",(주)이모션픽처스
125,오긴,,"144,000",0.0%,"144,000",100.0%,"144,000",23,23,100.0%,23,1,1,일본,일본,
127,일 포스티노,1996-03-09,"121,000",0.0%,"-122,000",-50.2%,"113,745,100",22,-27,-55.1%,"15,202",1,1,이탈리아,"이탈리아,프랑스",(주)영화사 진진
127,제리 맥과이어,1997-02-01,"154,000",0.0%,"154,000",100.0%,"40,279,400",22,22,100.0%,"5,480",1,4,미국,미국,(주)피터팬픽쳐스
127,꽁치의 맛,,"154,000",0.0%,"154,000",100.0%,"8,452,000",22,22,100.0%,"1,292",1,1,일본,일본,
127,달빛 아래서,,"44,000",0.0%,"-2,000",-4.3%,"4,794,000",22,-1,-4.3%,"2,392",1,3,미국,미국,
131,아비정전,1990-12-22,"130,500",0.0%,"-255,500",-66.2%,"168,513,100",21,-32,-60.4%,"24,073",1,3,홍콩,홍콩,(주)디스테이션
132,용병: 에라스모를 지켜라,,"100,000",0.0%,"100,000",100.0%,"100,000",20,20,100.0%,20,1,1,미국,미국,
132,페럴 월드,,"100,000",0.0%,"100,000",100.0%,"100,000",20,20,100.0%,20,1,1,미국,미국,
134,블루 벨벳,1992-10-17,"102,000",0.0%,"-23,000",-18.4%,"42,940,900",19,-3,-13.6%,"5,292",1,1,미국,미국,(주)유로커뮤니케이션
134,피안화,,"126,000",0.0%,"126,000",100.0%,"4,266,332",19,19,100.0%,682,1,1,일본,일본,
134,작은 빛,2020-01-23,"95,000",0.0%,"95,000",100.0%,"17,158,960",19,19,100.0%,"2,236",1,6,한국,한국,(주)시네마달
137,처제 왜 거기서 나와,,"90,000",0.0%,"90,000",100.0%,"90,000",18,18,100.0%,18,1,1,한국,한국,(주)나우콘텐츠
137,제저벨,,"85,000",0.0%,"50,000",142.9%,"372,000",18,11,157.1%,78,1,1,,,
137,오르페우스,,"96,000",0.0%,"23,000",31.5%,"2,025,000",18,5,38.5%,874,1,1,프랑스,프랑스,
137,미망인의 음탕한 냄새: 침묵의 절정,,"90,000",0.0%,"90,000",100.0%,"90,000",18,18,100.0%,18,1,1,일본,일본,(주)씨맥스커뮤니케이션즈
137,잘못 먹은 처제,,"90,000",0.0%,"90,000",100.0%,"90,000",18,18,100.0%,18,1,1,일본,일본,(주)씨맥스커뮤니케이션즈
142,애비규환,2020-11-12,"128,000",0.0%,"-99,000",-43.6%,"207,138,800",16,-18,-52.9%,"22,763",3,5,한국,한국,(주)리틀빅픽쳐스
142,담보,2020-09-29,"130,500",0.0%,"-146,000",-52.8%,"14,749,092,050",16,-20,-55.6%,"1,719,550",3,10,한국,한국,(주)씨제이이엔엠
142,그리고 우린 춤을 추었다,2020-11-25,"152,970",0.0%,"-401,470",-72.4%,"53,174,810",16,-56,-77.8%,"6,042",1,4,프랑스,프랑스,(주)엣나인필름
145,작은 여우들,,"81,000",0.0%,"-28,000",-25.7%,"1,043,000",15,-6,-28.6%,242,1,1,미국,미국,
145,봉쇄수도원 카르투시오,2020-11-19,"150,000",0.0%,"-229,970",-60.5%,"40,540,180",15,-34,-69.4%,"4,768",2,12,한국,한국,커넥트픽쳐스(주)
145,밴드 웨건,,"30,000",0.0%,"30,000",100.0%,"4,360,000",15,15,100.0%,"2,167",1,3,미국,미국,
145,"싸이더:애,심",,"40,000",0.0%,"-87,000",-68.5%,"681,000",15,-26,-63.4%,223,1,4,한국,한국,주식회사 씨엠닉스
149,루비 스팍스,2018-05-10,"96,000",0.0%,"96,000",100.0%,"262,543,400",14,14,100.0%,"29,822",1,4,미국,미국,(주)팝엔터테인먼트
150,살아남은 사람들,2021-02-10,"115,000",0.0%,"-212,500",-64.9%,"1,892,500",13,-32,-71.1%,264,1,1,헝가리,헝가리,알토미디어(주)
150,당신이 잠든 사이에,1995-05-13,"119,000",0.0%,"-322,000",-73.0%,"16,344,400",13,-38,-74.5%,"1,741",1,3,미국,미국,
152,퍼스트 러브,2020-12-17,"113,500",0.0%,"-2,259,000",-95.2%,"34,755,500",12,-292,-96.1%,"3,998",2,5,일본,일본,와이드 릴리즈(주)
152,가을 햇살,,"82,000",0.0%,"82,000",100.0%,"5,628,000",12,12,100.0%,867,1,1,일본,일본,
154,블러드하운드,2021-01-07,"65,000",0.0%,"65,000",100.0%,"65,000",11,11,100.0%,11,5,11,미국,미국,(주)퍼스트런
154,호프만 이야기,,"63,000",0.0%,"-82,000",-56.6%,"2,365,000",11,-17,-60.7%,345,1,1,영국,영국,
156,존 윅 3: 파라벨룸,2019-06-26,"64,500",0.0%,"-564,900",-89.8%,"8,234,819,358",9,-69,-88.5%,"1,007,383",1,3,미국,미국,"(주)제이앤씨미디어그룹,TCO(주)더콘텐츠온"
156,퐁네프의 연인들,1992-04-18,"74,000",0.0%,"-184,000",-71.3%,"68,930,200",9,-32,-78.0%,"8,771",1,3,프랑스,프랑스,오드
158,타오르는 여인의 초상,2020-01-16,"62,000",0.0%,"26,000",72.2%,"1,257,892,838",8,2,33.3%,"149,427",1,3,프랑스,프랑스,"그린나래미디어(주),(주)홈초이스"
159,버든: 세상을 바꾸는 힘,2020-11-25,"7,000",0.0%,"-15,000",-68.2%,"18,777,570",7,-15,-68.2%,"2,278",1,7,미국,미국,(주)제이앤씨미디어그룹
159,나의 인생여행,2020-12-10,"35,000",0.0%,"-125,000",-78.1%,"4,807,210",7,-15,-68.2%,600,1,7,영국,영국,(주)라이크콘텐츠
159,머리카락,2020-12-10,"51,000",0.0%,"-82,000",-61.7%,"2,563,670",7,-12,-63.2%,287,2,5,한국,한국,"목영이엔엠,(주)다자인소프트"
159,포획,,"32,000",0.0%,"-56,000",-63.6%,"263,000",7,-9,-56.3%,51,1,1,미국,미국,
159,공작부인,,"39,000",0.0%,"39,000",100.0%,"2,048,000",7,7,100.0%,998,1,1,미국,미국,
164,제국,1997-11-01,"6,000",0.0%,"-8,000",-57.1%,"32,000",6,-8,-57.1%,32,2,6,중국,중국,(주)제이앤씨미디어그룹
164,카일라스 가는 길,2020-09-03,"24,000",0.0%,"24,000",100.0%,"71,314,540",6,6,100.0%,"9,395",1,1,한국,한국,(주)영화사 진진
164,안티고네,2020-11-19,"52,970",0.0%,"-430,970",-89.1%,"89,493,860",6,-57,-90.5%,"10,201",1,1,캐나다,캐나다,"그린나래미디어(주),(주)키다리이엔티"
167,하나와 앨리스,2004-11-17,"36,000",0.0%,"-54,000",-60.0%,"590,361,000",5,-9,-64.3%,"92,933",1,1,일본,일본,"(주)미디어캐슬,(주)팝엔터테인먼트,쇼이스트(주)"
167,탱크 투 베를린,2020-12-23,"5,000",0.0%,"-637,500",-99.2%,"1,498,740",5,-81,-94.2%,204,1,5,러시아,러시아,(주)제이앤씨미디어그룹
167,윤희에게,2019-11-14,"45,000",0.0%,"-62,000",-57.9%,"976,720,609",5,-8,-61.5%,"122,698",1,2,한국,한국,(주)리틀빅픽쳐스
170,아이들의 시간,,"24,000",0.0%,"-14,000",-36.8%,"62,000",4,-4,-50.0%,12,1,1,미국,미국,
170,로맨틱 코미디,2020-12-03,"24,000",0.0%,"5,000",26.3%,"5,672,040",4,1,33.3%,658,1,3,미국,미국,(주)영화사 안다미로
170,스페셜 솔져,2020-12-22,"4,000",0.0%,"-10,000",-71.4%,"33,000",4,-10,-71.4%,33,2,4,폴란드,폴란드,(유)조이앤시네마
173,극장판 미니특공대: 햄버거괴물의 습격,2020-09-30,"24,000",0.0%,"-233,940",-90.7%,"466,054,020",3,-30,-90.9%,"57,882",1,1,한국,한국,(주)리틀빅픽쳐스
173,극장판 포켓몬스터 뮤츠의 역습 EVOLUTION,2020-09-30,"21,000",0.0%,"-161,000",-88.5%,"780,582,310",3,-22,-88.0%,"97,397",1,2,일본,일본,(주)이수C&E
173,라 트라비아타,,"105,000",0.0%,"105,000",100.0%,"105,000",3,3,100.0%,3,1,2,이탈리아,이탈리아,일미디어
173,테스와 보낸 여름,2020-09-10,"12,000",0.0%,"12,000",100.0%,"91,030,250",3,3,100.0%,"10,195",1,1,네덜란드,네덜란드,(주)팝엔터테인먼트
173,산티아고의 흰 지팡이,2020-03-19,"22,000",0.0%,"-246,000",-91.8%,"22,477,270",3,-42,-93.3%,"3,445",1,7,한국,한국,제이리미디어
178,도망친 여자,2020-09-17,"17,000",0.0%,"-63,000",-78.8%,"86,507,240",2,-7,-77.8%,"10,276",1,2,한국,한국,"(주)영화제작전원사 ,(주)콘텐츠판다"
178,"조제, 호랑이 그리고 물고기들",2004-10-29,"15,000",0.0%,"-104,000",-87.4%,"523,163,636",2,-12,-85.7%,"76,019",2,2,일본,일본,"(주)디스테이션,(주)프레인글로벌,(주)스폰지이엔티"
180,파이널 리벤지,2021-01-09,"1,000",0.0%,"1,000",100.0%,"1,000",1,1,100.0%,1,1,1,터키,터키,(주)스토리제이
180,율이와 슬이,,"6,000",0.0%,"6,000",100.0%,"6,000",1,1,100.0%,1,1,1,한국,한국,(주)메이크아트
180,온천장 붕가붕가,2021-01-06,"1,000",0.0%,"1,000",100.0%,"1,000",1,1,100.0%,1,1,1,일본,일본,주식회사 미콘
180,가슴큰친구누나들-무삭제,2021-01-06,"5,000",0.0%,"5,000",100.0%,"5,000",1,1,100.0%,1,1,1,한국,한국,스마일컨텐츠
180,이스트 드래곤: 고대 왕릉의 비밀,,"1,000",0.0%,"1,000",100.0%,"1,000",1,1,100.0%,1,1,1,중국,중국,
180,내 아내의 스캔들,2021-01-08,"6,000",0.0%,"6,000",100.0%,"6,000",1,1,100.0%,1,1,1,일본,일본,(주)영진크리에이티브
180,젊은형수:한 번 해볼래?,2021-01-08,"6,000",0.0%,"6,000",100.0%,"6,000",1,1,100.0%,1,1,1,일본,일본,(주)영진크리에이티브
180,쾌락마사지:낯선 남자들의 손기술,2021-01-08,"6,000",0.0%,"6,000",100.0%,"6,000",1,1,100.0%,1,1,1,일본,일본,(주)영진크리에이티브
180,O형수박가슴가정부,2021-01-08,"5,000",0.0%,"5,000",100.0%,"5,000",1,1,100.0%,1,1,1,한국,한국,스마일컨텐츠
180,친구엄마들 3,2021-01-05,"6,000",0.0%,"6,000",100.0%,"6,000",1,1,100.0%,1,1,1,한국,한국,(주)영화사가을
180,섹귀 : 섹스에 미친 귀신들,2021-01-06,"6,000",0.0%,"6,000",100.0%,"6,000",1,1,100.0%,1,1,1,한국,한국,주식회사 플릭스코
180,바람난 아내:남편상사와 아찔한 섹스,2021-01-04,"6,000",0.0%,"6,000",100.0%,"6,000",1,1,100.0%,1,1,1,일본,일본,(주)영진크리에이티브
180,캡틴 판타스틱,2016-11-30,"8,000",0.0%,"8,000",100.0%,"123,939,700",1,1,100.0%,"16,187",1,1,미국,미국,"(주)팝엔터테인먼트,주식회사 더쿱"
180,음란한 유부녀들:남편친구와 정사,2021-01-04,"6,000",0.0%,"6,000",100.0%,"6,000",1,1,100.0%,1,1,1,일본,일본,(주)영진크리에이티브
180,음탕한 유부녀의 밀회,2021-01-04,"6,000",0.0%,"6,000",100.0%,"6,000",1,1,100.0%,1,1,1,일본,일본,(주)영진크리에이티브
180,삼촌의 여자들 무삭제,2021-01-07,"6,000",0.0%,"6,000",100.0%,"6,000",1,1,100.0%,1,1,1,한국,한국,(주)영화사가을
180,가슴이 이쁜 그녀와 섹스판타지,2021-01-05,"6,000",0.0%,"6,000",100.0%,"6,000",1,1,100.0%,1,1,1,일본,일본,(주)빅콘미디어
180,음탕한 슬렌더 그녀,2021-01-05,"6,000",0.0%,"6,000",100.0%,"6,000",1,1,100.0%,1,1,1,일본,일본,(주)빅콘미디어
180,그녀의 은밀한 아르바이트,2021-01-04,"6,000",0.0%,"6,000",100.0%,"6,000",1,1,100.0%,1,1,1,일본,일본,(주)영진크리에이티브
180,무적 철교삼,,"1,000",0.0%,"1,000",100.0%,"1,000",1,1,100.0%,1,1,1,중국,중국,(주)위즈덤필름
180,프리키 데스데이,2020-11-25,"10,000",0.0%,"-957,970",-99.0%,"451,260,690",1,-188,-99.5%,"51,816",1,1,미국,미국,유니버설픽쳐스인터내셔널 코리아(유)
180,다 해주는 친구엄마,2021-01-08,"6,000",0.0%,"6,000",100.0%,"6,000",1,1,100.0%,1,1,1,일본,일본,(주)영진크리에이티브
202,장군의 아들,1990-06-09,0,0.0%,0,100.0%,"5,959,000",0,0,100.0%,"2,974",1,1,한국,한국,
202,투캅스,1993-12-18,0,0.0%,0,100.0%,"220,000",0,0,100.0%,41,1,1,한국,한국,
202,주유소 습격사건,1999-10-02,0,0.0%,0,100.0%,0,0,0,100.0%,0,1,1,한국,한국,(주)시네마서비스
합계,,,"1,262,978,830",,,,"310,503,653,335","142,982",,,"37,575,247","5,536","38,898",,,
,,,,,,,,,,,,,,,,
●53주차 (2020년 12월 28일 ~ 2021년 01월 03일),,,,,,,,,,,,,,,,
순위,영화명,개봉일,매출액,매출액,매출액증감,매출액증감율,누적매출액,관객수,관객수증감,관객수증감율,누적관객수,스크린수,상영횟수,대표국적,국적,배급사
,,,,점유율,(전주대비),(전주대비),,,(전주대비),(전주대비),,,,,,
1,원더 우먼 1984,2020-12-23,"1,381,278,460",48.6%,"-1,380,710,510",-50.0%,"4,145,067,430","157,591","-146,128",-48.1%,"461,430","1,971","28,789",미국,미국,워너브러더스 코리아(주)
2,화양연화,2000-10-20,"236,062,450",8.3%,"58,329,150",32.8%,"506,731,250","27,935","8,647",44.8%,"59,798",444,"4,129",홍콩,"홍콩,프랑스",(주)디스테이션
3,뱅가드,2020-12-30,"184,506,200",6.5%,"184,506,200",100.0%,"184,506,200","22,348","22,348",100.0%,"22,348",265,"2,518",중국,중국,(주)디스테이션
4,조제,2020-12-10,"180,276,100",6.3%,"-127,468,470",-41.4%,"1,751,543,220","21,609","-12,781",-37.2%,"195,429",497,"4,495",한국,한국,워너브러더스 코리아(주)
5,도굴,2020-11-04,"151,311,160",5.3%,"-64,441,540",-29.9%,"13,830,034,690","19,311","-10,903",-36.1%,"1,530,885",348,"2,599",한국,한국,(주)씨제이이엔엠
6,나이팅게일,2020-12-30,"86,249,740",3.0%,"86,249,740",100.0%,"86,249,740","10,620","10,620",100.0%,"10,620",329,"2,040",호주,호주,(주)제이앤씨미디어그룹
7,100% 울프: 푸들이 될 순 없어,2020-12-24,"48,419,690",1.7%,"-21,024,700",-30.3%,"117,864,080","6,323","-2,135",-25.2%,"14,781",220,"1,262",호주,호주,(주)팝엔터테인먼트
8,이웃사촌,2020-11-25,"50,801,690",1.8%,"-64,309,530",-55.9%,"3,668,929,700","6,071","-7,026",-53.6%,"427,141",237,"1,383",한국,한국,"(주)리틀빅픽쳐스,(주)트리니티픽쳐스"
9,라라랜드,2016-12-07,"32,504,000",1.1%,"30,198,100",1309.6%,"30,894,173,808","4,617","4,356",1669.0%,"3,745,041",35,216,미국,미국,판씨네마(주)
10,런,2020-11-20,"35,710,980",1.3%,"-34,397,700",-49.1%,"2,576,242,880","4,198","-3,744",-47.1%,"280,570",141,791,미국,미국,(주)올스타엔터테인먼트
11,썸머 85,2020-12-24,"32,571,840",1.1%,"-4,140,500",-11.3%,"71,927,680","3,862",-212,-5.2%,"8,215",117,717,기타,기타,찬란
12,굿바이,2008-10-30,"32,981,550",1.2%,"32,691,550",11272.9%,"924,447,550","3,713","3,669",8338.6%,"146,640",139,581,일본,일본,"(주)드림팩트엔터테인먼트,㈜케이디미디어"
13,빅풋 주니어2: 패밀리가 떴다,2021-01-06,"29,395,840",1.0%,"29,395,840",100.0%,"29,395,840","3,620","3,620",100.0%,"3,620",236,767,기타,기타,(주)이수C&E
14,미스터 보스,2020-12-30,"27,574,920",1.0%,"27,574,920",100.0%,"27,574,920","3,425","3,425",100.0%,"3,425",226,"1,011",한국,한국,"(주)스톰픽쳐스코리아,와이드 릴리즈(주)"
15,러브레터,1999-11-20,"29,082,510",1.0%,"-3,591,510",-11.0%,"948,877,764","3,357",-249,-6.9%,"122,201",103,550,일본,일본,"와이드 릴리즈(주),(주)제이앤씨미디어그룹,(유)조이앤시네마,(주)팝엔터테인먼트"
16,비긴 어게인,2014-08-13,"23,223,410",0.8%,"23,197,410",89220.8%,"27,330,680,331","3,348","3,344",83600.0%,"3,466,925",34,195,미국,미국,판씨네마(주)
17,극장판 바이올렛 에버가든,2020-11-12,"25,882,430",0.9%,"7,050,760",37.4%,"475,917,590","3,218",940,41.3%,"55,948",51,305,일본,일본,(주)라이크콘텐츠
18,운디네,2020-12-24,"22,461,490",0.8%,"8,147,080",56.9%,"38,948,900","2,640",976,58.7%,"4,512",38,287,독일,독일,M&M 인터내셔널
19,"내 어깨 위 고양이, 밥 2",2020-12-24,"19,400,260",0.7%,"-11,581,930",-37.4%,"50,382,450","2,374","-1,084",-31.3%,"5,832",161,694,영국,영국,(주)영화특별시에스엠씨
20,라이어트: 기계들의 역습,2020-12-23,"10,545,400",0.4%,"9,589,900",1003.7%,"11,500,900","2,089","1,990",2010.1%,"2,188",52,102,미국,미국,(주)노바이앤티
21,1917,2020-02-19,"11,651,000",0.4%,"-3,055,000",-20.8%,"7,927,702,460","1,779",-334,-15.8%,"877,444",32,149,미국,미국,(주)스마일이엔티
22,러브 액츄얼리,2003-12-05,"14,732,230",0.5%,"-32,537,770",-68.8%,"2,319,891,988","1,735","-3,541",-67.1%,"326,821",64,351,미국,"미국,영국","(주)제이앤씨미디어그룹,와이드 릴리즈(주),UIP코리아,(유)조이앤시네마"
23,리플레이,2020-12-16,"12,239,130",0.4%,"-22,252,080",-64.5%,"94,741,180","1,591","-2,785",-63.6%,"11,524",30,221,미국,미국,(주)다자인소프트
24,삼진그룹 영어토익반,2020-10-21,"8,744,400",0.3%,"5,475,880",167.5%,"13,983,198,470","1,457","1,065",271.7%,"1,571,487",22,87,한국,한국,롯데컬처웍스(주)롯데엔터테인먼트
25,가을의 마티네,2020-12-31,"8,910,740",0.3%,"8,910,740",100.0%,"8,958,740","1,361","1,361",100.0%,"1,366",19,73,일본,일본,찬란
26,쇼걸,1995-11-18,"7,858,010",0.3%,"-81,080",-1.0%,"16,135,100","1,318",-5,-0.4%,"2,810",20,61,미국,미국,"(주)콘텐츠패밀리,주식회사 풍경소리"
27,언플랜드,2020-12-17,"11,212,990",0.4%,"-18,056,730",-61.7%,"115,646,450","1,286","-2,043",-61.4%,"13,466",49,268,미국,미국,(주)영화사오원
28,폰조,2020-10-14,"5,754,000",0.2%,"5,754,000",100.0%,"217,513,310","1,150","1,150",100.0%,"26,533",3,6,미국,미국,(주)키다리이엔티
29,럭키 몬스터,2020-12-03,"5,413,850",0.2%,"798,940",17.3%,"33,515,280",900,144,19.0%,"4,242",13,78,한국,한국,(주)영화사 그램
30,함께 있을 수 있다면,2020-12-24,"6,425,340",0.2%,"-513,160",-7.4%,"13,363,840",848,-33,-3.7%,"1,729",27,151,프랑스,프랑스,(주)영화사 진진
31,작은 아씨들,2020-02-12,"4,615,000",0.2%,"-3,163,500",-40.7%,"7,283,877,330",695,-429,-38.2%,"864,782",28,76,미국,미국,소니픽쳐스엔터테인먼트코리아주식회사극장배급지점
32,누군가 어디에서 나를 기다리면 좋겠다,2020-12-17,"4,987,400",0.2%,"-2,872,370",-36.5%,"25,887,350",610,-373,-37.9%,"3,205",16,98,프랑스,프랑스,(주)영화사 진진
33,뮤직 앤 리얼리티,2020-12-23,"4,893,610",0.2%,"-973,030",-16.6%,"11,597,250",592,-45,-7.1%,"1,322",37,146,한국,"한국,미국","(주)미로스페이스,(주)스튜디오 보난자"
34,지푸라기라도 잡고 싶은 짐승들,2020-02-19,"3,602,000",0.1%,"-1,573,000",-30.4%,"5,457,014,750",582,-179,-23.5%,"628,977",30,82,한국,한국,메가박스중앙(주)플러스엠
35,족벌 두 신문 이야기,2021-01-01,"4,678,000",0.2%,"4,678,000",100.0%,"4,678,000",558,558,100.0%,558,10,32,한국,한국,(주)엣나인필름
36,걸후드,2020-11-12,"2,020,000",0.1%,"2,020,000",100.0%,"104,726,500",404,404,100.0%,"12,153",1,2,프랑스,프랑스,(주)영화특별시에스엠씨
37,가나의 혼인잔치: 언약,2020-11-26,"3,428,190",0.1%,"-3,257,350",-48.7%,"118,418,290",395,-327,-45.3%,"13,485",18,126,미국,미국,"(재)CBS,주식회사 블루필름웍스"
38,전쟁,2020-12-30,"2,728,270",0.1%,"2,728,270",100.0%,"2,728,270",388,388,100.0%,388,35,141,미국,미국,(주)제이앤씨미디어그룹
39,나이스 걸 라이크 유,2020-11-18,"2,916,000",0.1%,"2,916,000",100.0%,"48,068,200",324,324,100.0%,"5,720",2,2,미국,미국,(주)영화사 빅
40,퍼스트 러브,2020-12-17,"2,372,500",0.1%,"-6,665,310",-73.7%,"34,642,000",304,-758,-71.4%,"3,986",20,64,일본,일본,와이드 릴리즈(주)
41,정직한 후보,2020-02-12,"1,927,500",0.1%,"-980,500",-33.7%,"12,854,297,030",297,-132,-30.8%,"1,538,038",22,59,한국,한국,(주)넥스트엔터테인먼트월드(NEW)
42,젊은이의 양지,2020-10-28,"2,160,000",0.1%,"-720,000",-25.0%,"44,796,770",270,-90,-25.0%,"5,301",1,3,한국,한국,(주)리틀빅픽쳐스
43,테넷,2020-08-26,"2,098,230",0.1%,"-332,720",-13.7%,"18,398,118,490",265,0,0.0%,"1,992,355",5,40,미국,미국,워너브러더스 코리아(주)
44,파티마의 기적,2020-12-03,"1,699,000",0.1%,"-2,224,000",-56.7%,"133,234,100",227,-281,-55.3%,"16,629",11,42,미국,미국,(주)디스테이션
45,스웨그,2020-12-10,"1,689,850",0.1%,"-251,620",-13.0%,"26,447,760",215,4,1.9%,"2,786",1,9,한국,한국,(주)영화사오원
46,선샤인 패밀리,2020-12-31,"1,865,070",0.1%,"1,298,070",228.9%,"2,432,070",209,146,231.7%,272,26,79,한국,"한국,필리핀",시네마 뉴원
47,나는 나를 해고하지 않는다,2021-01-28,"1,456,000",0.1%,"1,456,000",100.0%,"5,193,000",208,208,100.0%,658,2,2,한국,한국,(주)영화사 진진
48,코마,2020-11-12,"1,000,000",0.0%,"1,000,000",100.0%,"18,739,450",200,200,100.0%,"2,563",1,1,러시아,러시아,(주)까멜리아이엔티
49,사랑의 블랙홀,1993-12-04,"1,476,500",0.1%,"-8,500",-0.6%,"17,675,000",191,1,0.5%,"2,069",7,22,미국,미국,
50,프리키 데스데이,2020-11-25,"967,970",0.0%,"-295,030",-23.4%,"451,250,690",189,-61,-24.4%,"51,815",1,6,미국,미국,유니버설픽쳐스인터내셔널 코리아(유)
51,극장판 바다 탐험대 옥토넛 : 대산호초 보호작전,2020-11-12,"1,232,500",0.0%,"-441,500",-26.4%,"172,875,500",185,-67,-26.6%,"25,711",10,54,영국,영국,와이드 릴리즈(주)
52,아이 엠 우먼,2021-01-14,"1,638,000",0.1%,"-4,048,000",-71.2%,"9,401,500",182,-412,-69.4%,"1,005",2,2,호주,호주,(주)팝엔터테인먼트
53,초대받은 배달부,2021-01-01,"1,066,000",0.0%,"1,066,000",100.0%,"1,066,000",179,179,100.0%,179,20,20,한국,한국,선셋 시네마
53,피아니스트의 마지막 인터뷰,2020-11-19,"1,589,080",0.1%,"-167,860",-9.6%,"68,177,750",179,-24,-11.8%,"8,171",6,28,캐나다,캐나다,판씨네마(주)
55,겨울밤에,2020-12-10,"1,342,000",0.0%,"304,500",29.3%,"13,899,370",171,39,29.5%,"1,682",7,33,한국,한국,㈜인디스토리
56,펀치 드렁크 러브,2003-05-08,"1,591,000",0.1%,"-1,099,000",-40.9%,"31,784,400",170,-130,-43.3%,"3,583",4,21,미국,미국,콜럼비아트라이스타
57,호프,2020-12-17,"1,171,940",0.0%,"-6,568,530",-84.9%,"29,839,010",157,-816,-83.9%,"3,511",10,47,기타,기타,(주)이놀미디어
58,소년시절의 너,2020-07-09,"932,500",0.0%,"-4,013,800",-81.1%,"622,475,500",148,-600,-80.2%,"73,582",9,24,중국,중국,"(주)영화특별시에스엠씨,(주)콘텐츠패밀리"
58,뜨거운 것이 좋아,,"1,282,000",0.0%,"233,000",22.2%,"28,329,500",148,25,20.3%,"8,637",4,13,미국,미국,
60,철도원,2000-02-04,"916,000",0.0%,"392,000",74.8%,"10,385,000",143,66,85.7%,"2,080",2,11,일본,일본,
61,붉은 눈,2020-12-24,"700,000",0.0%,"-100,000",-12.5%,"1,500,000",140,-20,-12.5%,300,1,7,일본,일본,(주)미디어캐슬
62,킹덤 오브 헤븐: 디렉터스 컷,2020-11-11,"1,082,000",0.0%,"-1,355,800",-55.6%,"233,176,600",137,-121,-46.9%,"25,323",4,13,영국,영국,(주)영화사오원
63,해리가 샐리를 만났을 때,1989-11-18,"1,213,500",0.0%,"-1,033,500",-46.0%,"184,980,200",129,-116,-47.3%,"22,657",5,18,미국,미국,"(주)키다리이엔티,콜럼비아 픽쳐스 코포레이션"
64,마지막 휴가,2020-12-10,"988,000",0.0%,"-66,000",-6.3%,"8,849,000",124,-27,-17.9%,"1,075",3,9,한국,한국,(주)드림팩트엔터테인먼트
65,800,2020-12-10,"931,000",0.0%,"-9,388,500",-91.0%,"135,823,500",116,"-1,121",-90.6%,"15,604",5,25,중국,중국,"TCO(주)더콘텐츠온,(주)디스테이션"
66,레전더리 콘서트: 카를로스 클라이버,2020-12-02,"3,392,500",0.1%,"-330,500",-8.9%,"17,130,000",112,-17,-13.2%,583,14,17,독일,독일,(주)케빈앤컴퍼니
67,귀여운 여인,1990-09-15,"1,009,000",0.0%,"-605,500",-37.5%,"17,076,000",107,-71,-39.9%,"1,696",3,15,미국,미국,브에나비스타픽쳐스
68,부활: 그 증거,2020-10-08,"857,500",0.0%,"-1,988,000",-69.9%,"239,854,320",105,-293,-73.6%,"29,475",2,9,한국,한국,(주)영화사 진진
69,장 미쉘 바스키아: 더 레이디언트 차일드,2020-12-09,"866,000",0.0%,"-48,500",-5.3%,"6,007,700",102,-4,-3.8%,653,10,56,미국,미국,롯데컬처웍스(주)롯데엔터테인먼트
70,글루미 선데이,2000-10-21,"823,000",0.0%,"-456,500",-35.7%,"192,449,900",101,-57,-36.1%,"24,674",2,5,독일,독일,(주)팝엔터테인먼트
70,베토벤 프로젝트,2020-07-12,"1,115,000",0.0%,"1,115,000",100.0%,"18,754,000",101,101,100.0%,"1,122",1,3,독일,독일,(주)케빈앤컴퍼니
72,페이트 스테이 나이트 헤븐즈필 제3장 스프링 송,2020-10-22,"1,002,170",0.0%,"-330,410",-24.8%,"697,051,020",97,-47,-32.6%,"76,861",3,7,일본,일본,(주)애니플러스
73,추억의 검정고무신,2020-11-19,"465,000",0.0%,"34,000",7.9%,"156,845,100",93,17,22.4%,"19,531",1,1,한국,한국,(주)대교 미디어콘텐츠사업본부
74,탱크 투 베를린,2020-12-23,"642,500",0.0%,"-208,740",-24.5%,"1,493,740",86,-27,-23.9%,199,12,29,러시아,러시아,(주)제이앤씨미디어그룹
75,내언니전지현과 나,2020-12-03,"591,000",0.0%,"-873,300",-59.6%,"19,981,800",78,-103,-56.9%,"2,347",9,29,한국,한국,호우주의보
75,존 윅 3: 파라벨룸,2019-06-26,"629,400",0.0%,"-741,870",-54.1%,"8,234,754,858",78,-80,-50.6%,"1,007,374",5,15,미국,미국,"(주)제이앤씨미디어그룹,TCO(주)더콘텐츠온"
77,지구 최후의 밤,2019-07-25,"621,000",0.0%,"621,000",100.0%,"53,987,080",77,77,100.0%,"6,636",1,2,중국,중국,찬란
78,그리고 우린 춤을 추었다,2020-11-25,"554,440",0.0%,"-630,560",-53.2%,"53,021,840",72,-64,-47.1%,"6,026",3,13,프랑스,프랑스,(주)엣나인필름
79,레전더리 콘서트: 레너드 번스타인,2021-01-03,"1,763,000",0.1%,"1,763,000",100.0%,"1,763,000",69,69,100.0%,69,12,12,독일,독일,(주)케빈앤컴퍼니
80,완벽한 가족,2021-01-06,"702,500",0.0%,"702,500",100.0%,"702,500",68,68,100.0%,68,1,3,미국,미국,(주)제이앤씨미디어그룹
81,"소년, 소녀를 만나다",1996-01-13,"687,000",0.0%,"687,000",100.0%,"7,853,000",67,67,100.0%,"1,015",1,3,프랑스,프랑스,오드
82,노트북,2004-11-26,"577,600",0.0%,"-815,250",-58.5%,"4,635,359,200",65,-87,-57.2%,"651,327",5,18,미국,미국,"(주)퍼스트런,TCO(주)더콘텐츠온,글뫼 주식회사,CJ ENM"
83,잔칫날,2020-12-02,"461,100",0.0%,"-1,635,940",-78.0%,"85,823,490",64,-230,-78.2%,"11,089",5,23,한국,한국,(주)트리플픽쳐스
83,토스카,2020-12-01,"2,226,000",0.1%,"-449,100",-16.8%,"12,520,200",64,-17,-21.0%,371,5,7,이탈리아,이탈리아,일미디어
83,트랜짓,2020-07-02,"454,000",0.0%,"454,000",100.0%,"43,562,160",64,64,100.0%,"5,134",1,2,독일,독일,M&M 인터내셔널
86,안티고네,2020-11-19,"483,940",0.0%,"-137,060",-22.1%,"89,440,890",63,-5,-7.4%,"10,195",3,14,캐나다,캐나다,"그린나래미디어(주),(주)키다리이엔티"
87,성춘향,1961-01-28,"175,000",0.0%,"175,000",100.0%,"19,215,000",62,62,100.0%,"9,590",1,9,한국,한국,
88,찬실이는 복도 많지,2020-03-05,"372,000",0.0%,"-50,000",-11.8%,"250,755,830",60,6,11.1%,"29,228",2,8,한국,한국,찬란
88,네 번째 엄마,2020-12-31,"300,000",0.0%,"300,000",100.0%,"300,000",60,60,100.0%,60,1,1,한국,한국,(주)픽쳐레스크
88,섹스 소녀12,2021-01-03,"300,000",0.0%,"300,000",100.0%,"300,000",60,60,100.0%,60,1,1,한국,한국,케이엘 픽쳐스
88,용감한 토끼 당당이,2020-12-17,"300,000",0.0%,"-400,000",-57.1%,"1,550,000",60,-80,-57.1%,310,2,6,중국,중국,예지림엔터테인먼트
88,섹스 소녀 11,2021-01-02,"300,000",0.0%,"300,000",100.0%,"300,000",60,60,100.0%,60,1,1,한국,한국,케이엘 픽쳐스
93,포기와 베스,2020-10-06,"1,490,400",0.1%,"111,200",8.1%,"19,823,900",56,6,12.0%,786,7,14,미국,미국,(주) 인스터 글로벌
94,극장판 기븐,2020-11-26,"508,500",0.0%,"93,590",22.6%,"33,393,790",55,3,5.8%,"3,851",3,14,일본,일본,(주)애니플러스
95,아비정전,1990-12-22,"386,000",0.0%,"231,000",149.0%,"168,382,600",53,32,152.4%,"24,052",1,1,홍콩,홍콩,(주)디스테이션
96,당신이 잠든 사이에,1995-05-13,"441,000",0.0%,"-757,000",-63.2%,"16,225,400",51,-85,-62.5%,"1,728",2,5,미국,미국,
97,일대종사,2013-08-22,"356,000",0.0%,"224,000",169.7%,"735,468,000",50,31,163.2%,"101,711",1,2,중국,중국,CGV아트하우스
97,미스터 존스,2021-01-07,"428,000",0.0%,"428,000",100.0%,"428,000",50,50,100.0%,50,1,3,폴란드,폴란드,(주)디오시네마
99,봉쇄수도원 카르투시오,2020-11-19,"379,970",0.0%,"79,900",26.6%,"40,390,180",49,14,40.0%,"4,753",4,14,한국,한국,커넥트픽쳐스(주)
99,일 포스티노,1996-03-09,"243,000",0.0%,"243,000",100.0%,"113,624,100",49,49,100.0%,"15,180",1,2,이탈리아,"이탈리아,프랑스",(주)영화사 진진
99,자니 기타,,"98,000",0.0%,"-78,000",-44.3%,"13,323,000",49,-39,-44.3%,"6,258",1,3,미국,미국,
102,라 보엠,2020-11-29,"1,171,000",0.0%,"-471,000",-28.7%,"8,318,000",46,-15,-24.6%,323,7,9,독일,독일,(주)케빈앤컴퍼니
103,피델리오,2020-05-31,"519,000",0.0%,"519,000",100.0%,"11,749,800",45,45,100.0%,500,1,3,독일,독일,(주)케빈앤컴퍼니
103,산티아고의 흰 지팡이,2020-03-19,"268,000",0.0%,"-4,579,800",-94.5%,"22,455,270",45,-763,-94.4%,"3,442",4,10,한국,한국,제이리미디어
103,살아남은 사람들,2021-02-10,"327,500",0.0%,"-281,500",-46.2%,"1,777,500",45,-28,-38.4%,251,2,5,헝가리,헝가리,알토미디어(주)
106,남매의 여름밤,2020-08-20,"301,000",0.0%,"165,000",121.3%,"179,804,602",44,26,144.4%,"21,635",2,6,한국,한국,그린나래미디어(주)
107,하트,2020-02-27,"318,000",0.0%,"318,000",100.0%,"7,133,500",42,42,100.0%,923,6,11,한국,한국,필름다빈
108,"싸이더:애,심",,"127,000",0.0%,"16,000",14.4%,"641,000",41,3,7.9%,208,1,12,한국,한국,주식회사 씨엠닉스
108,퐁네프의 연인들,1992-04-18,"258,000",0.0%,"-425,000",-62.2%,"68,856,200",41,-26,-38.8%,"8,762",2,8,프랑스,프랑스,오드
110,가스등,,"207,000",0.0%,"207,000",100.0%,"9,545,000",38,38,100.0%,"4,413",1,1,미국,미국,
111,담보,2020-09-29,"276,500",0.0%,"-2,854,500",-91.2%,"14,748,961,550",36,-295,-89.1%,"1,719,534",3,12,한국,한국,(주)씨제이이엔엠
112,어게인,2020-07-30,"350,000",0.0%,"350,000",100.0%,"8,623,500",35,35,100.0%,"1,101",1,1,한국,한국,(주)에스와이코마드
113,콜드 워,2019-02-07,"259,000",0.0%,"-1,000",-0.4%,"231,274,773",34,5,17.2%,"27,990",1,2,폴란드,폴란드,아이 엠
113,애비규환,2020-11-12,"227,000",0.0%,"211,000",1318.8%,"207,010,800",34,32,1600.0%,"22,747",1,3,한국,한국,(주)리틀빅픽쳐스
115,극장판 미니특공대: 햄버거괴물의 습격,2020-09-30,"257,940",0.0%,"-2,160",-0.8%,"466,030,020",33,-4,-10.8%,"57,879",2,8,한국,한국,(주)리틀빅픽쳐스
116,석류의 빛깔,,"166,000",0.0%,"166,000",100.0%,"2,413,000",31,31,100.0%,413,1,1,소련,소련,
116,레토,2019-01-03,"372,000",0.0%,"302,000",431.4%,"201,923,672",31,24,342.9%,"22,876",1,1,러시아,"러시아,프랑스","(주)엣나인필름,플레이리스트(주)"
118,갇힌 여인,2005-12-23,"160,000",0.0%,"160,000",100.0%,"12,140,000",30,30,100.0%,"1,858",1,1,프랑스,"프랑스,벨기에",(주)이모션픽처스
118,프록시마 프로젝트,2020-10-15,"186,000",0.0%,"186,000",100.0%,"37,135,750",30,30,100.0%,"4,302",1,3,프랑스,프랑스,(주)영화사 진진
120,전쟁과 애욕,,"58,000",0.0%,"58,000",100.0%,"3,564,000",29,29,100.0%,"1,708",1,3,미국,미국,
120,마틴 에덴,2020-10-29,"205,000",0.0%,"10,000",5.1%,"142,373,430",29,4,16.0%,"15,424",2,5,이탈리아,이탈리아,알토미디어(주)
120,미스터트롯: 더 무비,2020-10-22,"58,000",0.0%,"58,000",100.0%,"1,288,754,100",29,29,100.0%,"150,119",1,6,한국,한국,(주)영화사 그램
123,호프만 이야기,,"145,000",0.0%,"145,000",100.0%,"2,302,000",28,28,100.0%,334,1,1,영국,영국,
124,해리의 소동,,"52,000",0.0%,"52,000",100.0%,"3,407,000",26,26,100.0%,"1,583",1,6,미국,미국,
124,에듀케이션,2020-11-26,"197,000",0.0%,"-13,000",-6.2%,"8,262,670",26,-3,-10.3%,999,6,15,한국,한국,영화배급협동조합 씨네소파
126,피아노,1993-09-25,"128,000",0.0%,"128,000",100.0%,"30,460,500",25,25,100.0%,"5,578",1,2,호주,호주,(주)팝엔터테인먼트
126,극장판 포켓몬스터 뮤츠의 역습 EVOLUTION,2020-09-30,"182,000",0.0%,"-316,940",-63.5%,"780,561,310",25,-34,-57.6%,"97,394",2,6,일본,일본,(주)이수C&E
128,달빛 아래서,,"46,000",0.0%,"46,000",100.0%,"4,750,000",23,23,100.0%,"2,370",1,3,미국,미국,
129,밈 전쟁: 개구리 페페 구하기,,"151,000",0.0%,"151,000",100.0%,"256,000",22,22,100.0%,37,1,1,미국,미국,주식회사 왓챠
129,세레나데,,"44,000",0.0%,"4,000",10.0%,"2,944,000",22,2,10.0%,"1,462",1,3,미국,미국,
129,우리 생애 최고의 해,,"122,000",0.0%,"122,000",100.0%,"4,243,884",22,22,100.0%,"3,518",1,1,미국,미국,
129,블루 벨벳,1992-10-17,"125,000",0.0%,"125,000",100.0%,"42,838,900",22,22,100.0%,"5,273",1,1,미국,미국,(주)유로커뮤니케이션
129,나의 인생여행,2020-12-10,"160,000",0.0%,"-135,500",-45.9%,"4,772,210",22,-16,-42.1%,593,2,8,영국,영국,(주)라이크콘텐츠
129,버든: 세상을 바꾸는 힘,2020-11-25,"22,000",0.0%,"22,000",100.0%,"18,770,570",22,22,100.0%,"2,271",8,22,미국,미국,(주)제이앤씨미디어그룹
135,도둑까치,2020-11-03,"315,000",0.0%,"315,000",100.0%,"3,965,600",21,21,100.0%,153,3,6,이탈리아,이탈리아,일미디어
135,작은 여우들,,"109,000",0.0%,"109,000",100.0%,"962,000",21,21,100.0%,227,1,1,미국,미국,
137,로마 자매의 성욕,,"100,000",0.0%,"100,000",100.0%,"100,000",20,20,100.0%,20,1,1,한국,한국,(주)씨맥스커뮤니케이션즈
138,내가 죽던 날,2020-11-12,"57,000",0.0%,"-212,000",-78.8%,"2,135,396,020",19,-28,-59.6%,"233,112",1,3,한국,한국,워너브러더스 코리아(주)
138,머리카락,2020-12-10,"133,000",0.0%,"-227,500",-63.1%,"2,512,670",19,-25,-56.8%,280,3,7,한국,한국,"목영이엔엠,(주)다자인소프트"
140,미드나이트 스카이,2020-12-09,"161,000",0.0%,"-1,472,000",-90.1%,"61,177,160",18,-188,-91.3%,"7,101",2,4,미국,미국,메가박스중앙(주)플러스엠
141,포획,,"88,000",0.0%,"88,000",100.0%,"231,000",16,16,100.0%,44,1,1,미국,미국,
142,증발,2020-11-12,"135,000",0.0%,"-241,000",-64.1%,"29,660,300",15,-29,-65.9%,"4,071",1,3,한국,한국,㈜인디스토리
143,하나와 앨리스,2004-11-17,"90,000",0.0%,"54,000",150.0%,"590,325,000",14,9,180.0%,"92,928",1,2,일본,일본,"(주)미디어캐슬,(주)팝엔터테인먼트,쇼이스트(주)"
143,스페셜 솔져,2020-12-22,"14,000",0.0%,"-1,000",-6.7%,"29,000",14,-1,-6.7%,29,2,14,폴란드,폴란드,(유)조이앤시네마
143,제국,1997-11-01,"14,000",0.0%,"2,000",16.7%,"26,000",14,2,16.7%,26,2,14,중국,중국,(주)제이앤씨미디어그룹
143,"조제, 호랑이 그리고 물고기들",2004-10-29,"119,000",0.0%,"-123,000",-50.8%,"523,148,636",14,-16,-53.3%,"76,017",1,4,일본,일본,"(주)디스테이션,(주)프레인글로벌,(주)스폰지이엔티"
147,오르페우스,,"73,000",0.0%,"73,000",100.0%,"1,929,000",13,13,100.0%,856,1,1,프랑스,프랑스,
147,윤희에게,2019-11-14,"107,000",0.0%,"38,000",55.1%,"976,675,609",13,5,62.5%,"122,693",1,4,한국,한국,(주)리틀빅픽쳐스
149,파 프롬 헤븐,2003-05-23,"63,000",0.0%,"58,000",1160.0%,"822,000",12,11,1100.0%,143,1,2,미국,미국,"(주)영화사 안다미로,프라임픽쳐스"
150,편지,,"38,500",0.0%,"38,500",100.0%,"126,500",11,11,100.0%,55,1,1,미국,미국,
150,맹크,2020-11-18,"109,000",0.0%,"83,000",319.2%,"36,063,560",11,7,175.0%,"4,036",1,1,미국,미국,메가박스중앙(주)플러스엠
150,교실 안의 야크,2020-09-30,"69,470",0.0%,"-132,530",-65.6%,"93,552,710",11,-15,-57.7%,"11,024",1,5,기타,기타,주식회사 슈아픽처스
153,평범한 연인들,,"60,000",0.0%,"60,000",100.0%,"2,278,000",10,10,100.0%,394,1,1,프랑스,프랑스,
153,발레리안: 천 개 행성의 도시,2017-08-30,"65,000",0.0%,"-1,888,980",-96.7%,"4,056,024,938",10,-220,-95.7%,"512,867",2,4,프랑스,프랑스,판씨네마(주)
155,도망친 여자,2020-09-17,"80,000",0.0%,"38,000",90.5%,"86,490,240",9,2,28.6%,"10,274",1,2,한국,한국,"(주)영화제작전원사 ,(주)콘텐츠판다"
155,그늘과 양지,,"18,000",0.0%,"18,000",100.0%,"2,494,000",9,9,100.0%,"1,242",1,9,미국,미국,
157,박화영,2018-07-19,"53,000",0.0%,"53,000",100.0%,"48,317,000",8,8,100.0%,"5,876",1,1,한국,한국,(주)리틀빅픽쳐스
157,아이들의 시간,,"38,000",0.0%,"38,000",100.0%,"38,000",8,8,100.0%,8,1,1,미국,미국,
157,개 같은 것들,2020-12-17,"43,000",0.0%,"-53,000",-55.2%,"1,797,000",8,-8,-50.0%,207,1,4,한국,한국,(주)콘텐츠윙
160,영화로운 나날,2019-12-12,"63,000",0.0%,"63,000",100.0%,"16,116,480",7,7,100.0%,"2,046",1,1,한국,한국,㈜인디스토리
160,제저벨,,"35,000",0.0%,"35,000",100.0%,"287,000",7,7,100.0%,60,1,1,,,
162,파비안느에 관한 진실,2019-12-05,"41,000",0.0%,"25,000",156.3%,"302,340,700",6,4,200.0%,"45,385",1,1,프랑스,프랑스,(주)티캐스트
162,타오르는 여인의 초상,2020-01-16,"36,000",0.0%,"19,000",111.8%,"1,257,830,838",6,4,200.0%,"149,419",1,1,프랑스,프랑스,"그린나래미디어(주),(주)홈초이스"
164,마티아스와 막심,2020-07-23,"60,000",0.0%,"20,000",50.0%,"112,592,420",5,1,25.0%,"12,531",1,1,캐나다,캐나다,(주)엣나인필름
165,화이트 갓,2015-04-02,"28,000",0.0%,"-280,000",-90.9%,"20,316,700",4,-32,-88.9%,"2,657",1,1,헝가리,"헝가리,독일,스웨덴",(주)나이너스엔터테인먼트
166,비바 자파타,,"6,000",0.0%,"6,000",100.0%,"4,267,000",3,3,100.0%,"2,090",1,3,미국,미국,
166,고양이 집사,2020-05-14,"14,000",0.0%,"-35,000",-71.4%,"25,555,440",3,-3,-50.0%,"2,988",2,4,한국,한국,㈜인디스토리
166,극장판 엉덩이 탐정: 텐텐마을의 수수께끼,2020-09-24,"21,000",0.0%,"-51,000",-70.8%,"109,191,540",3,-8,-72.7%,"14,799",1,2,일본,일본,(주)넥스트엔터테인먼트월드(NEW)
166,로맨틱 코미디,2020-12-03,"19,000",0.0%,"-105,000",-84.7%,"5,648,040",3,-10,-76.9%,654,1,2,미국,미국,(주)영화사 안다미로
170,스카이와 친구들: 로보시티의 비밀,2020-12-10,"16,800",0.0%,"-698,100",-97.7%,"14,576,680",2,-95,-97.9%,"1,759",1,1,기타,기타,와이드 릴리즈(주)
170,밥정,2020-10-07,"14,000",0.0%,"1,000",7.7%,"129,030,940",2,0,0.0%,"16,425",1,1,한국,한국,(주)엣나인필름
172,리얼돌:부드럽게 다뤄줘요,2020-12-30,"6,000",0.0%,"6,000",100.0%,"6,000",1,1,100.0%,1,1,1,일본,일본,(주)영진크리에이티브
172,막장자매 클라쓰,2020-12-30,"6,000",0.0%,"6,000",100.0%,"6,000",1,1,100.0%,1,1,1,한국,한국,주식회사 플릭스코
172,개인교수 : 세 여자의 섹스수업,2021-01-01,"6,000",0.0%,"6,000",100.0%,"6,000",1,1,100.0%,1,1,1,한국,한국,(주)영화사가을
172,패티쉬 : 흥분한 남자들,2021-01-01,"6,000",0.0%,"6,000",100.0%,"6,000",1,1,100.0%,1,1,1,한국,한국,(주)영화사가을
172,화끈한 미용실 무삭제,2021-01-02,"6,000",0.0%,"6,000",100.0%,"6,000",1,1,100.0%,1,1,1,한국,한국,(주)영화사가을
172,런 런 런,2020-12-28,"1,000",0.0%,"1,000",100.0%,"1,000",1,1,100.0%,1,1,1,미국,미국,(주)영화사 안다미로
172,자매 : 탐스러운 가슴,2021-01-01,"6,000",0.0%,"6,000",100.0%,"6,000",1,1,100.0%,1,1,1,한국,한국,(주)영화사가을
172,며느리 : 탐스러운 육체,2020-12-29,"6,000",0.0%,"6,000",100.0%,"6,000",1,1,100.0%,1,1,1,한국,한국,(주)영화사가을
172,먹어주는 유부녀 무삭제판,2020-12-28,"6,000",0.0%,"6,000",100.0%,"6,000",1,1,100.0%,1,1,1,한국,한국,(주)영진크리에이티브
172,세트플레이,2020-12-10,"8,000",0.0%,"-72,000",-90.0%,"2,407,000",1,-11,-91.7%,286,1,2,한국,한국,"주식회사 블루필름웍스,(주)무빙픽쳐스컴퍼니"
172,와이프 렌탈 서비스 무삭제판,2020-12-31,"6,000",0.0%,"6,000",100.0%,"6,000",1,1,100.0%,1,1,1,일본,일본,(주)영진크리에이티브
172,외출 3 무삭제,2021-01-02,"6,000",0.0%,"6,000",100.0%,"6,000",1,1,100.0%,1,1,1,한국,한국,(주)영화사가을
172,음란한 안드로이드,2020-12-30,"6,000",0.0%,"6,000",100.0%,"6,000",1,1,100.0%,1,1,1,일본,일본,(주)영진크리에이티브
172,모녀들의 은밀한 유혹,2020-12-30,"6,000",0.0%,"6,000",100.0%,"6,000",1,1,100.0%,1,1,1,일본,일본,(주)영진크리에이티브
172,기색충 - 무삭제판,2020-12-30,"1,000",0.0%,"1,000",100.0%,"1,000",1,1,100.0%,1,1,1,한국,한국,(주)컨텐츠 빌리지
172,욕구불만 아내의 사생활,2020-12-31,"6,000",0.0%,"6,000",100.0%,"6,000",1,1,100.0%,1,1,1,일본,일본,(주)영진크리에이티브
172,발정난 미망인의 유혹,2020-12-31,"6,000",0.0%,"6,000",100.0%,"6,000",1,1,100.0%,1,1,1,일본,일본,(주)영진크리에이티브
172,숙모의 망사팬티 무삭제판,2020-12-31,"6,000",0.0%,"6,000",100.0%,"6,000",1,1,100.0%,1,1,1,일본,일본,(주)영진크리에이티브
합계,,,"2,839,491,650",,,,"204,215,409,701","339,142",,,"24,321,874","6,549","56,914",,,
