●04주차 (2019년 01월 21일 ~ 2019년 01월 27일),,,,,,,,,,,,,,,,
순위,영화명,개봉일,매출액,매출액,매출액증감,매출액증감율,누적매출액,관객수,관객수증감,관객수증감율,누적관객수,스크린수,상영횟수,대표국적,국적,배급사
,,,,점유율,(전주대비),(전주대비),,,(전주대비),(전주대비),,,,,,
1,극한직업,2019-01-23,"27,359,558,550",68.4%,"27,222,308,550",19834.1%,"27,528,787,550","3,120,405","3,104,932",20066.8%,"3,139,563","1,978","47,854",한국,한국,(주)씨제이이엔엠
2,말모이,2019-01-09,"3,534,729,420",8.8%,"-5,215,416,692",-59.6%,"22,351,901,163","432,974","-606,675",-58.4%,"2,657,542","1,081","21,251",한국,한국,롯데컬처웍스(주)롯데엔터테인먼트
3,내안의 그놈,2019-01-09,"2,279,443,940",5.7%,"-4,862,567,681",-68.1%,"16,060,138,037","274,071","-557,602",-67.0%,"1,871,124",913,"16,625",한국,한국,"(주)메리크리스마스,TCO(주)더콘텐츠온"
4,러브 유어셀프 인 서울,2019-01-26,"1,729,030,700",4.3%,"1,729,030,700",100.0%,"1,729,030,700","182,103","182,103",100.0%,"182,103",224,"1,596",한국,한국,씨제이 씨지브이(CJ CGV)(주)
5,주먹왕 랄프 2: 인터넷 속으로,2019-01-03,"975,587,810",2.4%,"-1,065,799,880",-52.2%,"13,748,023,653","128,264","-136,419",-51.5%,"1,735,231",568,"5,510",미국,미국,월트디즈니컴퍼니코리아 유한책임회사
6,글래스,2019-01-17,"1,024,975,150",2.6%,"-2,094,835,222",-67.1%,"4,152,897,522","112,753","-226,330",-66.7%,"452,460",735,"9,806",미국,미국,월트디즈니컴퍼니코리아 유한책임회사
7,언더독,2019-01-16,"396,692,800",1.0%,"-468,937,320",-54.2%,"1,365,721,920","54,264","-56,518",-51.0%,"176,837",541,"3,568",한국,한국,(주)넥스트엔터테인먼트월드(NEW)
8,보헤미안 랩소디,2018-10-31,"315,811,370",0.8%,"-392,108,700",-55.4%,"85,994,783,825","43,896","-37,235",-45.9%,"9,910,706",324,"2,558",미국,미국,"월트디즈니컴퍼니코리아 유한책임회사,이십세기폭스코리아(주)"
9,그린 북,2019-01-09,"317,873,700",0.8%,"-323,003,250",-50.4%,"1,848,124,874","37,404","-36,275",-49.2%,"210,652",220,"1,947",미국,미국,CGV아트하우스
10,몬스터 파크,2019-01-23,"219,551,140",0.5%,"213,050,140",3277.2%,"226,052,140","29,802","29,033",3775.4%,"30,571",344,"2,095",영국,"영국,멕시코",(주)박수엔터테인먼트
11,극장판 공룡메카드: 타이니소어의 섬,2019-01-10,"198,855,990",0.5%,"-477,321,460",-70.6%,"3,111,646,880","26,450","-63,241",-70.5%,"406,019",313,"1,779",한국,한국,(주)넥스트엔터테인먼트월드(NEW)
12,구스 베이비,2019-01-16,"167,869,830",0.4%,"-267,712,900",-61.5%,"615,476,560","24,605","-34,564",-58.4%,"85,110",341,"1,548",미국,미국,(주)이수C&E
13,미래의 미라이,2019-01-16,"182,637,890",0.5%,"-432,502,287",-70.3%,"825,390,867","23,665","-51,317",-68.4%,"101,650",436,"2,345",일본,일본,메가박스중앙(주)플러스엠
14,가버나움,2019-01-24,"166,941,956",0.4%,"160,503,956",2493.1%,"186,836,856","19,658","18,795",2177.9%,"21,869",111,744,기타,기타,"그린나래미디어(주),플레이리스트(주)"
15,아쿠아맨,2018-12-19,"132,838,930",0.3%,"-701,857,160",-84.1%,"44,093,109,834","16,363","-82,137",-83.4%,"5,035,598",300,"1,416",미국,"미국,호주",워너브러더스 코리아(주)
16,그대 이름은 장미,2019-01-16,"102,801,050",0.3%,"-403,280,770",-79.7%,"712,747,870","13,040","-47,854",-78.6%,"84,818",447,"1,930",한국,한국,(주)리틀빅픽쳐스
17,일일시호일,2019-01-17,"99,958,419",0.3%,"26,444,869",36.0%,"178,923,469","12,543","3,693",41.7%,"22,025",53,682,일본,일본,(주)영화사 진진
18,뺑반,2019-01-30,"85,436,100",0.2%,"85,436,100",100.0%,"85,436,100","8,896","8,896",100.0%,"8,896",34,48,한국,한국,(주)쇼박스
19,스파이더맨: 뉴 유니버스,2018-12-12,"45,438,480",0.1%,"-35,835,650",-44.1%,"5,920,735,306","6,368","-4,223",-39.9%,"712,891",30,285,미국,미국,소니픽쳐스엔터테인먼트코리아주식회사극장배급지점
20,드래곤 길들이기 3,2019-01-30,"58,059,000",0.1%,"29,514,000",103.4%,"86,604,000","6,278","3,388",117.2%,"9,168",19,29,미국,미국,유니버설픽쳐스인터내셔널 코리아(유)
21,쿠르스크,2019-01-16,"47,157,200",0.1%,"-182,768,100",-79.5%,"347,179,000","5,874","-20,606",-77.8%,"41,191",177,808,벨기에,벨기에,"(주)제이앤씨미디어그룹,TCO(주)더콘텐츠온"
22,왕이 될 아이,2019-01-16,"41,902,400",0.1%,"-135,336,750",-76.4%,"225,621,550","5,616","-16,787",-74.9%,"28,667",211,700,미국,미국,이십세기폭스코리아(주)
23,드래곤 길들이기,2010-05-20,"56,704,000",0.1%,"-114,514,000",-66.9%,"27,334,105,500","5,574","-10,285",-64.9%,"2,593,247",33,555,미국,미국,"유니버설픽쳐스인터내셔널 코리아(유),CJ ENM"
24,베스와 베라,2019-01-24,"45,638,850",0.1%,"42,219,850",1234.9%,"49,057,850","5,246","4,889",1369.5%,"5,603",167,882,프랑스,프랑스,(주)팝엔터테인먼트
25,증인,2019-02-13,"42,048,000",0.1%,"39,952,000",1906.1%,"44,144,000","4,672","4,410",1683.2%,"4,934",7,22,한국,한국,롯데컬처웍스(주)롯데엔터테인먼트
26,아이스,2019-02-07,"38,670,000",0.1%,"29,958,000",343.9%,"73,288,100","4,289","3,321",343.1%,"9,321",10,23,러시아,러시아,(주)마노엔터테인먼트
27,인생 후르츠,2018-12-06,"32,351,950",0.1%,"-8,546,400",-20.9%,"455,479,850","4,200","-1,088",-20.6%,"59,373",20,158,일본,일본,(주)엣나인필름
28,로마,2018-12-12,"15,798,400",0.0%,"-5,134,600",-24.5%,"280,774,800","1,936",-597,-23.6%,"34,267",13,84,멕시코,멕시코,판씨네마(주)
29,알리타: 배틀 엔젤,2019-02-05,"29,622,000",0.1%,"29,622,000",100.0%,"29,622,000","1,893","1,893",100.0%,"1,893",2,7,미국,미국,"월트디즈니컴퍼니코리아 유한책임회사,이십세기폭스코리아(주)"
30,크리미널 게임: 보석 사기단,2019-01-23,"13,436,160",0.0%,"12,302,160",1084.8%,"14,570,160","1,628","1,502",1192.1%,"1,754",92,493,캐나다,캐나다,와이드 릴리즈(주)
31,쉰들러 리스트,1994-03-05,"11,727,250",0.0%,"11,727,250",100.0%,"11,727,250","1,399","1,399",100.0%,"1,399",14,59,미국,미국,유니버설픽쳐스인터내셔널 코리아(유)
32,파이널리스트,2019-01-24,"10,901,400",0.0%,"9,407,400",629.7%,"12,395,400","1,383","1,217",733.1%,"1,549",20,99,벨기에,벨기에,(주)트리플픽쳐스
33,우행록: 어리석은 자의 기록,2019-01-17,"11,084,650",0.0%,"-5,802,350",-34.4%,"37,183,250","1,376",-506,-26.9%,"4,226",29,156,일본,일본,(주)드림팩트엔터테인먼트
34,나바론 요새,1974-07-20,"2,568,000",0.0%,"2,568,000",100.0%,"21,798,104","1,284","1,284",100.0%,"11,207",1,8,미국,"미국,영국",
35,기묘한 가족,2019-02-13,"6,756,000",0.0%,"6,756,000",100.0%,"6,756,000","1,126","1,126",100.0%,"1,126",4,5,한국,한국,메가박스중앙(주)플러스엠
36,극장판 헬로카봇: 옴파로스 섬의 비밀,2019-01-31,"10,613,000",0.0%,"9,913,000",1416.1%,"11,313,000","1,123",983,702.1%,"1,263",2,4,한국,한국,(주)넥스트엔터테인먼트월드(NEW)
37,행맨,2019-01-23,"8,310,710",0.0%,"4,062,710",95.6%,"12,558,710","1,057",585,123.9%,"1,529",63,323,미국,미국,(주)박수엔터테인먼트
38,스윙키즈,2018-12-19,"6,624,600",0.0%,"-26,365,130",-79.9%,"12,066,085,992","1,045","-3,877",-78.8%,"1,468,840",7,34,한국,한국,(주)넥스트엔터테인먼트월드(NEW)
39,존 휴스턴 회고전-미스터 앨리슨,2008-03-15,"2,004,000",0.0%,"2,004,000",100.0%,"2,756,000","1,002","1,002",100.0%,"1,292",1,15,미국,미국,
40,"두 번째 여름, 두 번 다시 만날 수 없는 너",2019-01-23,"8,646,900",0.0%,"5,685,900",192.0%,"12,966,900",981,652,198.2%,"1,461",31,166,일본,일본,"(주)브리즈픽처스,(주)영화사오원"
41,레토,2019-01-03,"7,751,400",0.0%,"-12,774,430",-62.2%,"176,638,480",939,"-1,532",-62.0%,"20,279",18,91,러시아,"러시아,프랑스","(주)엣나인필름,플레이리스트(주)"
42,우리가족: 라멘샵,2019-01-31,"8,775,100",0.0%,"8,775,100",100.0%,"8,775,100",874,874,100.0%,874,3,6,싱가포르,싱가포르,(주)팝엔터테인먼트
43,캘러미티 제인,,"1,766,000",0.0%,"1,766,000",100.0%,"2,217,000",873,873,100.0%,"1,108",1,10,,,
44,PMC: 더 벙커,2018-12-26,"4,468,000",0.0%,"-30,799,050",-87.3%,"14,016,187,924",857,"-3,242",-79.1%,"1,670,156",20,46,한국,한국,(주)씨제이이엔엠
45,더 서치,2019-01-17,"5,633,750",0.0%,"-850,800",-13.1%,"14,127,800",782,-25,-3.1%,"1,788",17,80,프랑스,프랑스,(주)영화사오원
46,도어락,2018-12-05,"3,828,000",0.0%,"3,807,000",18128.6%,"12,802,828,486",764,760,19000.0%,"1,561,191",13,24,한국,한국,메가박스중앙(주)플러스엠
47,이차크의 행복한 바이올린,2018-12-20,"5,375,600",0.0%,"-5,171,600",-49.0%,"115,743,750",754,-711,-48.5%,"15,281",9,41,미국,미국,(주)영화사 진진
48,리지,2019-01-10,"5,684,000",0.0%,"-26,335,950",-82.2%,"80,731,400",726,"-3,112",-81.1%,"9,217",27,111,미국,미국,(주)팝엔터테인먼트
49,킬 존,2018-11-04,"3,425,000",0.0%,"3,425,000",100.0%,"3,427,000",685,685,100.0%,686,1,2,미국,미국,제인앤유
49,바울,2018-10-31,"5,331,900",0.0%,"1,347,200",33.8%,"2,130,406,800",685,231,50.9%,"271,530",6,34,미국,미국,(재)CBS
51,서부의 왕자,,"1,279,000",0.0%,"1,279,000",100.0%,"1,537,000",637,637,100.0%,766,1,14,미국,미국,
52,실크 스타킹,,"1,272,000",0.0%,"1,272,000",100.0%,"2,683,000",636,636,100.0%,"1,347",1,12,미국,미국,
53,얼굴들,2019-01-24,"4,910,600",0.0%,"2,438,600",98.6%,"10,838,600",610,198,48.1%,"1,446",19,84,한국,한국,(주)시네마달
54,러빙 빈센트 : 비하인드 에디션,2018-12-13,"4,833,980",0.0%,"-1,142,220",-19.1%,"204,854,930",603,-164,-21.4%,"24,086",6,39,영국,영국,(주)이수C&E
55,안시성,2018-09-19,"4,592,000",0.0%,"4,592,000",100.0%,"46,339,926,026",574,574,100.0%,"5,440,760",2,3,한국,한국,(주)넥스트엔터테인먼트월드(NEW)
56,신과함께-인과 연,2018-08-01,"4,208,000",0.0%,"4,208,000",100.0%,"102,670,354,909",526,526,100.0%,"12,275,522",2,2,한국,한국,롯데컬처웍스(주)롯데엔터테인먼트
57,싸이코 킬러,2018-11-16,"2,625,000",0.0%,"1,155,000",78.6%,"5,347,000",525,280,114.3%,"1,021",2,4,미국,미국,제인앤유
58,메이트,2019-01-17,"4,199,650",0.0%,"-5,011,850",-54.4%,"16,292,150",517,-550,-51.5%,"1,909",22,106,한국,한국,(주)콘텐츠 난다긴다
59,패니,,"1,008,000",0.0%,"1,008,000",100.0%,"1,270,000",499,499,100.0%,588,1,8,미국,미국,
60,미스터 스마일,2018-12-27,"3,613,500",0.0%,"-7,204,700",-66.6%,"177,726,800",489,"-1,034",-67.9%,"21,748",11,45,미국,미국,(주)티캐스트
61,명탐정 코난 : 제로의 집행인,2018-08-08,"3,973,000",0.0%,"-33,948,000",-89.5%,"3,207,228,361",488,"-4,223",-89.6%,"419,705",14,42,일본,일본,(주)씨제이이엔엠
62,점박이 한반도의 공룡2 : 새로운 낙원,2018-12-25,"3,149,100",0.0%,"-17,120,250",-84.5%,"4,286,061,800",470,"-2,402",-83.6%,"549,131",6,28,한국,한국,(주)넥스트엔터테인먼트월드(NEW)
63,말 없는 사나이,,"884,000",0.0%,"884,000",100.0%,"12,298,000",442,442,100.0%,"5,383",1,9,미국,미국,
64,더 넌: 수녀의 저주,2018-11-03,"2,155,000",0.0%,"1,855,000",618.3%,"5,787,000",431,371,618.3%,"1,110",1,1,미국,미국,제인앤유
65,그린치,2018-12-19,"2,124,000",0.0%,"-5,790,500",-73.2%,"4,178,844,400",424,"-1,015",-70.5%,"551,743",2,8,미국,미국,유니버설픽쳐스인터내셔널 코리아(유)
66,2001 스페이스 오디세이,,"4,139,600",0.0%,"-1,534,900",-27.0%,"58,546,100",408,-222,-35.2%,"6,804",15,34,영국,"영국,미국",
67,산상수훈,2017-12-07,"3,372,000",0.0%,"614,350",22.3%,"374,891,050",404,79,24.3%,"50,711",4,6,한국,한국,"이언픽쳐스,(주)그란"
68,빌리어네어 보이즈클럽,2019-01-10,"3,299,900",0.0%,"-25,215,300",-88.4%,"148,640,200",394,"-2,961",-88.3%,"16,596",32,75,미국,미국,"(주)키다리이엔티,플레이리스트(주)"
69,시계태엽 오렌지,,"2,684,800",0.0%,"-5,340,200",-66.5%,"42,014,800",306,-530,-63.4%,"4,950",12,31,미국,미국,
70,엄마의 공책,2018-03-15,"2,336,000",0.0%,"2,054,000",728.4%,"70,511,500",292,245,521.3%,"10,479",1,1,한국,한국,아이 엠
71,스톤 부인의 로마의 봄,,"562,000",0.0%,"562,000",100.0%,"7,807,000",281,281,100.0%,"3,543",1,4,미국,"미국,영국",
72,007 살인번호,,"538,000",0.0%,"-1,103,000",-67.2%,"21,859,000",269,-544,-66.9%,"10,926",1,6,영국,영국,
73,범블비,2018-12-25,"2,085,900",0.0%,"-51,556,770",-96.1%,"13,082,603,207",268,"-6,626",-96.1%,"1,560,653",8,24,미국,미국,롯데컬처웍스(주)롯데엔터테인먼트
74,칠곡 가시나들,2019-02-27,"1,916,000",0.0%,"-554,000",-22.4%,"6,070,000",264,17,6.9%,730,3,4,한국,한국,"(주)인디플러그,(주)더 피플"
75,다잉,2018-12-27,"522,000",0.0%,"482,000",1205.0%,"2,260,900",256,250,4166.7%,596,1,9,스페인,스페인,(주)더블앤조이픽쳐스
75,샤이닝,,"2,137,200",0.0%,"-7,866,400",-78.6%,"56,648,600",256,-799,-75.7%,"6,801",14,36,미국,미국,
77,에로 킬러 에리카,2019-01-24,"1,183,000",0.0%,"1,183,000",100.0%,"1,183,000",244,244,100.0%,244,20,20,일본,일본,(유)조이앤시네마
77,필로우 토크,,"488,000",0.0%,"488,000",100.0%,"10,626,000",244,244,100.0%,"5,314",1,6,미국,미국,
79,선종 무문관,2018-12-13,"1,578,000",0.0%,"-2,847,000",-64.3%,"23,668,800",241,-260,-51.9%,"2,768",2,18,한국,한국,(주)드림팩트엔터테인먼트
80,리틀 포레스트,2018-02-28,"1,745,000",0.0%,"1,745,000",100.0%,"11,930,947,185",240,240,100.0%,"1,506,509",4,4,한국,한국,메가박스중앙(주)플러스엠
81,국가부도의 날,2018-11-28,"1,110,000",0.0%,"-9,558,650",-89.6%,"30,889,622,337",231,"-1,760",-88.4%,"3,754,730",5,12,한국,한국,(주)씨제이이엔엠
82,라 트라비아타,2017-01-22,"3,754,000",0.0%,"399,500",11.9%,"48,965,000",230,27,13.3%,"2,262",6,12,독일,독일,(주)케빈앤컴퍼니
83,대장 부리바,1973-06-29,"400,000",0.0%,"400,000",100.0%,"27,310,000",200,200,100.0%,"13,120",1,3,미국,미국,
83,사랑은 비가 갠 뒤처럼,2019-02-07,"2,000,000",0.0%,"2,000,000",100.0%,"2,000,000",200,200,100.0%,200,1,1,일본,일본,(주)디스테이션
85,스타 이즈 본,2018-10-09,"1,505,000",0.0%,"-4,935,600",-76.6%,"4,208,776,400",171,-674,-79.8%,"485,251",1,7,미국,미국,워너브러더스 코리아(주)
86,사랑의 묘약,2018-07-07,"2,719,500",0.0%,"-367,000",-11.9%,"54,518,000",170,-27,-13.7%,"2,631",6,12,미국,미국,(주) 인스터 글로벌
87,1월 단편 상상극장-더 비기닝,,"1,224,000",0.0%,"24,000",2.0%,"3,024,000",153,3,2.0%,378,1,2,한국,한국,
87,슈퍼소닉,2016-11-24,"1,319,000",0.0%,"-2,621,700",-66.5%,"142,411,928",153,-283,-64.9%,"16,925",5,15,영국,영국,주식회사 씨네룩스
89,흑기사,1973-10-24,"300,000",0.0%,"300,000",100.0%,"21,837,000",150,150,100.0%,"10,428",1,8,미국,미국,
90,콜드 워,2019-02-07,"1,639,000",0.0%,"1,639,000",100.0%,"1,639,000",149,149,100.0%,149,1,1,폴란드,폴란드,아이 엠
91,돌아오지 않는 강,1971-04-27,"294,000",0.0%,"294,000",100.0%,"22,449,858",147,147,100.0%,"12,243",1,8,미국,미국,
92,1900년,2008-05-09,"940,000",0.0%,"518,000",122.7%,"2,245,000",144,59,69.4%,411,1,2,이탈리아,이탈리아,
93,포켓에 가득찬 행복,,"286,000",0.0%,"-198,000",-40.9%,"4,568,000",143,-94,-39.7%,"1,797",1,3,미국,미국,
94,도둑들,2012-07-25,"1,215,000",0.0%,"1,215,000",100.0%,"93,668,465,500",135,135,100.0%,"12,983,976",1,1,한국,"한국,홍콩",(주)쇼박스
95,창간호,2019-01-17,"918,000",0.0%,"-1,571,650",-63.1%,"6,746,650",134,-149,-52.7%,788,7,38,한국,한국,(주)트리플픽쳐스
95,애정의 고빗길,,"268,000",0.0%,"268,000",100.0%,"268,000",134,134,100.0%,134,1,6,미국,미국,
97,어른이 되면,2018-12-13,"894,000",0.0%,"-944,500",-51.4%,"38,288,400",133,-137,-50.7%,"5,274",6,30,한국,한국,(주)시네마달
98,불한당: 나쁜 놈들의 세상,2017-05-17,"1,290,000",0.0%,"1,290,000",100.0%,"7,680,235,125",129,129,100.0%,"954,573",1,1,한국,한국,(주)씨제이이엔엠
99,"단, 비 : 제20회 부산독립영화제 씨네보배 배급선정작 순회상영회",,"833,000",0.0%,"365,000",78.0%,"1,301,000",121,49,68.1%,193,1,2,한국,한국,
100,우묵배미의 사랑,1990-03-31,"238,000",0.0%,"80,000",50.6%,"9,619,650",119,40,50.6%,"2,610",1,7,한국,한국,(주)드림팩트엔터테인먼트
101,폴란드로 간 아이들,2018-10-31,"685,500",0.0%,"-236,500",-25.7%,"376,510,800",103,-51,-33.1%,"49,147",2,6,한국,한국,커넥트픽쳐스(주)
101,베니스에서의 죽음,,"721,000",0.0%,"721,000",100.0%,"5,910,000",103,103,100.0%,"1,004",1,1,이탈리아,"이탈리아,프랑스",
103,라라랜드,2016-12-07,"738,000",0.0%,"-2,212,500",-75.0%,"30,023,301,494",88,-257,-74.5%,"3,599,157",5,9,미국,미국,판씨네마(주)
104,오다기리 죠의 도쿄타워,2007-10-25,"670,000",0.0%,"-945,000",-58.5%,"363,475,000",82,-103,-55.7%,"56,047",2,3,일본,일본,"(주)엔케이컨텐츠,스폰지"
105,도둑맞은 카라바지오,,"563,000",0.0%,"563,000",100.0%,"563,000",79,79,100.0%,79,1,1,이탈리아,"이탈리아,프랑스",
106,일 포스토,,"517,000",0.0%,"517,000",100.0%,"903,000",78,78,100.0%,158,1,1,이탈리아,이탈리아,
107,스잔나,1981-07-17,"134,000",0.0%,"22,000",19.6%,"6,172,000",67,11,19.6%,"3,046",1,8,홍콩,홍콩,
108,어느 가족,2018-07-26,"576,000",0.0%,"-688,500",-54.4%,"1,414,529,400",63,-68,-51.9%,"171,043",2,2,일본,일본,(주)티캐스트
108,비엔나 호텔의 야간배달부,1991-01-19,"414,000",0.0%,"414,000",100.0%,"414,000",63,63,100.0%,63,1,1,미국,"미국,이탈리아",
110,부탁 하나만 들어줘,2018-12-12,"481,000",0.0%,"-1,226,300",-71.8%,"1,028,779,738",62,-144,-69.9%,"119,007",1,3,미국,미국,(주)팝엔터테인먼트
111,선생님의 일기,2016-11-02,"610,000",0.0%,"610,000",100.0%,"500,716,200",61,61,100.0%,"71,541",1,1,태국,태국,"(주)드림팩트엔터테인먼트,(주)미로스페이스"
112,금지된 장난,1992-09-26,"120,000",0.0%,"120,000",100.0%,"6,248,000",60,60,100.0%,"2,670",1,15,프랑스,프랑스,
113,마약왕,2018-12-19,"431,000",0.0%,"-2,445,130",-85.0%,"16,219,355,442",59,-309,-84.0%,"1,863,710",2,8,한국,한국,(주)쇼박스
114,걸어도 걸어도,2009-06-18,"492,000",0.0%,"-464,200",-48.5%,"257,184,800",57,-50,-46.7%,"34,724",2,3,일본,일본,(주)영화사 진진
115,버블 패밀리,2018-12-20,"404,000",0.0%,"-736,000",-64.6%,"10,998,900",54,-127,-70.2%,"1,671",4,19,한국,한국,무브먼트
116,우리들,2016-06-16,"522,000",0.0%,"522,000",100.0%,"372,154,460",53,53,100.0%,"50,177",1,1,한국,한국,(주)엣나인필름
117,로렌조의 밤,2005-08-19,"304,000",0.0%,"304,000",100.0%,"14,508,500",49,49,100.0%,"2,079",1,1,이탈리아,이탈리아,㈜영화사 백두대간
118,어둠속의 외침,,"232,000",0.0%,"60,000",34.9%,"404,000",48,12,33.3%,84,1,1,호주,"호주,미국",
119,언니,2019-01-01,"118,000",0.0%,"-7,824,000",-98.5%,"1,757,325,250",47,-971,-95.4%,"198,276",6,37,한국,한국,"(주)제이앤씨미디어그룹,TCO(주)더콘텐츠온"
119,더 파티,2018-12-20,"400,000",0.0%,"-229,000",-36.4%,"64,668,450",47,-46,-49.5%,"7,912",3,9,영국,영국,(주)라이크콘텐츠
119,검은 난초,,"94,000",0.0%,"44,000",88.0%,"5,008,000",47,22,88.0%,"2,056",1,1,미국,미국,
122,아르마딜로의 예언,,"318,000",0.0%,"318,000",100.0%,"318,000",45,45,100.0%,45,1,1,이탈리아,이탈리아,
123,예수의 마지막 유혹,2002-01-25,"212,000",0.0%,"-154,000",-42.1%,"722,000",43,-27,-38.6%,144,1,1,미국,미국,(주)코리아준
123,독수리는 다시난다,,"86,000",0.0%,"86,000",100.0%,"170,000",43,43,100.0%,77,1,1,미국,미국,
125,통행증,,"184,000",0.0%,"-158,000",-46.2%,"559,000",41,-30,-42.3%,123,1,1,프랑스,프랑스,
126,리스본의 미스터리,,"186,000",0.0%,"-287,000",-60.7%,"2,339,000",38,-59,-60.8%,454,1,1,포르투갈,"포르투갈,프랑스,브라질",
127,소피의 선택,,"166,000",0.0%,"-68,000",-29.1%,"1,886,000",37,-12,-24.5%,430,1,1,,,
128,카프리 레볼루션,,"243,000",0.0%,"243,000",100.0%,"243,000",36,36,100.0%,36,1,1,이탈리아,"이탈리아,프랑스",
129,원스,2007-09-20,"284,000",0.0%,"-1,211,000",-81.0%,"1,892,171,500",35,-136,-79.5%,"271,320",4,5,아일랜드,아일랜드,"(주)제이앤씨미디어그룹,(주)영화사 진진"
130,"24프레임, 25프레임",,"214,000",0.0%,"214,000",100.0%,"214,000",34,34,100.0%,34,1,1,이탈리아,,
130,살로메,,"68,000",0.0%,"68,000",100.0%,"2,764,000",34,34,100.0%,"1,379",1,1,미국,미국,
132,프리드킨 언컷,,"208,000",0.0%,"208,000",100.0%,"208,000",33,33,100.0%,33,1,1,이탈리아,이탈리아,
133,인 디 아일,2018-11-22,"255,000",0.0%,"-263,000",-50.8%,"86,393,900",30,-31,-50.8%,"10,082",1,3,독일,독일,M&M 인터내셔널
134,"안녕, 나의 소녀 시절이여",2018-12-12,"58,000",0.0%,"-70,000",-54.7%,"17,904,500",29,-10,-25.6%,"2,312",1,13,한국,한국,(주)드림팩트엔터테인먼트
135,굿바이 사이공,,"201,000",0.0%,"201,000",100.0%,"201,000",28,28,100.0%,28,1,1,이탈리아,이탈리아,
135,할머니의 먼 집,2016-09-29,"56,000",0.0%,"2,000",3.7%,"28,139,900",28,1,3.7%,"4,781",1,14,한국,한국,KT&G 상상마당 영화사업팀 컴퍼니에스에스(주)
137,인종법-1938,,"188,000",0.0%,"188,000",100.0%,"188,000",27,27,100.0%,27,1,1,이탈리아,이탈리아,
137,완전 범죄,,"54,000",0.0%,"-110,000",-67.1%,"1,396,000",27,-55,-67.1%,302,1,1,이탈리아,이탈리아,
139,진홍의 도적,,"52,000",0.0%,"52,000",100.0%,"9,396,000",26,26,100.0%,"4,374",1,1,미국,미국,
140,극장판 짱구는 못말려: 아뵤! 쿵후 보이즈 ~라면 대란~,2018-12-19,"187,000",0.0%,"-9,077,200",-98.0%,"2,735,399,650",24,"-1,246",-98.1%,"353,012",3,8,일본,일본,(주)씨제이이엔엠
140,러브 미 텐더,,"48,000",0.0%,"48,000",100.0%,"5,926,000",24,24,100.0%,"2,941",1,1,미국,미국,
142,갈매기,2018-12-13,"194,000",0.0%,"-550,000",-73.9%,"97,698,950",23,-71,-75.5%,"11,887",1,3,미국,미국,(주)뮤제엔터테인먼트
143,내 아내의 언니 3,2019-01-24,"105,000",0.0%,"105,000",100.0%,"105,000",20,20,100.0%,20,20,20,한국,한국,(주)영화사가을
144,귀여운 여도적,1990-04-28,"90,000",0.0%,"-70,000",-43.8%,"250,000",19,-13,-40.6%,51,1,1,프랑스,프랑스,미라맥스 필름즈
145,영주,2018-11-22,"114,000",0.0%,"-159,000",-58.2%,"192,717,750",17,-20,-54.1%,"24,821",3,7,한국,한국,CGV아트하우스
145,앙: 단팥 인생 이야기,2015-09-10,"152,000",0.0%,"-1,136,500",-88.2%,"223,550,362",17,-125,-88.0%,"28,083",1,1,일본,일본,그린나래미디어(주)
147,레인보우: 나의 사랑,2019-01-03,"101,000",0.0%,"-845,700",-89.3%,"14,260,350",16,-147,-90.2%,"1,894",3,8,이탈리아,"이탈리아,프랑스",(주)마노엔터테인먼트
148,세상에서 가장 행복한 소년,,"90,000",0.0%,"90,000",100.0%,"90,000",15,15,100.0%,15,1,1,이탈리아,이탈리아,
148,"1991, 봄",2018-10-31,"89,000",0.0%,"-47,000",-34.6%,"43,206,750",15,-4,-21.1%,"5,758",2,4,한국,한국,(주)인디플러그
150,번개맨의 비밀,2018-12-06,"84,000",0.0%,"-828,000",-90.8%,"395,122,050",14,-149,-91.4%,"51,040",1,1,한국,한국,(주)디스테이션
150,사랑해! 진영아,2013-11-07,"98,000",0.0%,"14,000",16.7%,"35,076,000",14,2,16.7%,"4,992",1,13,한국,한국,"㈜인디스토리,(주)인디플러그"
152,오렌지필름 기획전-핑퐁,,"110,000",0.0%,"-29,500",-21.1%,"493,500",13,-8,-38.1%,69,1,2,한국,한국,
152,허드,,"64,000",0.0%,"-134,000",-67.7%,"262,000",13,-29,-69.0%,55,1,1,미국,미국,
154,두 번째 겨울,2018-12-27,"66,000",0.0%,"-259,000",-79.7%,"1,568,400",12,-40,-76.9%,237,2,5,한국,한국,(주)미로스페이스
155,대관람차,2018-08-30,"65,500",0.0%,"65,500",100.0%,"29,877,750",11,11,100.0%,"3,602",1,1,한국,한국,무브먼트
155,극장판 포켓몬스터 모두의 이야기,2018-12-19,"80,000",0.0%,"-1,638,000",-95.3%,"1,523,578,950",11,-232,-95.5%,"194,688",1,4,일본,일본,(주)이수C&E
157,헌터 킬러,2018-12-06,"100,000",0.0%,"-440,000",-81.5%,"468,076,450",10,-62,-86.1%,"56,942",1,2,미국,미국,(주)키다리이엔티
158,김새벽 배우 특별전(인디스데이),,"60,000",0.0%,"-17,000",-22.1%,"137,000",9,-4,-30.8%,22,1,6,한국,한국,
158,집의 시간들,2018-10-25,"79,000",0.0%,"-48,000",-37.8%,"24,784,450",9,-5,-35.7%,"2,977",1,2,한국,한국,KT&G 상상마당 영화사업팀 컴퍼니에스에스(주)
160,메리 셸리: 프랑켄슈타인의 탄생,2018-12-20,"67,000",0.0%,"-567,500",-89.4%,"87,234,000",8,-70,-89.7%,"10,479",1,2,미국,"미국,영국",(주)팝엔터테인먼트
160,방황의 날들,2007-09-07,"16,000",0.0%,"8,000",100.0%,"9,928,500",8,4,100.0%,"2,045",1,8,한국,한국,위드시네마
162,하나 빼고 완벽한 뉴욕 아파트,2018-12-27,"51,000",0.0%,"-496,000",-90.7%,"53,292,300",7,-59,-89.4%,"6,232",1,5,미국,미국,판씨네마(주)
162,뷰티풀 데이즈,2018-11-21,"35,000",0.0%,"-79,000",-69.3%,"54,749,550",7,-15,-68.2%,"7,333",1,1,한국,"한국,프랑스","(주)콘텐츠판다,(주)스마일이엔티"
164,어둔 밤,2018-09-06,"38,000",0.0%,"38,000",100.0%,"11,937,300",6,6,100.0%,"1,442",1,1,한국,한국,(주)영화사오원
165,소공녀,2018-03-22,"25,500",0.0%,"-1,085,500",-97.7%,"475,563,200",5,-98,-95.1%,"59,482",1,1,한국,한국,CGV아트하우스
165,공동정범,2018-01-25,"24,000",0.0%,"-372,000",-93.9%,"86,329,300",5,-31,-86.1%,"11,896",1,1,한국,한국,"(주)엣나인필름,(주)시네마달"
165,살아남은 아이,2018-08-30,"31,000",0.0%,"31,000",100.0%,"91,189,800",5,5,100.0%,"10,974",1,1,한국,한국,"CGV아트하우스,(주)엣나인필름"
168,풀잎들,2018-10-25,"28,000",0.0%,"-621,000",-95.7%,"60,320,250",4,-82,-95.3%,"7,443",1,1,한국,한국,"(주)콘텐츠판다,(주)영화제작전원사 ,무브먼트"
168,다영씨,2018-12-06,"26,000",0.0%,"-33,000",-55.9%,"7,415,600",4,-4,-50.0%,"1,069",1,2,한국,한국,㈜인디스토리
170,죄 많은 소녀,2018-09-13,"10,500",0.0%,"-1,086,500",-99.0%,"185,508,450",2,-109,-98.2%,"21,813",1,1,한국,한국,CGV아트하우스
170,밤치기,2018-11-01,"10,000",0.0%,"-41,000",-80.4%,"17,087,450",2,-5,-71.4%,"2,139",1,1,한국,한국,무브먼트
172,발정난 온천탕 여주인,2019-01-24,"6,000",0.0%,"6,000",100.0%,"6,000",1,1,100.0%,1,1,1,일본,일본,(주)영진크리에이티브
172,유부녀의 참을 수 없는 욕정,2019-01-25,"6,000",0.0%,"6,000",100.0%,"6,000",1,1,100.0%,1,1,1,일본,일본,(주)영진크리에이티브
172,능수능란한 손길:푹빠진 며느리,2019-01-25,"6,000",0.0%,"6,000",100.0%,"6,000",1,1,100.0%,1,1,1,일본,일본,(주)영진크리에이티브
172,실제로 소장당한 청순녀,2019-01-25,"6,000",0.0%,"6,000",100.0%,"6,000",1,1,100.0%,1,1,1,일본,일본,(주)플라이어
172,임신한 아내 대신 옆집 여자,2019-01-25,"6,000",0.0%,"6,000",100.0%,"6,000",1,1,100.0%,1,1,1,일본,일본,(주)영진크리에이티브
172,거유 장모와 실제로 느끼는 사위,2019-01-25,"6,000",0.0%,"6,000",100.0%,"6,000",1,1,100.0%,1,1,1,일본,일본,(주)플라이어
172,어린 누나-무삭제판,2018-06-26,"2,000",0.0%,"2,000",100.0%,"4,000",1,1,100.0%,2,1,1,한국,한국,(주)컨텐츠 빌리지
172,젊은 미망인,2019-01-29,"6,000",0.0%,"6,000",100.0%,"6,000",1,1,100.0%,1,1,1,한국,한국,(주)라온컴퍼니플러스
172,약점잡힌 간호사,2019-01-23,"5,000",0.0%,"5,000",100.0%,"5,000",1,1,100.0%,1,1,1,일본,일본,(주)라온컴퍼니플러스
172,기묘한 이야기들: 더 포탈,2019-01-25,"1,000",0.0%,"1,000",100.0%,"1,000",1,1,100.0%,1,1,1,미국,미국,주식회사 레드아이스
172,루시퍼,2019-01-25,"1,000",0.0%,"1,000",100.0%,"1,000",1,1,100.0%,1,1,1,미국,미국,주식회사 레드아이스
172,어린 처형- 무삭제판,2019-01-22,"2,000",0.0%,"2,000",100.0%,"2,000",1,1,100.0%,1,1,1,한국,한국,(주)컨텐츠 빌리지
172,어린 누나 2 - 무삭제판,2019-01-24,"2,000",0.0%,"2,000",100.0%,"2,000",1,1,100.0%,1,1,1,한국,한국,(주)컨텐츠 빌리지
172,러빙 빈센트: 임파서블 드림,2019-01-25,"6,000",0.0%,"6,000",100.0%,"6,000",1,1,100.0%,1,1,1,영국,영국,(주)퍼스트런
172,불륜고객상담원,2019-01-23,"5,000",0.0%,"5,000",100.0%,"5,000",1,1,100.0%,1,1,1,일본,일본,(주)라온컴퍼니플러스
172,"젊은 아내, 남편 후배와 몰래",2019-01-25,"2,000",0.0%,"2,000",100.0%,"2,000",1,1,100.0%,1,1,1,일본,일본,주식회사 미콘
172,아틀란틱 림 라이징,2019-01-27,"1,000",0.0%,"1,000",100.0%,"1,000",1,1,100.0%,1,1,1,미국,미국,(주)케이알씨지
172,내친구의두엄마,2019-01-25,"5,000",0.0%,"5,000",100.0%,"5,000",1,1,100.0%,1,1,1,한국,한국,스마일컨텐츠
172,금지된 사랑 : 나는 친구의 아내를…,2019-01-25,"2,000",0.0%,"2,000",100.0%,"2,000",1,1,100.0%,1,1,1,일본,일본,(주)레드언더미디어
172,데미갓 워즈,2019-01-25,"1,000",0.0%,"1,000",100.0%,"1,000",1,1,100.0%,1,1,1,미국,미국,주식회사 레드아이스
172,여주인의 비밀 마사지,2019-01-24,"6,000",0.0%,"6,000",100.0%,"6,000",1,1,100.0%,1,1,1,일본,일본,(주)영진크리에이티브
172,데스트랩,2018-12-06,"7,000",0.0%,"-5,000",-41.7%,"247,500",1,-1,-50.0%,39,1,1,한국,한국,블리트필름
172,데들리 스토커,2019-01-24,"5,000",0.0%,"5,000",100.0%,"5,000",1,1,100.0%,1,1,1,미국,미국,라온아이(주)
172,아내의 엄마 2,2019-01-25,"6,000",0.0%,"6,000",100.0%,"6,000",1,1,100.0%,1,1,1,한국,한국,(주)영화사가을
172,할로우 차일드 : 숲 속의 문,2019-01-24,"5,000",0.0%,"5,000",100.0%,"5,000",1,1,100.0%,1,1,1,미국,미국,라온아이(주)
197,샹그리라의 야생마,,0,0.0%,0,100.0%,0,0,0,100.0%,0,2,2,중국,중국,
197,부다페스트 로큰롤,2018-12-20,0,0.0%,"-134,000",-100.0%,"8,188,400",0,-20,-100.0%,"1,144",1,1,헝가리,헝가리,알토미디어(주)
합계,,,"39,999,961,175",,,,"686,432,072,644","4,652,207",,,"82,829,340","10,438","129,840",,,
,,,,,,,,,,,,,,,,
●03주차 (2019년 01월 14일 ~ 2019년 01월 20일),,,,,,,,,,,,,,,,
순위,영화명,개봉일,매출액,매출액,매출액증감,매출액증감율,누적매출액,관객수,관객수증감,관객수증감율,누적관객수,스크린수,상영횟수,대표국적,국적,배급사
,,,,점유율,(전주대비),(전주대비),,,(전주대비),(전주대비),,,,,,
1,말모이,2019-01-09,"8,750,146,112",31.4%,"-144,677,919",-1.6%,"18,817,171,743","1,039,649","6,709",0.6%,"2,224,568","1,137","29,278",한국,한국,롯데컬처웍스(주)롯데엔터테인먼트
2,내안의 그놈,2019-01-09,"7,142,011,621",25.7%,"665,454,145",10.3%,"13,780,694,097","831,673","86,687",11.6%,"1,597,053","1,004","25,133",한국,한국,"(주)메리크리스마스,TCO(주)더콘텐츠온"
3,글래스,2019-01-17,"3,119,810,372",11.2%,"3,111,698,372",38359.2%,"3,127,922,372","339,083","338,459",54240.2%,"339,707",837,"12,858",미국,미국,월트디즈니컴퍼니코리아 유한책임회사
4,주먹왕 랄프 2: 인터넷 속으로,2019-01-03,"2,041,387,690",7.3%,"-2,538,507,315",-55.4%,"12,772,435,843","264,683","-319,248",-54.7%,"1,606,967",835,"10,485",미국,미국,월트디즈니컴퍼니코리아 유한책임회사
5,언더독,2019-01-16,"865,630,120",3.1%,"783,424,120",953.0%,"969,029,120","110,782","101,326",1071.6%,"122,573",612,"6,222",한국,한국,(주)넥스트엔터테인먼트월드(NEW)
6,아쿠아맨,2018-12-19,"834,696,090",3.0%,"-2,445,671,895",-74.6%,"43,960,270,904","98,500","-277,864",-73.8%,"5,019,235",663,"6,250",미국,"미국,호주",워너브러더스 코리아(주)
7,극장판 공룡메카드: 타이니소어의 섬,2019-01-10,"676,177,450",2.4%,"-1,554,549,990",-69.7%,"2,912,790,890","89,691","-199,533",-69.0%,"379,569",568,"5,284",한국,한국,(주)넥스트엔터테인먼트월드(NEW)
8,보헤미안 랩소디,2018-10-31,"707,920,070",2.5%,"-812,927,020",-53.5%,"85,678,972,455","81,131","-94,159",-53.7%,"9,866,810",505,"4,036",미국,미국,"월트디즈니컴퍼니코리아 유한책임회사,이십세기폭스코리아(주)"
9,미래의 미라이,2019-01-16,"615,140,177",2.2%,"602,252,177",4673.0%,"642,752,977","74,982","73,550",5136.2%,"77,985",508,"4,783",일본,일본,메가박스중앙(주)플러스엠
10,그린 북,2019-01-09,"640,876,950",2.3%,"-180,668,574",-22.0%,"1,530,251,174","73,679","-19,003",-20.5%,"173,248",383,"3,676",미국,미국,CGV아트하우스
11,그대 이름은 장미,2019-01-16,"506,081,820",1.8%,"445,597,820",736.7%,"609,946,820","60,894","54,640",873.7%,"71,778",540,"5,529",한국,한국,(주)리틀빅픽쳐스
12,구스 베이비,2019-01-16,"435,582,730",1.6%,"423,828,730",3605.8%,"447,606,730","59,169","57,863",4430.6%,"60,505",424,"2,976",미국,미국,(주)이수C&E
13,쿠르스크,2019-01-16,"229,925,300",0.8%,"196,436,800",586.6%,"300,021,800","26,480","22,215",520.9%,"35,317",192,"1,989",벨기에,벨기에,"(주)제이앤씨미디어그룹,TCO(주)더콘텐츠온"
14,왕이 될 아이,2019-01-16,"177,239,150",0.6%,"170,759,150",2635.2%,"183,719,150","22,403","21,755",3357.3%,"23,051",264,"1,960",미국,미국,이십세기폭스코리아(주)
15,드래곤 길들이기,2010-05-20,"171,218,000",0.6%,"171,218,000",100.0%,"27,277,401,500","15,859","15,859",100.0%,"2,587,673",33,870,미국,미국,"유니버설픽쳐스인터내셔널 코리아(유),CJ ENM"
16,극한직업,2019-01-23,"137,250,000",0.5%,"105,271,000",329.2%,"169,229,000","15,473","11,788",319.9%,"19,158",40,75,한국,한국,(주)씨제이이엔엠
17,스파이더맨: 뉴 유니버스,2018-12-12,"81,274,130",0.3%,"-72,798,890",-47.2%,"5,875,296,826","10,591","-7,241",-40.6%,"706,523",49,413,미국,미국,소니픽쳐스엔터테인먼트코리아주식회사극장배급지점
18,일일시호일,2019-01-17,"73,513,550",0.3%,"68,062,050",1248.5%,"78,965,050","8,850","8,218",1300.3%,"9,482",55,356,일본,일본,(주)영화사 진진
19,범블비,2018-12-25,"53,642,670",0.2%,"-465,183,440",-89.7%,"13,080,517,307","6,894","-56,497",-89.1%,"1,560,385",244,765,미국,미국,롯데컬처웍스(주)롯데엔터테인먼트
20,인생 후르츠,2018-12-06,"40,898,350",0.1%,"-16,115,700",-28.3%,"423,127,900","5,288","-2,269",-30.0%,"55,173",27,214,일본,일본,(주)엣나인필름
21,스윙키즈,2018-12-19,"32,989,730",0.1%,"-245,712,330",-88.2%,"12,059,461,392","4,922","-29,946",-85.9%,"1,467,795",106,321,한국,한국,(주)넥스트엔터테인먼트월드(NEW)
22,명탐정 코난 : 제로의 집행인,2018-08-08,"37,921,000",0.1%,"-109,973,000",-74.4%,"3,203,255,361","4,711","-13,301",-73.8%,"419,217",31,346,일본,일본,(주)씨제이이엔엠
23,PMC: 더 벙커,2018-12-26,"35,267,050",0.1%,"-452,940,930",-92.8%,"14,011,719,924","4,099","-53,426",-92.9%,"1,669,299",205,597,한국,한국,(주)씨제이이엔엠
24,리지,2019-01-10,"32,019,950",0.1%,"-2,739,400",-7.9%,"75,047,400","3,838",-129,-3.3%,"8,491",46,471,미국,미국,(주)팝엔터테인먼트
25,빌리어네어 보이즈클럽,2019-01-10,"28,515,200",0.1%,"-87,193,900",-75.4%,"145,340,300","3,355","-9,368",-73.6%,"16,202",137,686,미국,미국,"(주)키다리이엔티,플레이리스트(주)"
26,드래곤 길들이기 3,2019-01-30,"28,545,000",0.1%,"28,545,000",100.0%,"28,545,000","2,890","2,890",100.0%,"2,890",12,17,미국,미국,유니버설픽쳐스인터내셔널 코리아(유)
27,점박이 한반도의 공룡2 : 새로운 낙원,2018-12-25,"20,269,350",0.1%,"-159,382,450",-88.7%,"4,282,912,700","2,872","-21,864",-88.4%,"548,661",80,228,한국,한국,(주)넥스트엔터테인먼트월드(NEW)
28,로마,2018-12-12,"20,933,000",0.1%,"-8,262,800",-28.3%,"264,976,400","2,533",-893,-26.1%,"32,331",16,129,멕시코,멕시코,판씨네마(주)
29,레토,2019-01-03,"20,525,830",0.1%,"-36,469,070",-64.0%,"168,887,080","2,471","-4,062",-62.2%,"19,340",59,308,러시아,"러시아,프랑스","(주)엣나인필름,플레이리스트(주)"
30,국가부도의 날,2018-11-28,"10,668,650",0.0%,"4,954,550",86.7%,"30,888,512,337","1,991","1,044",110.2%,"3,754,499",27,67,한국,한국,(주)씨제이이엔엠
31,우행록: 어리석은 자의 기록,2019-01-17,"16,887,000",0.1%,"7,675,400",83.3%,"26,098,600","1,882",914,94.4%,"2,850",36,192,일본,일본,(주)드림팩트엔터테인먼트
32,미스터 스마일,2018-12-27,"10,818,200",0.0%,"-18,583,400",-63.2%,"174,113,300","1,523","-2,446",-61.6%,"21,259",30,149,미국,미국,(주)티캐스트
33,이차크의 행복한 바이올린,2018-12-20,"10,547,200",0.0%,"-7,399,400",-41.2%,"110,368,150","1,465",-939,-39.1%,"14,527",18,103,미국,미국,(주)영화사 진진
34,그린치,2018-12-19,"7,914,500",0.0%,"-31,707,350",-80.0%,"4,176,720,400","1,439","-4,628",-76.3%,"551,319",12,46,미국,미국,유니버설픽쳐스인터내셔널 코리아(유)
35,극장판 짱구는 못말려: 아뵤! 쿵후 보이즈 ~라면 대란~,2018-12-19,"9,264,200",0.0%,"-70,138,150",-88.3%,"2,735,212,650","1,270","-9,379",-88.1%,"352,988",39,109,일본,일본,(주)씨제이이엔엠
36,전쟁과 애욕,,"2,412,000",0.0%,"2,412,000",100.0%,"2,937,000","1,206","1,206",100.0%,"1,397",1,11,미국,미국,
37,메이트,2019-01-17,"9,211,500",0.0%,"6,376,500",224.9%,"12,092,500","1,067",752,238.7%,"1,392",21,97,한국,한국,(주)콘텐츠 난다긴다
38,샤이닝,,"10,003,600",0.0%,"-5,581,000",-35.8%,"54,511,400","1,055",-605,-36.4%,"6,545",23,109,미국,미국,
39,언니,2019-01-01,"7,942,000",0.0%,"-199,683,400",-96.2%,"1,757,207,250","1,018","-23,855",-95.9%,"198,229",72,229,한국,한국,"(주)제이앤씨미디어그룹,TCO(주)더콘텐츠온"
40,아이스,2019-02-07,"8,712,000",0.0%,"-836,800",-8.8%,"34,618,100",968,-909,-48.4%,"5,032",2,4,러시아,러시아,(주)마노엔터테인먼트
41,캉캉,,"1,925,000",0.0%,"1,925,000",100.0%,"1,925,000",960,960,100.0%,960,1,12,미국,미국,
42,가버나움,2019-01-24,"6,438,000",0.0%,"3,423,000",113.5%,"19,894,900",863,528,157.6%,"2,211",2,5,기타,기타,"그린나래미디어(주),플레이리스트(주)"
43,스타 이즈 본,2018-10-09,"6,440,600",0.0%,"4,789,200",290.0%,"4,207,271,400",845,651,335.6%,"485,080",11,17,미국,미국,워너브러더스 코리아(주)
44,헤어졌을때와 만났을때,,"1,691,000",0.0%,"1,691,000",100.0%,"1,691,000",843,843,100.0%,843,1,8,미국,미국,
45,시계태엽 오렌지,,"8,025,000",0.0%,"-4,545,100",-36.2%,"39,330,000",836,-510,-37.9%,"4,644",27,107,미국,미국,
46,더 서치,2019-01-17,"6,484,550",0.0%,"5,609,050",640.7%,"8,494,050",807,734,1005.5%,"1,006",17,80,프랑스,프랑스,(주)영화사오원
47,몬스터 파크,2019-01-23,"6,501,000",0.0%,"6,501,000",100.0%,"6,501,000",769,769,100.0%,769,3,5,영국,"영국,멕시코",(주)박수엔터테인먼트
48,러빙 빈센트 : 비하인드 에디션,2018-12-13,"5,976,200",0.0%,"-2,727,700",-31.3%,"200,020,950",767,-357,-31.8%,"23,483",8,53,영국,영국,(주)이수C&E
49,폭풍의 언덕,,"1,383,000",0.0%,"1,383,000",100.0%,"17,075,000",689,689,100.0%,"8,425",1,10,미국,미국,
50,2001 스페이스 오디세이,,"5,674,500",0.0%,"-5,585,900",-49.6%,"54,406,500",630,-627,-49.9%,"6,396",21,95,영국,"영국,미국",
51,선종 무문관,2018-12-13,"4,425,000",0.0%,"-2,862,000",-39.3%,"22,090,800",501,-312,-38.4%,"2,527",3,19,한국,한국,(주)드림팩트엔터테인먼트
52,밴드 웨건,,"950,000",0.0%,"950,000",100.0%,"4,312,000",475,475,100.0%,"2,146",1,15,미국,미국,
53,행맨,2019-01-23,"4,248,000",0.0%,"4,248,000",100.0%,"4,248,000",472,472,100.0%,472,1,3,미국,미국,(주)박수엔터테인먼트
54,바울,2018-10-31,"3,984,700",0.0%,"-2,011,400",-33.5%,"2,125,074,900",454,-307,-40.3%,"270,845",8,53,미국,미국,(재)CBS
55,슈퍼소닉,2016-11-24,"3,940,700",0.0%,"135,700",3.6%,"141,092,928",436,37,9.3%,"16,772",9,36,영국,영국,주식회사 씨네룩스
56,김광석,2017-08-30,"870,000",0.0%,"870,000",100.0%,"773,353,500",435,435,100.0%,"98,666",1,15,한국,한국,(주)무빙픽쳐스컴퍼니
57,유리씨즈,1975-12-27,"840,000",0.0%,"222,000",35.9%,"23,234,000",420,116,38.2%,"11,856",1,8,이탈리아,이탈리아,
58,얼굴들,2019-01-24,"2,472,000",0.0%,"672,000",37.3%,"5,928,000",412,232,128.9%,836,2,2,한국,한국,(주)시네마달
59,데미트리아스,1977-02-18,"779,000",0.0%,"779,000",100.0%,"11,211,000",388,388,100.0%,"5,564",1,6,미국,미국,
60,마약왕,2018-12-19,"2,876,130",0.0%,"-44,232,330",-93.9%,"16,218,924,442",368,"-5,359",-93.6%,"1,863,651",10,35,한국,한국,(주)쇼박스
61,베스와 베라,2019-01-24,"3,419,000",0.0%,"3,419,000",100.0%,"3,419,000",357,357,100.0%,357,1,2,프랑스,프랑스,(주)팝엔터테인먼트
62,라라랜드,2016-12-07,"2,950,500",0.0%,"25,000",0.9%,"30,022,563,494",345,9,2.7%,"3,599,069",5,23,미국,미국,판씨네마(주)
63,"두 번째 여름, 두 번 다시 만날 수 없는 너",2019-01-23,"2,961,000",0.0%,"1,602,000",117.9%,"4,320,000",329,178,117.9%,480,2,2,일본,일본,"(주)브리즈픽처스,(주)영화사오원"
64,이월,2019-01-30,"2,943,000",0.0%,"2,943,000",100.0%,"4,332,000",327,327,100.0%,546,2,3,한국,한국,무브먼트
65,산상수훈,2017-12-07,"2,757,650",0.0%,"-71,350",-2.5%,"371,519,050",325,-7,-2.1%,"50,307",4,5,한국,한국,"이언픽쳐스,(주)그란"
66,창궐,2018-10-25,"2,464,000",0.0%,"2,464,000",100.0%,"13,278,236,490",308,308,100.0%,"1,599,598",2,2,한국,한국,(주)넥스트엔터테인먼트월드(NEW)
67,원더,2017-12-27,"1,445,000",0.0%,"-494,500",-25.5%,"2,013,426,189",289,67,30.2%,"264,059",1,1,미국,미국,"CGV아트하우스,그린나래미디어(주)"
68,창간호,2019-01-17,"2,489,650",0.0%,"-849,350",-25.4%,"5,828,650",283,-88,-23.7%,654,7,27,한국,한국,(주)트리플픽쳐스
69,어른이 되면,2018-12-13,"1,838,500",0.0%,"373,000",25.5%,"37,394,400",270,42,18.4%,"5,141",7,45,한국,한국,(주)시네마달
70,노다지,,"532,000",0.0%,"532,000",100.0%,"7,164,000",266,266,100.0%,"3,584",1,6,한국,한국,
71,생일,2019-04-03,"1,834,000",0.0%,"1,834,000",100.0%,"1,834,000",262,262,100.0%,262,1,1,한국,한국,(주)넥스트엔터테인먼트월드(NEW)
71,증인,2019-02-13,"2,096,000",0.0%,"2,096,000",100.0%,"2,096,000",262,262,100.0%,262,1,1,한국,한국,롯데컬처웍스(주)롯데엔터테인먼트
73,칠곡 가시나들,2019-02-27,"2,470,000",0.0%,"1,336,000",117.8%,"4,154,000",247,121,96.0%,466,1,1,한국,한국,"(주)인디플러그,(주)더 피플"
74,극장판 포켓몬스터 모두의 이야기,2018-12-19,"1,718,000",0.0%,"-70,798,500",-97.6%,"1,523,498,950",243,"-7,214",-96.7%,"194,677",22,37,일본,일본,(주)이수C&E
75,포켓에 가득찬 행복,,"484,000",0.0%,"374,000",340.0%,"4,282,000",237,182,330.9%,"1,654",1,3,미국,미국,
76,우정어린 설복,,"467,000",0.0%,"467,000",100.0%,"5,999,000",232,232,100.0%,"3,001",1,4,미국,미국,
77,부탁 하나만 들어줘,2018-12-12,"1,707,300",0.0%,"-5,096,650",-74.9%,"1,028,298,738",206,-612,-74.8%,"118,945",4,18,미국,미국,(주)팝엔터테인먼트
78,라 트라비아타,2017-01-22,"3,354,500",0.0%,"-474,500",-12.4%,"45,211,000",203,-37,-15.4%,"2,032",6,12,독일,독일,(주)케빈앤컴퍼니
79,사랑의 묘약,2018-07-07,"3,086,500",0.0%,"-608,000",-16.5%,"51,798,500",197,-34,-14.7%,"2,461",6,12,미국,미국,(주) 인스터 글로벌
80,23 아이덴티티,2017-02-22,"1,728,000",0.0%,"1,728,000",100.0%,"13,611,376,135",192,192,100.0%,"1,676,011",1,1,미국,미국,유니버설픽쳐스인터내셔널 코리아(유)
81,오다기리 죠의 도쿄타워,2007-10-25,"1,615,000",0.0%,"1,331,000",468.7%,"362,805,000",185,151,444.1%,"55,965",2,5,일본,일본,"(주)엔케이컨텐츠,스폰지"
82,버블 패밀리,2018-12-20,"1,140,000",0.0%,"-445,700",-28.1%,"10,594,900",181,-34,-15.8%,"1,617",8,41,한국,한국,무브먼트
83,야생의 순수,,"344,000",0.0%,"344,000",100.0%,"4,179,000",172,172,100.0%,"1,944",1,6,프랑스,"프랑스,이탈리아,영국",
84,등산의 참맛,2019-01-15,"942,000",0.0%,"942,000",100.0%,"942,000",171,171,100.0%,171,20,20,한국,한국,(주)라온컴퍼니플러스
84,원스,2007-09-20,"1,495,000",0.0%,"180,500",13.7%,"1,891,887,500",171,30,21.3%,"271,285",7,20,아일랜드,아일랜드,"(주)제이앤씨미디어그룹,(주)영화사 진진"
86,파이널리스트,2019-01-24,"1,494,000",0.0%,"1,494,000",100.0%,"1,494,000",166,166,100.0%,166,1,1,벨기에,벨기에,(주)트리플픽쳐스
87,레인보우: 나의 사랑,2019-01-03,"946,700",0.0%,"-3,345,500",-77.9%,"14,159,350",163,-436,-72.8%,"1,878",12,36,이탈리아,"이탈리아,프랑스",(주)마노엔터테인먼트
87,번개맨의 비밀,2018-12-06,"912,000",0.0%,"21,000",2.4%,"395,038,050",163,15,10.1%,"51,026",1,2,한국,한국,(주)디스테이션
89,깊은밤 깊은 곳에,1979-01-20,"312,000",0.0%,"312,000",100.0%,"2,464,000",156,156,100.0%,"1,144",1,6,미국,미국,
90,폴란드로 간 아이들,2018-10-31,"922,000",0.0%,"-748,500",-44.8%,"375,825,300",154,-51,-24.9%,"49,044",2,7,한국,한국,커넥트픽쳐스(주)
91,1월 단편 상상극장-더 비기닝,,"1,200,000",0.0%,"600,000",100.0%,"1,800,000",150,75,100.0%,225,1,2,한국,한국,
92,쥬발,,"298,000",0.0%,"-112,000",-27.3%,"1,939,000",149,-56,-27.3%,"1,001",1,3,미국,미국,
93,앙: 단팥 인생 이야기,2015-09-10,"1,288,500",0.0%,"997,500",342.8%,"223,398,362",142,108,317.6%,"28,066",2,6,일본,일본,그린나래미디어(주)
94,극장판 헬로카봇: 옴파로스 섬의 비밀,2019-01-31,"700,000",0.0%,"700,000",100.0%,"700,000",140,140,100.0%,140,1,1,한국,한국,(주)넥스트엔터테인먼트월드(NEW)
95,심판자들,2018-04-13,"696,000",0.0%,"-1,599,000",-69.7%,"8,611,000",138,-321,-69.9%,"3,328",1,1,미국,미국,제인앤유
96,어느 가족,2018-07-26,"1,264,500",0.0%,"236,500",23.0%,"1,413,953,400",131,25,23.6%,"170,980",2,4,일본,일본,(주)티캐스트
97,왕과 나,,"256,000",0.0%,"256,000",100.0%,"10,587,000",128,128,100.0%,"4,945",1,6,미국,미국,
98,극장판 유희왕 더 다크 사이드 오브 디멘션즈,2016-06-09,"1,270,000",0.0%,"1,270,000",100.0%,"258,319,200",127,127,100.0%,"32,374",1,1,일본,일본,(주)넥스트엔터테인먼트월드(NEW)
99,크리미널 게임: 보석 사기단,2019-01-23,"1,134,000",0.0%,"1,134,000",100.0%,"1,134,000",126,126,100.0%,126,1,1,캐나다,캐나다,와이드 릴리즈(주)
100,티파니에서 아침을,2011-08-26,"244,000",0.0%,"244,000",100.0%,"77,506,700",122,122,100.0%,"20,665",1,8,미국,미국,주식회사 마운틴픽쳐스
101,걸즈 앤 판처 극장판,2016-08-25,"1,320,000",0.0%,"1,320,000",100.0%,"288,552,100",120,120,100.0%,"31,967",1,1,일본,일본,"(주)머스트씨무비릴리징컴퍼니,주식회사 온 피크"
102,벙어리 삼룡이,1964-11-13,"234,000",0.0%,"234,000",100.0%,"11,283,000",117,117,100.0%,"5,483",1,8,한국,한국,
103,죄 많은 소녀,2018-09-13,"1,097,000",0.0%,"1,097,000",100.0%,"185,497,950",111,111,100.0%,"21,811",1,1,한국,한국,CGV아트하우스
104,300 스파르탄,,"216,000",0.0%,"44,000",25.6%,"5,546,000",108,22,25.6%,"2,808",1,7,미국,미국,
105,걸어도 걸어도,2009-06-18,"956,200",0.0%,"411,200",75.4%,"256,692,800",107,45,72.6%,"34,667",2,6,일본,일본,(주)영화사 진진
106,미쓰백,2018-10-11,"792,000",0.0%,"792,000",100.0%,"6,041,136,066",104,104,100.0%,"722,286",2,2,한국,한국,(주)리틀빅픽쳐스
107,그때 그들,2019-03-07,"618,000",0.0%,"618,000",100.0%,"618,000",103,103,100.0%,103,1,1,이탈리아,이탈리아,(주)영화사 진진
107,디어헌터,1979-03-03,"556,000",0.0%,"372,000",202.2%,"3,031,000",103,64,164.1%,567,1,1,미국,미국,
107,소공녀,2018-03-22,"1,111,000",0.0%,"1,111,000",100.0%,"475,537,700",103,103,100.0%,"59,477",1,1,한국,한국,CGV아트하우스
110,데드풀 2: 순한맛,2019-01-03,"774,000",0.0%,"-9,153,100",-92.2%,"44,553,400",100,"-1,096",-91.6%,"5,191",3,8,미국,미국,이십세기폭스코리아(주)
111,하우스 오브 스피리트,1993-12-24,"494,000",0.0%,"170,000",52.5%,"1,123,000",98,37,60.7%,234,1,1,독일,독일,
112,리스본의 미스터리,,"473,000",0.0%,"-37,000",-7.3%,"2,153,000",97,-9,-8.5%,416,1,1,포르투갈,"포르투갈,프랑스,브라질",
113,갈매기,2018-12-13,"744,000",0.0%,"-1,684,000",-69.4%,"97,504,950",94,-218,-69.9%,"11,864",7,17,미국,미국,(주)뮤제엔터테인먼트
114,더 파티,2018-12-20,"629,000",0.0%,"-2,463,000",-79.7%,"64,268,450",93,-330,-78.0%,"7,865",5,15,영국,영국,(주)라이크콘텐츠
115,마미,2014-12-18,"894,000",0.0%,"894,000",100.0%,"468,186,544",91,91,100.0%,"58,957",1,1,캐나다,"캐나다,프랑스",(주)엣나인필름
116,동심초,,"178,000",0.0%,"178,000",100.0%,"11,971,000",89,89,100.0%,"6,020",1,8,한국,한국,
117,풀잎들,2018-10-25,"649,000",0.0%,"528,000",436.4%,"60,292,250",86,68,377.8%,"7,439",1,6,한국,한국,"(주)콘텐츠판다,(주)영화제작전원사 ,무브먼트"
117,하이 눈,,"177,000",0.0%,"177,000",100.0%,"19,692,000",86,86,100.0%,"9,181",1,8,미국,미국,
119,완전 범죄,,"164,000",0.0%,"164,000",100.0%,"1,342,000",82,82,100.0%,275,1,1,이탈리아,이탈리아,
120,우묵배미의 사랑,1990-03-31,"158,000",0.0%,"158,000",100.0%,"9,381,650",79,79,100.0%,"2,491",1,4,한국,한국,(주)드림팩트엔터테인먼트
121,메리 셸리: 프랑켄슈타인의 탄생,2018-12-20,"634,500",0.0%,"-1,782,500",-73.7%,"87,167,000",78,-216,-73.5%,"10,471",6,17,미국,"미국,영국",(주)팝엔터테인먼트
122,헌터 킬러,2018-12-06,"540,000",0.0%,"-775,000",-58.9%,"467,976,450",72,-120,-62.5%,"56,932",1,6,미국,미국,(주)키다리이엔티
122,"단, 비 : 제20회 부산독립영화제 씨네보배 배급선정작 순회상영회",,"468,000",0.0%,"468,000",100.0%,"468,000",72,72,100.0%,72,1,2,한국,한국,
124,군산: 거위를 노래하다,2018-11-08,"521,000",0.0%,"426,000",448.4%,"127,229,500",71,54,317.6%,"15,439",2,8,한국,한국,(주)트리플픽쳐스
125,예수의 마지막 유혹,2002-01-25,"366,000",0.0%,"222,000",154.2%,"510,000",70,39,125.8%,101,1,1,미국,미국,(주)코리아준
126,보통사람들,,"332,000",0.0%,"234,000",238.8%,"806,000",68,47,223.8%,167,1,1,미국,미국,
127,하나 빼고 완벽한 뉴욕 아파트,2018-12-27,"547,000",0.0%,"-3,671,600",-87.0%,"53,241,300",66,-480,-87.9%,"6,225",6,19,미국,미국,판씨네마(주)
128,어거스트 러쉬,2007-11-29,"136,000",0.0%,"-39,000",-22.3%,"14,346,340,600",65,-2,-3.0%,"2,227,590",1,2,미국,미국,"(주)영화사 그램,CJ ENM"
129,인 디 아일,2018-11-22,"518,000",0.0%,"-852,000",-62.2%,"86,138,900",61,-97,-61.4%,"10,052",2,9,독일,독일,M&M 인터내셔널
130,셀피 프롬 헬,,"300,000",0.0%,"300,000",100.0%,"300,000",60,60,100.0%,60,1,1,캐나다,"캐나다,독일",
130,빨간머리 앤 : 그린게이블로 가는 길,2013-01-09,"420,000",0.0%,"420,000",100.0%,"166,697,500",60,60,100.0%,"23,642",1,1,일본,일본,(주)미디어데이
130,모털 엔진,2018-12-05,"300,000",0.0%,"-1,800,000",-85.7%,"2,329,489,119",60,-360,-85.7%,"268,921",1,1,미국,미국,유니버설픽쳐스인터내셔널 코리아(유)
133,킹 오브 프리즘 - 프라이드 더 히어로,2017-06-10,"448,000",0.0%,"-1,392,000",-75.7%,"1,076,417,750",58,-126,-68.5%,"128,123",2,2,일본,일본,"동우에이앤이(주),(주)박수엔터테인먼트"
134,스잔나,1981-07-17,"112,000",0.0%,"-530,000",-82.6%,"6,038,000",56,-260,-82.3%,"2,979",1,4,홍콩,홍콩,
135,우경,,"355,000",0.0%,"355,000",100.0%,"479,000",54,54,100.0%,72,1,5,한국,한국,
136,두 번째 겨울,2018-12-27,"325,000",0.0%,"-218,000",-40.1%,"1,502,400",52,-28,-35.0%,225,4,20,한국,한국,(주)미로스페이스
136,타샤 튜더,2018-09-13,"402,000",0.0%,"287,000",249.6%,"365,220,850",52,38,271.4%,"46,109",1,3,일본,일본,(주)마노엔터테인먼트
138,캐롤,2016-02-04,"377,000",0.0%,"-1,382,500",-78.6%,"2,698,205,253",43,-156,-78.4%,"325,511",1,1,미국,"미국,영국",CGV아트하우스
139,허드,,"198,000",0.0%,"198,000",100.0%,"198,000",42,42,100.0%,42,1,2,미국,미국,
140,악마는 프라다를 입는다,2006-10-25,"190,000",0.0%,"48,000",33.8%,"8,378,107,400",41,14,51.9%,"1,378,240",1,1,미국,미국,"(주)퍼스트런,글뫼 주식회사,이십세기폭스코리아(주)"
141,"안녕, 나의 소녀 시절이여",2018-12-12,"128,000",0.0%,"-602,000",-82.5%,"17,846,500",39,-65,-62.5%,"2,283",3,21,한국,한국,(주)드림팩트엔터테인먼트
142,영주,2018-11-22,"273,000",0.0%,"95,000",53.4%,"192,603,750",37,11,42.3%,"24,804",3,12,한국,한국,CGV아트하우스
142,킹 오브 프리즘 (바이 프리티 리듬),2016-08-11,"282,150",0.0%,"-1,557,850",-84.7%,"1,000,331,150",37,-147,-79.9%,"120,393",2,2,일본,일본,(주)박수엔터테인먼트
144,맨하탄,,"176,000",0.0%,"-40,000",-18.5%,"574,000",36,-10,-21.7%,117,1,1,미국,미국,
144,공동정범,2018-01-25,"396,000",0.0%,"228,000",135.7%,"86,305,300",36,8,28.6%,"11,891",1,1,한국,한국,"(주)엣나인필름,(주)시네마달"
144,어둠속의 외침,,"172,000",0.0%,"172,000",100.0%,"172,000",36,36,100.0%,36,1,2,호주,"호주,미국",
147,귀여운 여도적,1990-04-28,"160,000",0.0%,"160,000",100.0%,"160,000",32,32,100.0%,32,1,1,프랑스,프랑스,미라맥스 필름즈
148,대열차강도,1979-08-11,"62,000",0.0%,"-136,000",-68.7%,"260,000",31,-68,-68.7%,130,1,1,미국,미국,
148,길고 긴 여름날,,"62,000",0.0%,"62,000",100.0%,"5,075,000",31,31,100.0%,"2,515",1,1,미국,미국,
150,율리시즈의 시선,1996-10-19,"134,000",0.0%,"-58,000",-30.2%,"1,874,000",29,-10,-25.6%,304,1,1,그리스,"그리스,프랑스,이탈리아,독일,영국,유고슬라비아",
150,고스트 스토리,2017-12-28,"257,000",0.0%,"62,000",31.8%,"72,925,400",29,7,31.8%,"8,550",1,1,미국,미국,"(주)리틀빅픽쳐스,주식회사 더쿱"
152,할머니의 먼 집,2016-09-29,"54,000",0.0%,"-25,000",-31.6%,"28,083,900",27,0,0.0%,"4,753",1,14,한국,한국,KT&G 상상마당 영화사업팀 컴퍼니에스에스(주)
153,검은 난초,,"50,000",0.0%,"-38,000",-43.2%,"4,914,000",25,-19,-43.2%,"2,009",1,1,미국,미국,
154,호두까기 인형과 4개의 왕국,2018-12-06,"192,000",0.0%,"-2,382,500",-92.5%,"4,153,747,200",24,-297,-92.5%,"518,272",1,3,미국,미국,월트디즈니컴퍼니코리아 유한책임회사
155,그랜드 부다페스트 호텔,2014-03-20,"71,500",0.0%,"-13,000",-15.4%,"6,398,149,782",23,-4,-14.8%,"817,165",1,4,미국,"미국,독일","(주)피터팬픽쳐스,이십세기폭스코리아(주)"
156,뷰티풀 데이즈,2018-11-21,"114,000",0.0%,"102,000",850.0%,"54,714,550",22,20,1000.0%,"7,326",1,2,한국,"한국,프랑스","(주)콘텐츠판다,(주)스마일이엔티"
157,오렌지필름 기획전-핑퐁,,"139,500",0.0%,"-56,500",-28.8%,"383,500",21,-7,-25.0%,56,1,2,한국,한국,
157,졸업,2019-11-07,"147,000",0.0%,"147,000",100.0%,"976,000",21,21,100.0%,174,1,1,한국,한국,(주)시네마달
159,여직원들 : 직장 연애사 2,2019-01-17,"105,000",0.0%,"105,000",100.0%,"105,000",20,20,100.0%,20,20,20,한국,한국,(주)영화사가을
159,내 동생의 아내,2019-01-14,"105,000",0.0%,"105,000",100.0%,"105,000",20,20,100.0%,20,20,20,한국,한국,(주)영화사가을
159,부다페스트 로큰롤,2018-12-20,"134,000",0.0%,"-83,000",-38.2%,"8,188,400",20,-17,-45.9%,"1,144",2,5,헝가리,헝가리,알토미디어(주)
162,"1991, 봄",2018-10-31,"136,000",0.0%,"96,000",240.0%,"43,117,750",19,14,280.0%,"5,743",1,4,한국,한국,(주)인디플러그
162,챔프,1979-09-08,"102,000",0.0%,"62,000",155.0%,"5,404,000",19,10,111.1%,"2,579",1,1,미국,미국,
164,새벽의 약속,2018-11-22,"143,000",0.0%,"120,000",521.7%,"28,474,850",18,15,500.0%,"3,682",1,3,프랑스,프랑스,(주)일레븐엔터테인먼트
165,잃어버린 전주곡,,"74,000",0.0%,"-22,000",-22.9%,"374,000",16,-4,-20.0%,78,1,1,미국,미국,
166,내 마음의 고향,2014-11-27,"30,000",0.0%,"30,000",100.0%,"1,164,000",15,15,100.0%,334,1,8,한국,한국,더 필름클래식 프로덕션
166,홀리데이 인,,"30,000",0.0%,"30,000",100.0%,"2,072,000",15,15,100.0%,693,1,1,,,
168,성월동화,1999-08-28,"89,800",0.0%,"-260,200",-74.3%,"25,982,800",14,-39,-73.6%,"3,441",1,4,중국,중국,(주)영화사오원
168,집의 시간들,2018-10-25,"127,000",0.0%,"-77,000",-37.7%,"24,705,450",14,-11,-44.0%,"2,968",1,4,한국,한국,KT&G 상상마당 영화사업팀 컴퍼니에스에스(주)
168,바르데즈,1973-03-16,"28,000",0.0%,"-208,000",-88.1%,"264,000",14,-104,-88.1%,132,1,1,미국,미국,
171,김새벽 배우 특별전(인디스데이),,"77,000",0.0%,"77,000",100.0%,"77,000",13,13,100.0%,13,1,3,한국,한국,
172,사랑해! 진영아,2013-11-07,"84,000",0.0%,"-21,000",-20.0%,"34,978,000",12,-3,-20.0%,"4,978",1,12,한국,한국,"㈜인디스토리,(주)인디플러그"
173,카메라를 멈추면 안 돼!,2018-08-23,"79,000",0.0%,"-133,000",-62.7%,"173,409,766",9,-15,-62.5%,"19,846",1,1,일본,일본,"(주)디오시네마,(주)영화사 그램"
173,당갈,2018-04-25,"57,000",0.0%,"-34,000",-37.4%,"906,823,500",9,-5,-35.7%,"109,500",3,9,인도,인도,(주)넥스트엔터테인먼트월드(NEW)
175,다영씨,2018-12-06,"59,000",0.0%,"-68,000",-53.5%,"7,389,600",8,-12,-60.0%,"1,065",2,4,한국,한국,㈜인디스토리
176,밤치기,2018-11-01,"51,000",0.0%,"29,000",131.8%,"17,077,450",7,4,133.3%,"2,137",1,2,한국,한국,무브먼트
176,브로크백 마운틴,2006-03-01,"49,000",0.0%,"-349,000",-87.7%,"1,454,799,300",7,-51,-87.9%,"219,686",1,1,미국,미국,"유니버설픽쳐스인터내셔널 코리아(유),CJ ENM"
178,소울 오브 브레드,2013-12-26,"38,000",0.0%,"3,700",10.8%,"8,149,300",6,1,20.0%,"1,202",1,4,대만,대만,(유)영화사 화수분
178,다잉,2018-12-27,"40,000",0.0%,"-50,600",-55.8%,"1,738,900",6,-8,-57.1%,340,1,2,스페인,스페인,(주)더블앤조이픽쳐스
180,도어락,2018-12-05,"21,000",0.0%,"-577,500",-96.5%,"12,799,000,486",4,-67,-94.4%,"1,560,427",1,2,한국,한국,메가박스중앙(주)플러스엠
180,방황의 날들,2007-09-07,"8,000",0.0%,0,0.0%,"9,912,500",4,0,0.0%,"2,037",1,4,한국,한국,위드시네마
180,나무없는 산,2009-08-27,"8,000",0.0%,"8,000",100.0%,"57,304,500",4,4,100.0%,"8,679",1,4,한국,한국,CJ ENM
180,야공작,2017-06-01,"24,000",0.0%,"-27,000",-52.9%,"1,927,000",4,-5,-55.6%,334,1,3,중국,"중국,프랑스",(주)액티버스엔터테인먼트
180,천당의 밤과 안개,2018-11-29,"44,000",0.0%,"-147,000",-77.0%,"3,678,200",4,-17,-81.0%,333,1,2,한국,한국,주식회사 마운틴픽쳐스
185,연연풍진,,"15,000",0.0%,"-78,000",-83.9%,"6,794,500",3,-13,-81.3%,"1,057",1,1,대만,대만,
186,데스트랩,2018-12-06,"12,000",0.0%,"7,000",140.0%,"240,500",2,1,100.0%,38,1,2,한국,한국,블리트필름
186,아메리카 타운,2018-12-06,"11,000",0.0%,"-29,000",-72.5%,"1,289,000",2,-4,-66.7%,217,1,2,한국,한국,전국예술영화관협회
188,물좋은하숙집2,2019-01-18,"5,000",0.0%,"5,000",100.0%,"5,000",1,1,100.0%,1,1,1,한국,한국,에이원 미디어
188,그림자 킬러,2019-01-17,"5,000",0.0%,"5,000",100.0%,"5,000",1,1,100.0%,1,1,1,미국,미국,라온아이(주)
188,미션 이스탄불5: 더 파이널,2019-01-15,"2,000",0.0%,"2,000",100.0%,"2,000",1,1,100.0%,1,1,1,독일,독일,(주)시네마리퍼블릭
188,미션 이스탄불4: 익스트림 데이,2019-01-15,"2,000",0.0%,"2,000",100.0%,"2,000",1,1,100.0%,1,1,1,독일,독일,(주)시네마리퍼블릭
188,동갑내기 엄마-무삭제,2019-01-18,"5,000",0.0%,"5,000",100.0%,"5,000",1,1,100.0%,1,1,1,한국,한국,스마일컨텐츠
188,마담 B,2018-11-15,"8,000",0.0%,"-24,000",-75.0%,"10,033,200",1,-3,-75.0%,"1,499",1,1,한국,"한국,프랑스",영화배급협동조합 씨네소파
188,내 동생의 아내,2016-10-17,"2,000",0.0%,"2,000",100.0%,"7,000",1,1,100.0%,2,1,1,일본,일본,(주)영진크리에이티브
188,F컵 옆집 부인의 질펀한 하루,2019-01-17,"6,000",0.0%,"6,000",100.0%,"6,000",1,1,100.0%,1,1,1,일본,일본,(주)영진크리에이티브
188,위험한 유부녀들 무삭제판,2019-01-17,"6,000",0.0%,"6,000",100.0%,"6,000",1,1,100.0%,1,1,1,일본,일본,(주)영진크리에이티브
188,어린 아내의 육체 내조,2019-01-17,"6,000",0.0%,"6,000",100.0%,"6,000",1,1,100.0%,1,1,1,일본,일본,(주)영진크리에이티브
188,귀신과의 섹스,2019-01-17,"1,000",0.0%,"1,000",100.0%,"1,000",1,1,100.0%,1,1,1,일본,일본,(유)조이앤시네마
188,여기어때 빈방있나요,2019-01-18,"2,000",0.0%,"2,000",100.0%,"2,000",1,1,100.0%,1,1,1,한국,한국,(주)엔트리미디어
188,더 배드 넌,2019-01-17,"1,000",0.0%,"1,000",100.0%,"1,000",1,1,100.0%,1,1,1,영국,영국,(유)조이앤시네마
201,결혼이야기,1992-07-04,0,0.0%,0,100.0%,0,0,0,100.0%,0,1,1,한국,한국,
201,척화영웅,,0,0.0%,0,100.0%,0,0,0,100.0%,0,2,2,홍콩,홍콩,
201,인정사정 볼 것 없다,1999-07-31,0,0.0%,0,100.0%,"1,943,500",0,0,100.0%,270,1,1,한국,한국,(주)시네마서비스
201,조용한 가족,1998-04-25,0,0.0%,0,100.0%,"314,500",0,0,100.0%,41,1,1,한국,한국,
합계,,,"27,823,358,642",,,,"463,717,707,496","3,307,143",,,"55,623,262","10,347","128,761",,,
,,,,,,,,,,,,,,,,
●02주차 (2019년 01월 07일 ~ 2019년 01월 13일),,,,,,,,,,,,,,,,
순위,영화명,개봉일,매출액,매출액,매출액증감,매출액증감율,누적매출액,관객수,관객수증감,관객수증감율,누적관객수,스크린수,상영횟수,대표국적,국적,배급사
,,,,점유율,(전주대비),(전주대비),,,(전주대비),(전주대비),,,,,,
1,말모이,2019-01-09,"8,894,824,031",28.9%,"8,026,069,431",923.9%,"10,067,025,631","1,032,940","934,325",947.4%,"1,184,919","1,203","24,738",한국,한국,롯데컬처웍스(주)롯데엔터테인먼트
2,내안의 그놈,2019-01-09,"6,476,557,476",21.0%,"6,432,968,476",14758.2%,"6,638,682,476","744,986","739,763",14163.6%,"765,380","1,041","15,889",한국,한국,"(주)메리크리스마스,TCO(주)더콘텐츠온"
3,주먹왕 랄프 2: 인터넷 속으로,2019-01-03,"4,579,895,005",14.9%,"-1,528,863,143",-25.0%,"10,731,048,153","583,931","-169,906",-22.5%,"1,342,284","1,185","22,134",미국,미국,월트디즈니컴퍼니코리아 유한책임회사
4,아쿠아맨,2018-12-19,"3,280,367,985",10.6%,"-8,438,571,763",-72.0%,"43,125,574,814","376,364","-963,844",-71.9%,"4,920,735","1,086","17,974",미국,"미국,호주",워너브러더스 코리아(주)
5,극장판 공룡메카드: 타이니소어의 섬,2019-01-10,"2,230,727,440",7.2%,"2,226,119,440",48309.9%,"2,236,613,440","289,224","288,712",56389.1%,"289,878",763,"7,597",한국,한국,(주)넥스트엔터테인먼트월드(NEW)
6,보헤미안 랩소디,2018-10-31,"1,520,847,090",4.9%,"-2,777,456,660",-64.6%,"84,971,052,385","175,290","-316,965",-64.4%,"9,785,679",653,"8,555",미국,미국,"월트디즈니컴퍼니코리아 유한책임회사,이십세기폭스코리아(주)"
7,그린 북,2019-01-09,"821,545,524",2.7%,"793,530,924",2832.6%,"889,374,224","92,682","89,768",3080.6%,"99,569",398,"4,521",미국,미국,CGV아트하우스
8,범블비,2018-12-25,"518,826,110",1.7%,"-3,112,095,215",-85.7%,"13,026,874,637","63,391","-370,566",-85.4%,"1,553,491",632,"5,383",미국,미국,롯데컬처웍스(주)롯데엔터테인먼트
9,PMC: 더 벙커,2018-12-26,"488,207,980",1.6%,"-4,634,334,997",-90.5%,"13,976,452,874","57,525","-536,245",-90.3%,"1,665,200",670,"5,991",한국,한국,(주)씨제이이엔엠
10,스윙키즈,2018-12-19,"278,702,060",0.9%,"-1,651,946,490",-85.6%,"12,026,471,662","34,868","-197,986",-85.0%,"1,462,873",510,"2,768",한국,한국,(주)넥스트엔터테인먼트월드(NEW)
11,언니,2019-01-01,"207,625,400",0.7%,"-1,322,859,450",-86.4%,"1,749,265,250","24,873","-146,222",-85.5%,"197,211",508,"2,822",한국,한국,"(주)제이앤씨미디어그룹,TCO(주)더콘텐츠온"
12,점박이 한반도의 공룡2 : 새로운 낙원,2018-12-25,"179,651,800",0.6%,"-1,259,343,000",-87.5%,"4,262,643,350","24,736","-162,691",-86.8%,"545,789",355,"1,636",한국,한국,(주)넥스트엔터테인먼트월드(NEW)
13,명탐정 코난 : 제로의 집행인,2018-08-08,"147,894,000",0.5%,"145,374,000",5768.8%,"3,165,334,361","18,012","17,748",6722.7%,"414,506",31,646,일본,일본,(주)씨제이이엔엠
14,스파이더맨: 뉴 유니버스,2018-12-12,"154,073,020",0.5%,"-272,091,930",-63.8%,"5,794,022,696","17,832","-31,941",-64.2%,"695,932",95,764,미국,미국,소니픽쳐스엔터테인먼트코리아주식회사극장배급지점
15,빌리어네어 보이즈클럽,2019-01-10,"115,709,100",0.4%,"114,593,100",10268.2%,"116,825,100","12,723","12,599",10160.5%,"12,847",166,"1,266",미국,미국,"(주)키다리이엔티,플레이리스트(주)"
16,극장판 짱구는 못말려: 아뵤! 쿵후 보이즈 ~라면 대란~,2018-12-19,"79,402,350",0.3%,"-542,414,200",-87.2%,"2,725,948,450","10,649","-70,667",-86.9%,"351,718",156,635,일본,일본,(주)씨제이이엔엠
17,언더독,2019-01-16,"82,206,000",0.3%,"64,143,000",355.1%,"103,399,000","9,456","7,503",384.2%,"11,791",23,47,한국,한국,(주)넥스트엔터테인먼트월드(NEW)
18,인생 후르츠,2018-12-06,"57,014,050",0.2%,"-16,758,600",-22.7%,"382,229,550","7,557","-1,945",-20.5%,"49,885",64,307,일본,일본,(주)엣나인필름
19,극장판 포켓몬스터 모두의 이야기,2018-12-19,"72,516,500",0.2%,"-105,684,550",-59.3%,"1,521,780,950","7,457","-15,906",-68.1%,"194,434",43,217,일본,일본,(주)이수C&E
20,레토,2019-01-03,"56,994,900",0.2%,"-14,330,150",-20.1%,"148,361,250","6,533","-1,709",-20.7%,"16,869",103,757,러시아,"러시아,프랑스","(주)엣나인필름,플레이리스트(주)"
21,그대 이름은 장미,2019-01-16,"60,484,000",0.2%,"30,127,000",99.2%,"103,865,000","6,254","2,808",81.5%,"10,884",11,34,한국,한국,(주)리틀빅픽쳐스
22,그린치,2018-12-19,"39,621,850",0.1%,"-599,554,200",-93.8%,"4,168,805,900","6,067","-78,932",-92.9%,"549,880",144,418,미국,미국,유니버설픽쳐스인터내셔널 코리아(유)
23,마약왕,2018-12-19,"47,108,460",0.2%,"-546,512,940",-92.1%,"16,216,048,312","5,727","-64,004",-91.8%,"1,863,283",242,754,한국,한국,(주)쇼박스
24,쿠르스크,2019-01-16,"33,488,500",0.1%,"-3,119,500",-8.5%,"70,096,500","4,265",-307,-6.7%,"8,837",23,28,벨기에,벨기에,"(주)제이앤씨미디어그룹,TCO(주)더콘텐츠온"
25,미스터 스마일,2018-12-27,"29,401,600",0.1%,"-38,374,100",-56.6%,"163,295,100","3,969","-4,219",-51.5%,"19,736",34,354,미국,미국,(주)티캐스트
26,리지,2019-01-10,"34,759,350",0.1%,"27,421,850",373.7%,"43,027,450","3,967","3,366",560.1%,"4,653",53,269,미국,미국,(주)팝엔터테인먼트
27,극한직업,2019-01-23,"31,979,000",0.1%,"31,979,000",100.0%,"31,979,000","3,685","3,685",100.0%,"3,685",9,15,한국,한국,(주)씨제이이엔엠
28,로마,2018-12-12,"29,195,800",0.1%,"-19,602,000",-40.2%,"244,043,400","3,426","-2,418",-41.4%,"29,798",17,154,멕시코,멕시코,판씨네마(주)
29,이차크의 행복한 바이올린,2018-12-20,"17,946,600",0.1%,"-6,812,000",-27.5%,"99,820,950","2,404",-840,-25.9%,"13,062",21,149,미국,미국,(주)영화사 진진
30,아이스,2019-02-07,"9,548,800",0.0%,"-2,041,000",-17.6%,"25,906,100","1,877",495,35.8%,"4,064",3,8,러시아,러시아,(주)마노엔터테인먼트
31,샤이닝,,"15,584,600",0.1%,"3,797,800",32.2%,"44,507,800","1,660",415,33.3%,"5,490",34,184,미국,미국,
32,미래의 미라이,2019-01-16,"12,888,000",0.0%,"2,557,200",24.8%,"27,612,800","1,432",303,26.8%,"3,003",5,6,일본,일본,메가박스중앙(주)플러스엠
33,시계태엽 오렌지,,"12,570,100",0.0%,"4,821,300",62.2%,"31,305,000","1,346",516,62.2%,"3,808",32,175,미국,미국,
34,2001 스페이스 오디세이,,"11,260,400",0.0%,"-4,778,500",-29.8%,"48,732,000","1,257",-327,-20.6%,"5,766",30,173,영국,"영국,미국",
35,데드풀 2: 순한맛,2019-01-03,"9,927,100",0.0%,"-23,925,200",-70.7%,"43,779,400","1,196","-2,699",-69.3%,"5,091",13,75,미국,미국,이십세기폭스코리아(주)
36,러빙 빈센트 : 비하인드 에디션,2018-12-13,"8,703,900",0.0%,"-8,920,650",-50.6%,"194,044,750","1,124","-1,072",-48.8%,"22,716",12,73,영국,영국,(주)이수C&E
37,사요나라,,"2,090,000",0.0%,"2,090,000",100.0%,"19,141,000","1,040","1,040",100.0%,"9,518",1,6,미국,미국,
38,우행록: 어리석은 자의 기록,2019-01-17,"9,211,600",0.0%,"9,211,600",100.0%,"9,211,600",968,968,100.0%,968,2,5,일본,일본,(주)드림팩트엔터테인먼트
39,국가부도의 날,2018-11-28,"5,714,100",0.0%,"-37,668,400",-86.8%,"30,877,843,687",947,"-4,906",-83.8%,"3,752,508",13,59,한국,한국,(주)씨제이이엔엠
40,알렉산더대왕,,"1,728,000",0.0%,"1,728,000",100.0%,"16,432,000",864,864,100.0%,"7,890",1,11,미국,미국,
41,사장의 여비서,,"1,696,000",0.0%,"1,696,000",100.0%,"1,696,000",848,848,100.0%,848,1,15,미국,미국,
42,부탁 하나만 들어줘,2018-12-12,"6,803,950",0.0%,"-28,940,250",-81.0%,"1,026,591,438",818,"-3,143",-79.3%,"118,739",14,84,미국,미국,(주)팝엔터테인먼트
43,선종 무문관,2018-12-13,"7,287,000",0.0%,"5,438,000",294.1%,"17,665,800",813,609,298.5%,"2,026",4,20,한국,한국,(주)드림팩트엔터테인먼트
44,바울,2018-10-31,"5,996,100",0.0%,"-11,810,200",-66.3%,"2,121,090,200",761,"-1,440",-65.4%,"270,391",9,74,미국,미국,(재)CBS
45,홀 인 더 헤드,,"1,426,000",0.0%,"1,426,000",100.0%,"1,562,000",713,713,100.0%,741,1,8,미국,미국,
46,늙은 자전거,2015-11-12,"1,402,000",0.0%,"1,402,000",100.0%,"27,177,300",701,701,100.0%,"5,702",1,15,한국,한국,주식회사 마운틴픽쳐스
47,벽안의 나비부인,,"1,382,000",0.0%,"1,382,000",100.0%,"1,382,000",691,691,100.0%,691,1,12,미국,미국,
48,왕이 될 아이,2019-01-16,"6,480,000",0.0%,"6,480,000",100.0%,"6,480,000",648,648,100.0%,648,2,2,미국,미국,이십세기폭스코리아(주)
49,일일시호일,2019-01-17,"5,451,500",0.0%,"5,451,500",100.0%,"5,451,500",632,632,100.0%,632,2,7,일본,일본,(주)영화사 진진
50,글래스,2019-01-17,"8,112,000",0.0%,"8,112,000",100.0%,"8,112,000",624,624,100.0%,624,1,1,미국,미국,월트디즈니컴퍼니코리아 유한책임회사
51,레인보우: 나의 사랑,2019-01-03,"4,292,200",0.0%,"-2,809,250",-39.6%,"13,212,650",599,-281,-31.9%,"1,715",16,95,이탈리아,"이탈리아,프랑스",(주)마노엔터테인먼트
52,코만체로스,,"1,118,000",0.0%,"568,000",103.3%,"6,070,000",559,284,103.3%,"2,838",1,16,미국,미국,
53,하나 빼고 완벽한 뉴욕 아파트,2018-12-27,"4,218,600",0.0%,"-19,895,000",-82.5%,"52,694,300",546,"-2,234",-80.4%,"6,159",20,91,미국,미국,판씨네마(주)
54,더 파티,2018-12-20,"3,092,000",0.0%,"-5,595,100",-64.4%,"63,639,450",423,-710,-62.7%,"7,772",8,45,영국,영국,(주)라이크콘텐츠
55,모털 엔진,2018-12-05,"2,100,000",0.0%,"-627,000",-23.0%,"2,329,189,119",420,-125,-22.9%,"268,861",1,7,미국,미국,유니버설픽쳐스인터내셔널 코리아(유)
56,황야의 7인,1972-11-02,"808,000",0.0%,"808,000",100.0%,"19,346,000",404,404,100.0%,"8,927",1,6,미국,미국,
57,슈퍼소닉,2016-11-24,"3,805,000",0.0%,"3,805,000",100.0%,"137,152,228",399,399,100.0%,"16,336",6,15,영국,영국,주식회사 씨네룩스
58,창간호,2019-01-17,"3,339,000",0.0%,"3,339,000",100.0%,"3,339,000",371,371,100.0%,371,1,2,한국,한국,(주)트리플픽쳐스
59,토마스와 친구들: 우정의 대모험,2018-12-13,"1,850,000",0.0%,"1,620,000",704.3%,"73,707,750",370,324,704.3%,"10,315",2,4,영국,영국,와이드 릴리즈(주)
60,라라랜드,2016-12-07,"2,925,500",0.0%,"1,158,500",65.6%,"30,019,612,994",336,150,80.6%,"3,598,724",5,13,미국,미국,판씨네마(주)
61,가버나움,2019-01-24,"3,015,000",0.0%,"-2,336,100",-43.7%,"13,456,900",335,-186,-35.7%,"1,348",1,3,기타,기타,"그린나래미디어(주),플레이리스트(주)"
62,머나먼 서부,,"666,000",0.0%,"666,000",100.0%,"2,778,000",333,333,100.0%,"1,408",1,6,미국,미국,
63,산상수훈,2017-12-07,"2,829,000",0.0%,"1,302,000",85.3%,"368,761,400",332,161,94.2%,"49,982",4,5,한국,한국,"이언픽쳐스,(주)그란"
64,호두까기 인형과 4개의 왕국,2018-12-06,"2,574,500",0.0%,"-51,050,200",-95.2%,"4,153,555,200",321,"-7,074",-95.7%,"518,248",10,27,미국,미국,월트디즈니컴퍼니코리아 유한책임회사
65,메이트,2019-01-17,"2,835,000",0.0%,"2,835,000",100.0%,"2,881,000",315,315,100.0%,325,1,3,한국,한국,(주)콘텐츠 난다긴다
66,갈매기,2018-12-13,"2,428,000",0.0%,"-4,026,700",-62.4%,"96,760,950",312,-520,-62.5%,"11,770",6,35,미국,미국,(주)뮤제엔터테인먼트
67,유리씨즈,1975-12-27,"618,000",0.0%,"618,000",100.0%,"22,394,000",304,304,100.0%,"11,436",1,4,이탈리아,이탈리아,
68,메리 셸리: 프랑켄슈타인의 탄생,2018-12-20,"2,417,000",0.0%,"-8,646,350",-78.2%,"86,532,500",294,"-1,088",-78.7%,"10,393",8,37,미국,"미국,영국",(주)팝엔터테인먼트
69,돌아온 론 레인저,,"584,000",0.0%,"584,000",100.0%,"1,255,000",292,292,100.0%,670,1,6,미국,미국,
70,조선음란기방 옥미향,,"1,178,000",0.0%,"1,178,000",100.0%,"1,178,000",243,243,100.0%,243,19,19,한국,한국,(주)케이알씨지
71,라 트라비아타,2017-01-22,"3,829,000",0.0%,"1,345,000",54.1%,"41,856,500",240,93,63.3%,"1,829",6,12,독일,독일,(주)케빈앤컴퍼니
72,사랑의 묘약,2018-07-07,"3,694,500",0.0%,"1,541,000",71.6%,"48,712,000",231,93,67.4%,"2,264",6,12,미국,미국,(주) 인스터 글로벌
73,어른이 되면,2018-12-13,"1,465,500",0.0%,"-1,953,000",-57.1%,"35,555,900",228,-247,-52.0%,"4,871",6,40,한국,한국,(주)시네마달
74,버블 패밀리,2018-12-20,"1,585,700",0.0%,"-766,300",-32.6%,"9,454,900",215,-105,-32.8%,"1,436",10,53,한국,한국,무브먼트
75,폴란드로 간 아이들,2018-10-31,"1,670,500",0.0%,"284,500",20.5%,"374,903,300",205,-18,-8.1%,"48,890",2,8,한국,한국,커넥트픽쳐스(주)
75,쥬발,,"410,000",0.0%,"410,000",100.0%,"1,641,000",205,205,100.0%,852,1,3,미국,미국,
75,마야,,"410,000",0.0%,"410,000",100.0%,"1,518,000",205,205,100.0%,759,1,6,이탈리아,"이탈리아,미국,프랑스",
78,캐롤,2016-02-04,"1,759,500",0.0%,"-4,147,000",-70.2%,"2,697,828,253",199,-481,-70.7%,"325,468",7,17,미국,"미국,영국",CGV아트하우스
79,스타 이즈 본,2018-10-09,"1,651,400",0.0%,"-389,600",-19.1%,"4,200,830,800",194,-37,-16.0%,"484,235",1,7,미국,미국,워너브러더스 코리아(주)
80,헌터 킬러,2018-12-06,"1,315,000",0.0%,"-217,000",-14.2%,"467,436,450",192,6,3.2%,"56,860",3,19,미국,미국,(주)키다리이엔티
81,검은 사제들,2015-11-05,"2,012,000",0.0%,"2,012,000",100.0%,"42,412,952,592",183,183,100.0%,"5,443,232",1,1,한국,한국,(주)씨제이이엔엠
82,얼굴들,2019-01-24,"1,800,000",0.0%,"1,800,000",100.0%,"3,456,000",180,180,100.0%,424,1,1,한국,한국,(주)시네마달
83,정염의 검사,,"348,000",0.0%,"348,000",100.0%,"3,511,000",174,174,100.0%,"1,753",1,6,미국,미국,
84,인 디 아일,2018-11-22,"1,370,000",0.0%,"-3,409,000",-71.3%,"85,620,900",158,-388,-71.1%,"9,991",3,15,독일,독일,M&M 인터내셔널
85,더 테러 라이브,2013-07-31,"1,248,000",0.0%,"1,248,000",100.0%,"39,870,954,381",156,156,100.0%,"5,584,295",1,1,한국,한국,롯데쇼핑㈜롯데엔터테인먼트
85,암살,2015-07-22,"1,248,000",0.0%,"1,248,000",100.0%,"98,468,435,781",156,156,100.0%,"12,706,819",1,1,한국,한국,(주)쇼박스
85,베를린,2013-01-30,"1,248,000",0.0%,"1,248,000",100.0%,"52,358,372,637",156,156,100.0%,"7,166,688",1,1,한국,"한국,독일",(주)씨제이이엔엠
88,브라더 오브 더 이어,2019-03-07,"1,359,000",0.0%,"1,359,000",100.0%,"1,359,000",151,151,100.0%,151,1,1,태국,태국,(주)영화사오원
88,"두 번째 여름, 두 번 다시 만날 수 없는 너",2019-01-23,"1,359,000",0.0%,"1,359,000",100.0%,"1,359,000",151,151,100.0%,151,1,1,일본,일본,"(주)브리즈픽처스,(주)영화사오원"
90,원스,2007-09-20,"1,314,500",0.0%,"1,314,500",100.0%,"1,890,392,500",141,141,100.0%,"271,114",5,10,아일랜드,아일랜드,"(주)제이앤씨미디어그룹,(주)영화사 진진"
91,로맨스 빠빠,1960-01-28,"252,000",0.0%,"100,000",65.8%,"9,803,000",126,50,65.8%,"4,906",1,6,한국,한국,
91,칠곡 가시나들,2019-02-27,"1,134,000",0.0%,"1,134,000",100.0%,"1,684,000",126,126,100.0%,219,1,1,한국,한국,"(주)인디플러그,(주)더 피플"
93,바르데즈,1973-03-16,"236,000",0.0%,"236,000",100.0%,"236,000",118,118,100.0%,118,1,3,미국,미국,
94,초원의 빛,1972-03-18,"234,000",0.0%,"234,000",100.0%,"37,629,000",117,117,100.0%,"18,493",1,8,미국,미국,
95,황금마차,,"226,000",0.0%,"226,000",100.0%,"226,000",113,113,100.0%,113,1,8,이탈리아,"이탈리아,프랑스",
96,후배부부와 교환섹스-무삭제,2018-08-03,"639,000",0.0%,"639,000",100.0%,"644,000",109,109,100.0%,110,19,19,한국,한국,스마일컨텐츠
97,외팔이,,"216,000",0.0%,"216,000",100.0%,"6,213,000",108,108,100.0%,"2,917",1,12,홍콩,홍콩,
98,리스본의 미스터리,,"510,000",0.0%,"510,000",100.0%,"1,680,000",106,106,100.0%,319,1,1,포르투갈,"포르투갈,프랑스,브라질",
98,어느 가족,2018-07-26,"1,028,000",0.0%,"1,028,000",100.0%,"1,412,688,900",106,106,100.0%,"170,849",2,3,일본,일본,(주)티캐스트
100,"안녕, 나의 소녀 시절이여",2018-12-12,"730,000",0.0%,"221,000",43.4%,"17,718,500",104,8,8.3%,"2,244",5,26,한국,한국,(주)드림팩트엔터테인먼트
101,대열차강도,1979-08-11,"198,000",0.0%,"198,000",100.0%,"198,000",99,99,100.0%,99,1,1,미국,미국,
102,엘리엇과 산타 썰매단,2018-12-12,"470,000",0.0%,"455,000",3033.3%,"399,517,800",92,89,2966.7%,"57,674",1,1,캐나다,캐나다,(주)팝엔터테인먼트
103,패터슨,2017-12-21,"744,000",0.0%,"-3,653,608",-83.1%,"554,994,708",87,-477,-84.6%,"67,269",7,10,프랑스,"프랑스,독일,미국",그린나래미디어(주)
104,소유와 무소유,,"561,000",0.0%,"330,000",142.9%,"2,381,000",86,52,152.9%,639,1,2,미국,미국,
104,300 스파르탄,,"172,000",0.0%,"172,000",100.0%,"5,330,000",86,86,100.0%,"2,700",1,4,미국,미국,
106,1900년,2008-05-09,"422,000",0.0%,"-83,000",-16.4%,"1,305,000",85,-21,-19.8%,267,1,1,이탈리아,이탈리아,
107,로렌스 애니웨이,2013-12-19,"812,000",0.0%,"812,000",100.0%,"158,172,356",82,82,100.0%,"19,763",1,1,캐나다,"캐나다,프랑스",(주)엣나인필름
108,두 번째 겨울,2018-12-27,"543,000",0.0%,"33,400",6.6%,"1,177,400",80,8,11.1%,173,6,29,한국,한국,(주)미로스페이스
109,1월 단편 상상극장-더 비기닝,,"600,000",0.0%,"600,000",100.0%,"600,000",75,75,100.0%,75,1,1,한국,한국,
110,스카페이스,,"531,000",0.0%,"283,000",114.1%,"5,200,000",74,39,111.4%,"2,256",1,1,미국,미국,
111,더 서치,2019-01-17,"875,500",0.0%,"-258,500",-22.8%,"2,009,500",73,-53,-42.1%,199,1,1,프랑스,프랑스,(주)영화사오원
112,도어락,2018-12-05,"598,500",0.0%,"-10,171,700",-94.4%,"12,798,979,486",71,"-1,265",-94.7%,"1,560,423",4,12,한국,한국,메가박스중앙(주)플러스엠
113,어거스트 러쉬,2007-11-29,"175,000",0.0%,"143,400",453.8%,"14,346,204,600",67,63,1575.0%,"2,227,525",1,3,미국,미국,"(주)영화사 그램,CJ ENM"
114,명탐정 필립,,"461,000",0.0%,"-129,000",-21.9%,"3,026,000",64,-22,-25.6%,988,1,1,미국,미국,
115,걸어도 걸어도,2009-06-18,"545,000",0.0%,"545,000",100.0%,"255,736,600",62,62,100.0%,"34,560",2,3,일본,일본,(주)영화사 진진
116,하우스 오브 스피리트,1993-12-24,"324,000",0.0%,"130,000",67.0%,"629,000",61,23,60.5%,136,1,1,독일,독일,
116,매디슨 카운티의 다리,1995-09-23,"288,000",0.0%,"-254,000",-46.9%,"78,902,022",61,-41,-40.2%,"13,588",1,1,미국,미국,(주)영화사오원
118,레드 리버,,"354,000",0.0%,"181,000",104.6%,"12,233,000",58,33,132.0%,"5,600",1,2,미국,미국,
118,브로크백 마운틴,2006-03-01,"398,000",0.0%,"-1,361,000",-77.4%,"1,454,750,300",58,-182,-75.8%,"219,679",1,4,미국,미국,"유니버설픽쳐스인터내셔널 코리아(유),CJ ENM"
120,백장미,1995-01-14,"114,000",0.0%,"114,000",100.0%,"114,000",57,57,100.0%,57,1,1,홍콩,홍콩,
121,성월동화,1999-08-28,"350,000",0.0%,"350,000",100.0%,"25,893,000",53,53,100.0%,"3,427",1,9,중국,중국,(주)영화사오원
122,베이비 길들이기,,"330,000",0.0%,"-228,000",-40.9%,"6,585,000",51,-27,-34.6%,"2,937",1,1,미국,미국,
122,신사는 금발을 좋아해,,"353,000",0.0%,"184,000",108.9%,"17,286,000",51,27,112.5%,"7,363",1,1,미국,미국,
124,소피의 선택,,"234,000",0.0%,"-106,000",-31.2%,"1,720,000",49,-18,-26.9%,393,1,1,,,
125,마티,,"96,000",0.0%,"96,000",100.0%,"5,180,000",48,48,100.0%,"2,585",1,8,미국,미국,
126,야생 갈대,,"216,000",0.0%,"166,000",332.0%,"1,082,000",46,36,360.0%,209,1,1,프랑스,프랑스,
127,검은 난초,,"88,000",0.0%,"88,000",100.0%,"4,864,000",44,44,100.0%,"1,984",1,1,미국,미국,
128,몽키 비지니스,,"271,000",0.0%,"-90,000",-24.9%,"1,338,000",43,-13,-23.2%,447,1,1,미국,미국,
129,어댑테이션,2003-05-08,"210,000",0.0%,"38,000",22.1%,"1,719,000",42,7,20.0%,271,1,1,미국,미국,(주)쇼박스
129,파질 왕자,,"242,000",0.0%,"135,000",126.2%,"349,000",42,24,133.3%,60,1,2,미국,미국,
131,완벽한 타인,2018-10-31,"235,000",0.0%,"-11,318,700",-98.0%,"44,356,752,474",41,"-1,325",-97.0%,"5,294,119",1,2,한국,한국,롯데컬처웍스(주)롯데엔터테인먼트
131,그의 연인 프라이데이,,"273,000",0.0%,"101,000",58.7%,"705,000",41,17,70.8%,121,1,1,미국,미국,
131,리오 브라보,,"267,000",0.0%,"97,000",57.1%,"24,033,000",41,15,57.7%,"9,773",1,1,미국,미국,
134,모어 댄 블루,2018-12-12,"338,000",0.0%,"-1,168,000",-77.6%,"218,843,600",40,-133,-76.9%,"27,287",1,3,대만,대만,오드
135,디어헌터,1979-03-03,"184,000",0.0%,"41,000",28.7%,"2,475,000",39,8,25.8%,464,1,1,미국,미국,
136,부다페스트 로큰롤,2018-12-20,"217,000",0.0%,"-877,000",-80.2%,"8,054,400",37,-126,-77.3%,"1,124",2,7,헝가리,헝가리,알토미디어(주)
137,오다기리 죠의 도쿄타워,2007-10-25,"284,000",0.0%,"284,000",100.0%,"361,190,000",34,34,100.0%,"55,780",1,1,일본,일본,"(주)엔케이컨텐츠,스폰지"
137,앙: 단팥 인생 이야기,2015-09-10,"291,000",0.0%,"291,000",100.0%,"222,109,862",34,34,100.0%,"27,924",2,2,일본,일본,그린나래미디어(주)
139,죽어야 사는 여자,1992-11-28,"164,000",0.0%,"18,000",12.3%,"470,000",33,3,10.0%,94,1,1,미국,미국,
140,9월이 오면,,"64,000",0.0%,"-108,000",-62.8%,"27,619,000",32,-54,-62.8%,"13,722",1,1,미국,미국,
141,예수의 마지막 유혹,2002-01-25,"144,000",0.0%,"144,000",100.0%,"144,000",31,31,100.0%,31,1,1,미국,미국,(주)코리아준
142,황색 하늘,,"60,000",0.0%,"4,000",7.1%,"116,000",30,2,7.1%,58,1,1,미국,미국,
143,오렌지필름 기획전-핑퐁,,"196,000",0.0%,"148,000",308.3%,"244,000",28,21,300.0%,35,1,1,한국,한국,
143,공동정범,2018-01-25,"168,000",0.0%,"168,000",100.0%,"85,909,300",28,28,100.0%,"11,855",1,1,한국,한국,"(주)엣나인필름,(주)시네마달"
145,악마는 프라다를 입는다,2006-10-25,"142,000",0.0%,"-84,000",-37.2%,"8,377,917,400",27,-19,-41.3%,"1,378,199",1,1,미국,미국,"(주)퍼스트런,글뫼 주식회사,이십세기폭스코리아(주)"
145,그랜드 부다페스트 호텔,2014-03-20,"84,500",0.0%,"84,500",100.0%,"6,398,078,282",27,27,100.0%,"817,142",1,3,미국,"미국,독일","(주)피터팬픽쳐스,이십세기폭스코리아(주)"
145,할머니의 먼 집,2016-09-29,"79,000",0.0%,"-11,000",-12.2%,"28,029,900",27,-13,-32.5%,"4,726",1,12,한국,한국,KT&G 상상마당 영화사업팀 컴퍼니에스에스(주)
148,영주,2018-11-22,"178,000",0.0%,"-520,000",-74.5%,"192,330,750",26,-75,-74.3%,"24,767",3,12,한국,한국,CGV아트하우스
149,집의 시간들,2018-10-25,"204,000",0.0%,"-89,000",-30.4%,"24,578,450",25,-15,-37.5%,"2,954",1,4,한국,한국,KT&G 상상마당 영화사업팀 컴퍼니에스에스(주)
150,미드나잇 카우보이,1975-10-20,"116,000",0.0%,"-62,000",-34.8%,"428,000",24,-12,-33.3%,87,1,1,미국,미국,
150,카메라를 멈추면 안 돼!,2018-08-23,"212,000",0.0%,"-265,000",-55.6%,"173,330,766",24,-30,-55.6%,"19,837",1,1,일본,일본,"(주)디오시네마,(주)영화사 그램"
150,사랑의 비약,,"48,000",0.0%,"48,000",100.0%,"3,514,000",24,24,100.0%,"1,752",1,1,미국,미국,
153,고스트 스토리,2017-12-28,"195,000",0.0%,"195,000",100.0%,"72,668,400",22,22,100.0%,"8,521",1,1,미국,미국,"(주)리틀빅픽쳐스,주식회사 더쿱"
153,동년왕사,,"124,000",0.0%,"1,000",0.8%,"2,684,500",22,2,10.0%,424,1,2,대만,대만,
155,보통사람들,,"98,000",0.0%,"-278,000",-73.9%,"474,000",21,-57,-73.1%,99,1,1,미국,미국,
155,캡틴 샤키,2018-11-22,"126,000",0.0%,"126,000",100.0%,"106,383,150",21,21,100.0%,"15,121",1,1,독일,독일,예지림엔터테인먼트
155,천당의 밤과 안개,2018-11-29,"191,000",0.0%,"87,000",83.7%,"3,634,200",21,7,50.0%,329,2,13,한국,한국,주식회사 마운틴픽쳐스
158,다영씨,2018-12-06,"127,000",0.0%,"-140,000",-52.4%,"7,330,600",20,-20,-50.0%,"1,057",3,8,한국,한국,㈜인디스토리
159,메카닉: 리크루트,2016-08-31,"38,000",0.0%,"-142,000",-78.9%,"4,458,418,800",19,-71,-78.9%,"552,006",1,1,미국,"미국,프랑스",(주)제이앤씨미디어그룹
160,풀잎들,2018-10-25,"121,000",0.0%,"-15,000",-11.0%,"59,643,250",18,1,5.9%,"7,353",1,3,한국,한국,"(주)콘텐츠판다,(주)영화제작전원사 ,무브먼트"
160,두 개의 문,2012-06-21,"108,000",0.0%,"94,000",671.4%,"505,814,000",18,16,800.0%,"73,807",1,1,한국,한국,(주)시네마달
162,군산: 거위를 노래하다,2018-11-08,"95,000",0.0%,"-34,000",-26.4%,"126,708,500",17,-7,-29.2%,"15,368",1,8,한국,한국,(주)트리플픽쳐스
163,화니 걸,1972-12-30,"32,000",0.0%,"32,000",100.0%,"54,000",16,16,100.0%,27,1,1,미국,미국,
163,연연풍진,,"93,000",0.0%,"-114,000",-55.1%,"6,779,500",16,-17,-51.5%,"1,054",1,2,대만,대만,
165,사랑해! 진영아,2013-11-07,"105,000",0.0%,"91,000",650.0%,"34,894,000",15,13,650.0%,"4,966",1,14,한국,한국,"㈜인디스토리,(주)인디플러그"
166,타샤 튜더,2018-09-13,"115,000",0.0%,"16,000",16.2%,"364,818,850",14,3,27.3%,"46,057",1,2,일본,일본,(주)마노엔터테인먼트
166,당갈,2018-04-25,"91,000",0.0%,0,0.0%,"906,766,500",14,0,0.0%,"109,491",2,14,인도,인도,(주)넥스트엔터테인먼트월드(NEW)
166,다잉,2018-12-27,"90,600",0.0%,"-405,300",-81.7%,"1,698,900",14,-48,-77.4%,334,3,6,스페인,스페인,(주)더블앤조이픽쳐스
169,더 포스트,2018-02-28,"81,000",0.0%,"-2,747,000",-97.1%,"1,105,255,648",11,-308,-96.6%,"139,706",2,2,미국,미국,CGV아트하우스
170,용산 남일당 이야기,,"60,000",0.0%,"60,000",100.0%,"1,137,000",10,10,100.0%,321,1,1,한국,한국,
171,떠나지 못하는 사람들 - 끝나지 않은 이야기,,"54,000",0.0%,"54,000",100.0%,"330,000",9,9,100.0%,64,1,1,한국,한국,
171,야공작,2017-06-01,"51,000",0.0%,"-904,000",-94.7%,"1,903,000",9,-182,-95.3%,330,1,4,중국,"중국,프랑스",(주)액티버스엔터테인먼트
173,마이 스윗 홈 - 국가는 폭력이다,,"42,000",0.0%,"42,000",100.0%,"703,000",7,7,100.0%,134,1,1,한국,한국,
174,아메리카 타운,2018-12-06,"40,000",0.0%,"-147,000",-78.6%,"1,278,000",6,-28,-82.4%,215,2,4,한국,한국,전국예술영화관협회
175,트루먼 쇼,1998-10-24,"35,000",0.0%,"-189,000",-84.4%,"107,226,000",5,-21,-80.8%,"12,529",1,1,미국,미국,주식회사 해리슨앤컴퍼니
175,소울 오브 브레드,2013-12-26,"34,300",0.0%,"34,300",100.0%,"8,111,300",5,5,100.0%,"1,196",1,4,대만,대만,(유)영화사 화수분
175,"1991, 봄",2018-10-31,"40,000",0.0%,"-95,000",-70.4%,"42,981,750",5,-15,-75.0%,"5,724",1,1,한국,한국,(주)인디플러그
178,마담 B,2018-11-15,"32,000",0.0%,"-78,000",-70.9%,"10,025,200",4,-10,-71.4%,"1,498",1,2,한국,"한국,프랑스",영화배급협동조합 씨네소파
178,용산 337가지로 표현하기 : 촛불 방송국 레아,,"24,000",0.0%,"24,000",100.0%,"215,000",4,4,100.0%,42,1,1,한국,한국,
178,런닝맨 : 풀룰루의 역습,2018-12-05,"28,000",0.0%,"-761,000",-96.5%,"1,420,983,750",4,-133,-97.1%,"187,045",1,1,한국,한국,(주)넥스트엔터테인먼트월드(NEW)
178,방황의 날들,2007-09-07,"8,000",0.0%,"-74,000",-90.2%,"9,904,500",4,-37,-90.2%,"2,033",1,4,한국,한국,위드시네마
178,원더풀 고스트,2018-09-26,"8,000",0.0%,"8,000",100.0%,"3,720,939,600",4,4,100.0%,"450,378",1,4,한국,한국,"(주)제이앤씨미디어그룹,TCO(주)더콘텐츠온"
183,밤치기,2018-11-01,"22,000",0.0%,"-48,000",-68.6%,"17,026,450",3,-7,-70.0%,"2,130",1,3,한국,한국,무브먼트
183,새벽의 약속,2018-11-22,"23,000",0.0%,"-171,000",-88.1%,"28,331,850",3,-21,-87.5%,"3,664",1,1,프랑스,프랑스,(주)일레븐엔터테인먼트
185,뷰티풀 데이즈,2018-11-21,"12,000",0.0%,"-68,000",-85.0%,"54,600,550",2,-12,-85.7%,"7,304",1,1,한국,"한국,프랑스","(주)콘텐츠판다,(주)스마일이엔티"
185,워크 투 리멤버,2002-06-21,"17,600",0.0%,"-3,400",-16.2%,"10,592,200",2,-1,-33.3%,"1,435",1,1,미국,미국,"아이 엠,(주)씨네월드"
187,스페이스 인커밍,2019-01-10,"5,000",0.0%,"5,000",100.0%,"5,000",1,1,100.0%,1,1,1,미국,미국,라온아이(주)
187,데스트랩,2018-12-06,"5,000",0.0%,"-1,000",-16.7%,"228,500",1,-1,-50.0%,36,1,1,한국,한국,블리트필름
187,착한형수의사정,2019-01-11,"5,000",0.0%,"5,000",100.0%,"5,000",1,1,100.0%,1,1,1,한국,한국,스마일컨텐츠
187,지퍼스 크리퍼스 3,,"2,000",0.0%,"2,000",100.0%,"2,000",1,1,100.0%,1,1,1,미국,미국,(주)퍼스트런
187,사촌누나의 원룸습격,2019-01-11,"6,000",0.0%,"6,000",100.0%,"6,000",1,1,100.0%,1,1,1,일본,일본,(주)도키엔터테인먼트
187,육체배달 온 전여친,2019-01-11,"6,000",0.0%,"6,000",100.0%,"6,000",1,1,100.0%,1,1,1,일본,일본,(주)도키엔터테인먼트
187,가슴전문 마사지샵,2019-01-11,"6,000",0.0%,"6,000",100.0%,"6,000",1,1,100.0%,1,1,1,일본,일본,(주)도키엔터테인먼트
187,음란한 시아버지의 손맛,2019-01-08,"6,000",0.0%,"6,000",100.0%,"6,000",1,1,100.0%,1,1,1,일본,일본,(주)플라이어
187,친구 엄마의 맛,2019-01-08,"6,000",0.0%,"6,000",100.0%,"6,000",1,1,100.0%,1,1,1,일본,일본,(주)플라이어
187,요코하마 갱스터,2019-01-10,"6,000",0.0%,"6,000",100.0%,"6,000",1,1,100.0%,1,1,1,일본,일본,(주)영진크리에이티브
187,사무라이-검신 주베에,2019-01-10,"6,000",0.0%,"6,000",100.0%,"6,000",1,1,100.0%,1,1,1,일본,일본,(주)영진크리에이티브
187,디거즈:원혼의 부활,2019-01-10,"1,000",0.0%,"1,000",100.0%,"1,000",1,1,100.0%,1,1,1,미국,미국,주식회사 레드아이스
187,신 배틀로얄:극악 소년원,2019-01-10,"6,000",0.0%,"6,000",100.0%,"6,000",1,1,100.0%,1,1,1,일본,일본,(주)영진크리에이티브
187,신 배틀로얄:극악 소년원2,2019-01-10,"6,000",0.0%,"6,000",100.0%,"6,000",1,1,100.0%,1,1,1,일본,일본,(주)영진크리에이티브
187,아스트로: 우주전쟁,2019-01-11,"5,000",0.0%,"5,000",100.0%,"5,000",1,1,100.0%,1,1,1,미국,미국,(주)소나무픽쳐스
187,어린 형수님들,2019-01-11,"5,000",0.0%,"5,000",100.0%,"5,000",1,1,100.0%,1,1,1,한국,한국,(주)소나무픽쳐스
187,어린 장모들 (감독판),2019-01-11,"5,000",0.0%,"5,000",100.0%,"5,000",1,1,100.0%,1,1,1,한국,한국,(주)소나무픽쳐스
187,어린 새엄마들 (감독판),2019-01-11,"5,000",0.0%,"5,000",100.0%,"5,000",1,1,100.0%,1,1,1,한국,한국,(주)소나무픽쳐스
187,처제와 형수들,2019-01-11,"5,000",0.0%,"5,000",100.0%,"5,000",1,1,100.0%,1,1,1,한국,한국,(주)소나무픽쳐스
187,아내의 엄마들(감독판),2019-01-11,"5,000",0.0%,"5,000",100.0%,"5,000",1,1,100.0%,1,1,1,한국,한국,(주)소나무픽쳐스
187,레드 스프링 아포칼립스,2019-01-10,"5,000",0.0%,"5,000",100.0%,"5,000",1,1,100.0%,1,1,1,캐나다,캐나다,라온아이(주)
187,두근두근 엄마친구,2019-01-07,"6,000",0.0%,"6,000",100.0%,"6,000",1,1,100.0%,1,1,1,일본,일본,(주)도키엔터테인먼트
187,한여름밤 야한 숙모,2019-01-07,"6,000",0.0%,"6,000",100.0%,"6,000",1,1,100.0%,1,1,1,일본,일본,(주)도키엔터테인먼트
187,적나라한 친구엄마,2019-01-07,"6,000",0.0%,"6,000",100.0%,"6,000",1,1,100.0%,1,1,1,일본,일본,(주)도키엔터테인먼트
187,가죽소파의 새엄마,2019-01-07,"6,000",0.0%,"6,000",100.0%,"6,000",1,1,100.0%,1,1,1,일본,일본,(주)도키엔터테인먼트
187,빽바지의 간호도우미,2019-01-07,"6,000",0.0%,"6,000",100.0%,"6,000",1,1,100.0%,1,1,1,일본,일본,(주)도키엔터테인먼트
187,미인 공무원의 정사,2019-01-07,"6,000",0.0%,"6,000",100.0%,"6,000",1,1,100.0%,1,1,1,일본,일본,(주)도키엔터테인먼트
187,음란한 사촌여동생,2019-01-07,"6,000",0.0%,"6,000",100.0%,"6,000",1,1,100.0%,1,1,1,일본,일본,(주)도키엔터테인먼트
187,왁싱중 실수한 여직원,2019-01-07,"6,000",0.0%,"6,000",100.0%,"6,000",1,1,100.0%,1,1,1,일본,일본,(주)도키엔터테인먼트
187,너무 예쁜 엄마친구,2019-01-07,"6,000",0.0%,"6,000",100.0%,"6,000",1,1,100.0%,1,1,1,일본,일본,(주)도키엔터테인먼트
187,사모님과 민감한 정사,2019-01-07,"6,000",0.0%,"6,000",100.0%,"6,000",1,1,100.0%,1,1,1,일본,일본,(주)도키엔터테인먼트
218,샹그리라의 야생마,,0,0.0%,0,100.0%,0,0,0,100.0%,0,1,1,중국,중국,
218,꽃잎,1996-04-05,0,0.0%,0,100.0%,0,0,0,100.0%,0,1,1,한국,한국,
218,결혼이야기,1992-07-04,0,0.0%,0,100.0%,0,0,0,100.0%,0,1,1,한국,한국,
218,조용한 가족,1998-04-25,0,0.0%,0,100.0%,"314,500",0,0,100.0%,41,1,1,한국,한국,
218,인정사정 볼 것 없다,1999-07-31,0,0.0%,0,100.0%,"1,943,500",0,0,100.0%,270,1,1,한국,한국,(주)시네마서비스
218,척화영웅,,0,0.0%,0,100.0%,0,0,0,100.0%,0,1,1,홍콩,홍콩,
합계,,,"30,813,884,531",,,,"659,145,190,379","3,667,170",,,"82,704,219","10,776","128,893",,,
,,,,,,,,,,,,,,,,
●01주차 (2018년 12월 31일 ~ 2019년 01월 06일),,,,,,,,,,,,,,,,
순위,영화명,개봉일,매출액,매출액,매출액증감,매출액증감율,누적매출액,관객수,관객수증감,관객수증감율,누적관객수,스크린수,상영횟수,대표국적,국적,배급사
,,,,점유율,(전주대비),(전주대비),,,(전주대비),(전주대비),,,,,,
1,아쿠아맨,2018-12-19,"11,718,939,748",29.3%,"-5,140,710,535",-30.5%,"39,845,206,829","1,340,208","-613,895",-31.4%,"4,544,371","1,161","29,235",미국,"미국,호주",워너브러더스 코리아(주)
2,주먹왕 랄프 2: 인터넷 속으로,2019-01-03,"6,108,758,148",15.3%,"6,075,365,148",18193.5%,"6,151,153,148","753,837","750,325",21364.6%,"758,353","1,453","16,544",미국,미국,월트디즈니컴퍼니코리아 유한책임회사
3,PMC: 더 벙커,2018-12-26,"5,122,542,977",12.8%,"-3,064,220,440",-37.4%,"13,488,244,894","593,770","-398,099",-40.1%,"1,607,675",957,"20,588",한국,한국,(주)씨제이이엔엠
4,보헤미안 랩소디,2018-10-31,"4,298,303,750",10.7%,"-1,023,085,431",-19.2%,"83,450,205,295","492,255","-123,753",-20.1%,"9,610,389",732,"12,623",미국,미국,"월트디즈니컴퍼니코리아 유한책임회사,이십세기폭스코리아(주)"
5,범블비,2018-12-25,"3,630,921,325",9.1%,"-5,210,983,877",-58.9%,"12,508,048,527","433,957","-618,485",-58.8%,"1,490,100",799,"14,944",미국,미국,롯데컬처웍스(주)롯데엔터테인먼트
6,스윙키즈,2018-12-19,"1,930,648,550",4.8%,"-2,408,272,850",-55.5%,"11,747,769,602","232,854","-301,352",-56.4%,"1,428,005",662,"8,185",한국,한국,(주)넥스트엔터테인먼트월드(NEW)
7,점박이 한반도의 공룡2 : 새로운 낙원,2018-12-25,"1,438,994,800",3.6%,"-1,145,904,950",-44.3%,"4,082,991,550","187,427","-139,683",-42.7%,"521,053",581,"5,053",한국,한국,(주)넥스트엔터테인먼트월드(NEW)
8,언니,2019-01-01,"1,530,484,850",3.8%,"1,523,617,850",22187.5%,"1,541,639,850","171,095","170,332",22324.0%,"172,338",530,"8,218",한국,한국,"(주)제이앤씨미디어그룹,TCO(주)더콘텐츠온"
9,말모이,2019-01-09,"868,754,600",2.2%,"804,620,600",1254.6%,"1,172,201,600","98,615","90,593",1129.3%,"151,979",449,"1,524",한국,한국,롯데컬처웍스(주)롯데엔터테인먼트
10,그린치,2018-12-19,"639,176,050",1.6%,"-1,342,118,700",-67.7%,"4,129,184,050","84,999","-174,434",-67.2%,"543,813",449,"2,657",미국,미국,유니버설픽쳐스인터내셔널 코리아(유)
11,극장판 짱구는 못말려: 아뵤! 쿵후 보이즈 ~라면 대란~,2018-12-19,"621,816,550",1.6%,"-520,413,200",-45.6%,"2,646,546,100","81,316","-65,898",-44.8%,"341,069",336,"2,044",일본,일본,(주)씨제이이엔엠
12,마약왕,2018-12-19,"593,621,400",1.5%,"-4,344,392,100",-88.0%,"16,168,939,852","69,731","-507,915",-87.9%,"1,857,556",533,"4,170",한국,한국,(주)쇼박스
13,스파이더맨: 뉴 유니버스,2018-12-12,"426,164,950",1.1%,"-302,451,050",-41.5%,"5,639,949,676","49,773","-36,760",-42.5%,"678,100",152,"1,386",미국,미국,소니픽쳐스엔터테인먼트코리아주식회사극장배급지점
14,극장판 포켓몬스터 모두의 이야기,2018-12-19,"178,201,050",0.4%,"-415,184,600",-70.0%,"1,449,264,450","23,363","-53,254",-69.5%,"186,977",162,779,일본,일본,(주)이수C&E
15,인생 후르츠,2018-12-06,"73,772,650",0.2%,"-6,642,750",-8.3%,"325,215,500","9,502",-861,-8.3%,"42,328",46,332,일본,일본,(주)엣나인필름
16,레토,2019-01-03,"71,325,050",0.2%,"59,910,750",524.9%,"91,366,350","8,242","7,096",619.2%,"10,336",112,754,러시아,"러시아,프랑스","(주)엣나인필름,플레이리스트(주)"
17,미스터 스마일,2018-12-27,"67,775,700",0.2%,"11,224,400",19.8%,"133,893,500","8,188","1,632",24.9%,"15,767",48,431,미국,미국,(주)티캐스트
18,호두까기 인형과 4개의 왕국,2018-12-06,"53,624,700",0.1%,"-216,826,900",-80.2%,"4,150,980,700","7,395","-31,520",-81.0%,"517,927",55,216,미국,미국,월트디즈니컴퍼니코리아 유한책임회사
19,국가부도의 날,2018-11-28,"43,382,500",0.1%,"-127,227,600",-74.6%,"30,872,129,587","5,853","-15,942",-73.1%,"3,751,561",38,184,한국,한국,(주)씨제이이엔엠
20,로마,2018-12-12,"48,797,800",0.1%,"-7,397,800",-13.2%,"214,847,600","5,844",-949,-14.0%,"26,372",20,172,멕시코,멕시코,판씨네마(주)
21,내안의 그놈,2019-01-09,"43,589,000",0.1%,"17,575,000",67.6%,"162,125,000","5,223","2,287",77.9%,"20,394",25,27,한국,한국,"(주)메리크리스마스,TCO(주)더콘텐츠온"
22,쿠르스크,2019-01-16,"36,608,000",0.1%,"36,608,000",100.0%,"36,608,000","4,572","4,572",100.0%,"4,572",10,21,벨기에,벨기에,"(주)제이앤씨미디어그룹,TCO(주)더콘텐츠온"
23,부탁 하나만 들어줘,2018-12-12,"35,744,200",0.1%,"-12,757,750",-26.3%,"1,019,787,488","3,961","-1,630",-29.2%,"117,921",26,233,미국,미국,(주)팝엔터테인먼트
24,데드풀 2: 순한맛,2019-01-03,"33,852,300",0.1%,"33,852,300",100.0%,"33,852,300","3,895","3,895",100.0%,"3,895",17,140,미국,미국,이십세기폭스코리아(주)
25,그대 이름은 장미,2019-01-16,"30,357,000",0.1%,"17,333,000",133.1%,"43,381,000","3,446","2,262",191.0%,"4,630",15,17,한국,한국,(주)리틀빅픽쳐스
26,이차크의 행복한 바이올린,2018-12-20,"24,758,600",0.1%,"-6,926,500",-21.9%,"81,874,350","3,244",-971,-23.0%,"10,658",22,145,미국,미국,(주)영화사 진진
27,그린 북,2019-01-09,"28,014,600",0.1%,"-1,853,100",-6.2%,"67,828,700","2,914",-28,-1.0%,"6,887",9,22,미국,미국,CGV아트하우스
28,하나 빼고 완벽한 뉴욕 아파트,2018-12-27,"24,113,600",0.1%,"1,723,500",7.7%,"48,475,700","2,780",175,6.7%,"5,613",34,236,미국,미국,판씨네마(주)
29,바울,2018-10-31,"17,806,300",0.0%,"-18,541,300",-51.0%,"2,115,094,100","2,201","-2,349",-51.6%,"269,630",12,104,미국,미국,(재)CBS
30,러빙 빈센트 : 비하인드 에디션,2018-12-13,"17,624,550",0.0%,"-19,387,150",-52.4%,"185,340,850","2,196","-2,081",-48.7%,"21,592",18,125,영국,영국,(주)이수C&E
31,언더독,2019-01-16,"18,063,000",0.0%,"15,846,000",714.7%,"21,193,000","1,953","1,724",752.8%,"2,335",6,11,한국,한국,(주)넥스트엔터테인먼트월드(NEW)
32,2001 스페이스 오디세이,,"16,038,900",0.0%,"16,038,900",100.0%,"37,471,600","1,584","1,584",100.0%,"4,509",33,118,영국,"영국,미국",
33,메리 셸리: 프랑켄슈타인의 탄생,2018-12-20,"11,063,350",0.0%,"-24,817,500",-69.2%,"84,115,500","1,382","-3,157",-69.6%,"10,099",24,108,미국,"미국,영국",(주)팝엔터테인먼트
34,완벽한 타인,2018-10-31,"11,553,700",0.0%,"-41,007,800",-78.0%,"44,356,517,474","1,366","-5,493",-80.1%,"5,294,078",21,37,한국,한국,롯데컬처웍스(주)롯데엔터테인먼트
35,도어락,2018-12-05,"10,770,200",0.0%,"-94,498,550",-89.8%,"12,798,380,986","1,336","-11,678",-89.7%,"1,560,352",28,101,한국,한국,메가박스중앙(주)플러스엠
36,구스 베이비,2019-01-16,"11,754,000",0.0%,"11,484,000",4253.3%,"12,024,000","1,306","1,276",4253.3%,"1,336",5,9,미국,미국,(주)이수C&E
37,샤이닝,,"11,786,800",0.0%,"11,786,800",100.0%,"28,923,200","1,245","1,245",100.0%,"3,830",33,129,미국,미국,
38,더 파티,2018-12-20,"8,687,100",0.0%,"-14,771,950",-63.0%,"60,547,450","1,133","-1,846",-62.0%,"7,349",21,94,영국,영국,(주)라이크콘텐츠
39,그늘과 양지,,"1,970,000",0.0%,"1,970,000",100.0%,"1,970,000",980,980,100.0%,980,1,10,미국,미국,
40,영광의 탈출,,"1,876,000",0.0%,"1,876,000",100.0%,"11,160,016",938,938,100.0%,"7,579",1,6,미국,미국,
41,센소,,"1,840,000",0.0%,"1,840,000",100.0%,"4,152,000",915,915,100.0%,"1,371",1,8,이탈리아,이탈리아,
42,레인보우: 나의 사랑,2019-01-03,"7,101,450",0.0%,"5,935,450",509.0%,"8,920,450",880,732,494.6%,"1,116",20,81,이탈리아,"이탈리아,프랑스",(주)마노엔터테인먼트
43,디자이닝 우먼,,"1,670,000",0.0%,"1,670,000",100.0%,"3,455,000",835,835,100.0%,"1,725",1,15,미국,미국,
44,갈매기,2018-12-13,"6,454,700",0.0%,"-12,154,900",-65.3%,"94,332,950",832,"-1,262",-60.3%,"11,458",10,51,미국,미국,(주)뮤제엔터테인먼트
45,시계태엽 오렌지,,"7,748,800",0.0%,"7,748,800",100.0%,"18,734,900",830,830,100.0%,"2,462",33,116,미국,미국,
46,007 살인번호,,"1,641,000",0.0%,"1,641,000",100.0%,"21,321,000",813,813,100.0%,"10,657",1,15,영국,영국,
47,내 모든 것을 다주어도,1977-01-01,"1,472,000",0.0%,"1,472,000",100.0%,"1,472,000",736,736,100.0%,736,1,15,미국,미국,
48,캐롤,2016-02-04,"5,906,500",0.0%,"-6,184,500",-51.1%,"2,696,068,753",680,-625,-47.9%,"325,269",6,14,미국,"미국,영국",CGV아트하우스
49,리지,2019-01-10,"7,337,500",0.0%,"6,406,900",688.5%,"8,268,100",601,516,607.1%,686,2,4,미국,미국,(주)팝엔터테인먼트
50,패터슨,2017-12-21,"4,397,608",0.0%,"-1,478,092",-25.2%,"554,250,708",564,-146,-20.6%,"67,182",14,17,프랑스,"프랑스,독일,미국",그린나래미디어(주)
51,인 디 아일,2018-11-22,"4,779,000",0.0%,"-4,960,500",-50.9%,"84,250,900",546,-552,-50.3%,"9,833",9,29,독일,독일,M&M 인터내셔널
52,모털 엔진,2018-12-05,"2,727,000",0.0%,"1,363,000",99.9%,"2,327,089,119",545,366,204.5%,"268,441",5,10,미국,미국,유니버설픽쳐스인터내셔널 코리아(유)
53,가버나움,2019-01-24,"5,351,100",0.0%,"260,300",5.1%,"10,441,900",521,29,5.9%,"1,013",8,10,기타,기타,"그린나래미디어(주),플레이리스트(주)"
54,극장판 공룡메카드: 타이니소어의 섬,2019-01-10,"4,608,000",0.0%,"3,330,000",260.6%,"5,886,000",512,370,260.6%,654,2,2,한국,한국,(주)넥스트엔터테인먼트월드(NEW)
55,어른이 되면,2018-12-13,"3,418,500",0.0%,"-3,304,000",-49.1%,"34,090,400",475,-416,-46.7%,"4,643",7,56,한국,한국,(주)시네마달
56,황혼의 결투,,"910,000",0.0%,"910,000",100.0%,"2,384,000",455,455,100.0%,"1,228",1,6,미국,미국,
57,사랑은 오직 한 길,,"891,000",0.0%,"473,000",113.2%,"4,273,000",443,234,112.0%,"2,129",1,8,프랑스,"프랑스,이탈리아",
58,솔로몬 왕의 보고,,"741,000",0.0%,"741,000",100.0%,"13,368,000",369,369,100.0%,"6,713",1,6,영국,영국,
59,워락,,"668,000",0.0%,"668,000",100.0%,"8,158,000",334,334,100.0%,"4,116",1,6,미국,미국,
60,버블 패밀리,2018-12-20,"2,352,000",0.0%,"569,000",31.9%,"7,869,200",320,67,26.5%,"1,221",11,55,한국,한국,무브먼트
61,더 포스트,2018-02-28,"2,828,000",0.0%,"-2,518,000",-47.1%,"1,105,174,648",319,-319,-50.0%,"139,695",8,15,미국,미국,CGV아트하우스
62,스팔타카스,1974-01-23,"592,000",0.0%,"592,000",100.0%,"9,692,000",296,296,100.0%,"4,869",1,4,미국,미국,
63,코만체로스,,"550,000",0.0%,"550,000",100.0%,"4,952,000",275,275,100.0%,"2,279",1,4,미국,미국,
64,명탐정 코난 : 제로의 집행인,2018-08-08,"2,520,000",0.0%,"2,520,000",100.0%,"3,017,440,361",264,264,100.0%,"396,494",1,2,일본,일본,(주)씨제이이엔엠
65,조선음란기방 옥미향 명기열전,2019-01-03,"1,183,000",0.0%,"1,183,000",100.0%,"1,183,000",244,244,100.0%,244,20,20,한국,한국,(주)케이알씨지
66,브로크백 마운틴,2006-03-01,"1,759,000",0.0%,"-1,575,400",-47.2%,"1,454,352,300",240,-197,-45.1%,"219,621",4,16,미국,미국,"유니버설픽쳐스인터내셔널 코리아(유),CJ ENM"
67,스타 이즈 본,2018-10-09,"2,041,000",0.0%,"-357,600",-14.9%,"4,199,179,400",231,-55,-19.2%,"484,041",1,7,미국,미국,워너브러더스 코리아(주)
68,리칭의 여선생,1972-07-06,"460,000",0.0%,"-1,147,000",-71.4%,"14,042,000",230,-571,-71.3%,"5,858",1,5,한국,한국,
69,폴란드로 간 아이들,2018-10-31,"1,386,000",0.0%,"-1,792,000",-56.4%,"373,232,800",223,-144,-39.2%,"48,685",1,4,한국,한국,커넥트픽쳐스(주)
70,원더,2017-12-27,"1,939,500",0.0%,"-3,918,000",-66.9%,"2,011,981,189",222,-419,-65.4%,"263,770",5,9,미국,미국,"CGV아트하우스,그린나래미디어(주)"
71,징기스칸,1977-03-18,"414,000",0.0%,"230,000",125.0%,"17,919,000",207,115,125.0%,"8,635",1,8,미국,미국,
72,레인보우,2010-11-18,"2,453,500",0.0%,"2,453,500",100.0%,"22,758,600",205,205,100.0%,"2,980",1,1,한국,한국,㈜인디스토리
73,선종 무문관,2018-12-13,"1,849,000",0.0%,"372,500",25.2%,"10,378,800",204,25,14.0%,"1,213",3,9,한국,한국,(주)드림팩트엔터테인먼트
74,해는 또다시 뜬다,,"394,000",0.0%,"394,000",100.0%,"7,103,000",197,197,100.0%,"3,535",1,6,미국,미국,
75,야공작,2017-06-01,"955,000",0.0%,"955,000",100.0%,"1,852,000",191,191,100.0%,321,1,2,중국,"중국,프랑스",(주)액티버스엔터테인먼트
76,헌터 킬러,2018-12-06,"1,532,000",0.0%,"-4,676,600",-75.3%,"466,121,450",186,-450,-70.8%,"56,668",2,19,미국,미국,(주)키다리이엔티
77,모어 댄 블루,2018-12-12,"1,506,000",0.0%,"-2,115,000",-58.4%,"218,505,600",173,-262,-60.2%,"27,247",2,10,대만,대만,오드
77,어린 형수 4,2019-01-04,"946,000",0.0%,"946,000",100.0%,"946,000",173,173,100.0%,173,20,20,한국,한국,(주)컨텐츠 빌리지
79,산상수훈,2017-12-07,"1,527,000",0.0%,"-4,483,500",-74.6%,"365,932,400",171,-631,-78.7%,"49,650",3,4,한국,한국,"이언픽쳐스,(주)그란"
80,상류시대,2019-01-03,"943,000",0.0%,"943,000",100.0%,"943,000",170,170,100.0%,170,20,21,한국,한국,(주)라온컴퍼니플러스
81,부다페스트 로큰롤,2018-12-20,"1,094,000",0.0%,"-2,065,150",-65.4%,"7,837,400",163,-292,-64.2%,"1,087",4,14,헝가리,헝가리,알토미디어(주)
82,카쓰므,,"312,000",0.0%,"-96,000",-23.5%,"3,175,000",156,-48,-23.5%,"1,487",1,6,영국,"영국,미국",
83,여로,,"310,000",0.0%,"-22,000",-6.6%,"17,130,000",155,-17,-9.9%,"8,321",1,3,미국,미국,
84,퍼스트맨,2018-10-18,"1,359,000",0.0%,"1,359,000",100.0%,"6,094,765,639",151,151,100.0%,"665,364",1,1,미국,미국,유니버설픽쳐스인터내셔널 코리아(유)
85,러브 오브 시베리아,2000-10-14,"311,000",0.0%,"311,000",100.0%,"4,852,000",148,148,100.0%,"2,288",1,9,러시아,"러시아,이탈리아,체코,프랑스",
86,라 트라비아타,2017-01-22,"2,484,000",0.0%,"2,484,000",100.0%,"38,027,500",147,147,100.0%,"1,589",6,6,독일,독일,(주)케빈앤컴퍼니
87,사랑의 묘약,2018-07-07,"2,153,500",0.0%,"2,153,500",100.0%,"45,017,500",138,138,100.0%,"2,033",6,6,미국,미국,(주) 인스터 글로벌
88,런닝맨 : 풀룰루의 역습,2018-12-05,"789,000",0.0%,"-5,104,900",-86.6%,"1,420,955,750",137,-703,-83.7%,"187,041",3,13,한국,한국,(주)넥스트엔터테인먼트월드(NEW)
89,더 서치,2019-01-17,"1,134,000",0.0%,"1,134,000",100.0%,"1,134,000",126,126,100.0%,126,1,1,프랑스,프랑스,(주)영화사오원
90,빌리어네어 보이즈클럽,2019-01-10,"1,116,000",0.0%,"1,116,000",100.0%,"1,116,000",124,124,100.0%,124,1,1,미국,미국,"(주)키다리이엔티,플레이리스트(주)"
91,패티코트 작전,,"239,000",0.0%,"239,000",100.0%,"3,199,000",119,119,100.0%,"1,594",1,6,미국,미국,
92,히트,1996-08-10,"236,000",0.0%,"84,000",55.3%,"43,098,500",118,42,55.3%,"5,781",1,6,미국,미국,(주)영화사오원
93,비포 선라이즈,1996-03-30,"540,000",0.0%,"540,000",100.0%,"466,160,748",108,108,100.0%,"57,728",2,2,미국,"미국,오스트리아 ,스위스",(주)드림팩트엔터테인먼트
94,1900년,2008-05-09,"505,000",0.0%,"127,000",33.6%,"883,000",106,30,39.5%,182,1,1,이탈리아,이탈리아,
95,매디슨 카운티의 다리,1995-09-23,"542,000",0.0%,"342,000",171.0%,"78,614,022",102,63,161.5%,"13,527",1,1,미국,미국,(주)영화사오원
96,영주,2018-11-22,"698,000",0.0%,"-537,000",-43.5%,"192,152,750",101,-86,-46.0%,"24,741",6,25,한국,한국,CGV아트하우스
97,어른도감,2018-08-23,"400,000",0.0%,"387,500",3100.0%,"53,539,700",100,96,2400.0%,"7,056",1,1,한국,한국,(주)영화사 진진
98,열녀문,,"194,000",0.0%,"192,000",9600.0%,"9,130,000",97,96,9600.0%,"4,314",1,8,한국,한국,
99,"안녕, 나의 소녀 시절이여",2018-12-12,"509,000",0.0%,"-327,000",-39.1%,"16,988,500",96,-29,-23.2%,"2,140",4,25,한국,한국,(주)드림팩트엔터테인먼트
100,데스티네이션 웨딩,2018-12-13,"602,000",0.0%,"-1,218,700",-66.9%,"29,269,500",93,-156,-62.7%,"3,679",2,6,미국,미국,(주)유로커뮤니케이션
101,메카닉: 리크루트,2016-08-31,"180,000",0.0%,"180,000",100.0%,"4,458,380,800",90,90,100.0%,"551,987",1,2,미국,"미국,프랑스",(주)제이앤씨미디어그룹
101,영광의 깃발,,"180,000",0.0%,"180,000",100.0%,"180,000",90,90,100.0%,90,1,1,,,
101,아팟치,1990-12-22,"180,000",0.0%,"180,000",100.0%,"180,000",90,90,100.0%,90,1,3,미국,미국,
104,명탐정 필립,,"590,000",0.0%,"590,000",100.0%,"2,565,000",86,86,100.0%,924,1,1,미국,미국,
104,9월이 오면,,"172,000",0.0%,"172,000",100.0%,"27,555,000",86,86,100.0%,"13,690",1,2,미국,미국,
106,베이비 길들이기,,"558,000",0.0%,"558,000",100.0%,"6,255,000",78,78,100.0%,"2,886",1,2,미국,미국,
106,보통사람들,,"376,000",0.0%,"376,000",100.0%,"376,000",78,78,100.0%,78,1,1,미국,미국,
108,로맨스 빠빠,1960-01-28,"152,000",0.0%,"152,000",100.0%,"9,551,000",76,76,100.0%,"4,780",1,3,한국,한국,
109,불타는 전장,,"148,000",0.0%,"148,000",100.0%,"148,000",74,74,100.0%,74,1,2,,,
110,두 번째 겨울,2018-12-27,"509,600",0.0%,"384,800",308.3%,"634,400",72,51,242.9%,93,5,22,한국,한국,(주)미로스페이스
111,통행증,,"342,000",0.0%,"309,000",936.4%,"375,000",71,60,545.5%,82,1,1,프랑스,프랑스,
112,다잉,2018-12-27,"495,900",0.0%,"-616,500",-55.4%,"1,608,300",62,-196,-76.0%,320,4,13,스페인,스페인,(주)더블앤조이픽쳐스
113,더 넌: 수녀의 저주,2018-11-03,"300,000",0.0%,"-2,365,000",-88.7%,"3,632,000",60,-448,-88.2%,679,1,1,미국,미국,제인앤유
113,커버처: 세이브 더 퓨처,,"300,000",0.0%,"300,000",100.0%,"300,000",60,60,100.0%,60,1,1,미국,미국,
113,배틀 드론,2019-01-03,"300,000",0.0%,"300,000",100.0%,"300,000",60,60,100.0%,60,1,1,미국,미국,(주)제이에이와이이엔터테인먼트
116,허드슨 호크,1992-02-01,"114,000",0.0%,"114,000",100.0%,"114,000",57,57,100.0%,57,1,1,미국,미국,
117,너의 이름은.,2017-01-04,"448,000",0.0%,"448,000",100.0%,"29,874,586,256",56,56,100.0%,"3,712,653",1,1,일본,일본,메가박스중앙(주)플러스엠
117,몽키 비지니스,,"361,000",0.0%,"361,000",100.0%,"1,067,000",56,56,100.0%,404,1,2,미국,미국,
117,언어의 정원,2013-08-14,"560,000",0.0%,"560,000",100.0%,"473,631,923",56,56,100.0%,"70,103",1,1,일본,일본,(주)팝엔터테인먼트
120,카메라를 멈추면 안 돼!,2018-08-23,"477,000",0.0%,"-1,054,266",-68.8%,"173,118,766",54,-146,-73.0%,"19,813",1,4,일본,일본,"(주)디오시네마,(주)영화사 그램"
121,맨하탄,,"216,000",0.0%,"34,000",18.7%,"398,000",46,11,31.4%,81,1,1,미국,미국,
121,악마는 프라다를 입는다,2006-10-25,"226,000",0.0%,"226,000",100.0%,"8,377,775,400",46,46,100.0%,"1,378,172",1,1,미국,미국,"(주)퍼스트런,글뫼 주식회사,이십세기폭스코리아(주)"
121,토마스와 친구들: 우정의 대모험,2018-12-13,"230,000",0.0%,"-1,820,500",-88.8%,"71,857,750",46,-360,-88.7%,"9,945",1,1,영국,영국,와이드 릴리즈(주)
124,트와일라잇,2008-12-10,"307,100",0.0%,"-1,982,550",-86.6%,"8,945,946,650",43,-265,-86.0%,"1,376,760",2,6,미국,미국,"판씨네마(주),(주)넥스트엔터테인먼트월드(NEW)"
124,더 헌트,2013-01-24,"430,000",0.0%,"430,000",100.0%,"275,433,500",43,43,100.0%,"36,568",1,1,덴마크,덴마크,"(주)엣나인필름,씨너스엔터테인먼트(주)"
126,방황의 날들,2007-09-07,"82,000",0.0%,"74,000",925.0%,"9,896,500",41,37,925.0%,"2,029",1,2,한국,한국,위드시네마
127,집의 시간들,2018-10-25,"293,000",0.0%,"-112,200",-27.7%,"24,374,450",40,-4,-9.1%,"2,929",1,4,한국,한국,KT&G 상상마당 영화사업팀 컴퍼니에스에스(주)
127,다영씨,2018-12-06,"267,000",0.0%,"-104,500",-28.1%,"7,203,600",40,-17,-29.8%,"1,037",4,19,한국,한국,㈜인디스토리
127,할머니의 먼 집,2016-09-29,"90,000",0.0%,"90,000",100.0%,"27,950,900",40,40,100.0%,"4,699",1,12,한국,한국,KT&G 상상마당 영화사업팀 컴퍼니에스에스(주)
130,율리시즈의 시선,1996-10-19,"192,000",0.0%,"64,000",50.0%,"1,740,000",39,11,39.3%,275,1,1,그리스,"그리스,프랑스,이탈리아,독일,영국,유고슬라비아",
131,배드 타이밍,1984-01-01,"76,000",0.0%,"76,000",100.0%,"76,000",38,38,100.0%,38,1,1,미국,미국,
131,하우스 오브 스피리트,1993-12-24,"194,000",0.0%,"83,000",74.8%,"305,000",38,1,2.7%,75,1,1,독일,독일,
133,미드나잇 카우보이,1975-10-20,"178,000",0.0%,"44,000",32.8%,"312,000",36,9,33.3%,63,1,1,미국,미국,
134,스카페이스,,"248,000",0.0%,"119,000",92.2%,"4,669,000",35,14,66.7%,"2,182",1,1,미국,미국,
134,어댑테이션,2003-05-08,"172,000",0.0%,"-103,000",-37.5%,"1,509,000",35,-19,-35.2%,229,1,1,미국,미국,(주)쇼박스
136,아메리카 타운,2018-12-06,"187,000",0.0%,"120,000",179.1%,"1,238,000",34,24,240.0%,209,2,7,한국,한국,전국예술영화관협회
136,소유와 무소유,,"231,000",0.0%,"231,000",100.0%,"1,820,000",34,34,100.0%,553,1,1,미국,미국,
138,연연풍진,,"207,000",0.0%,"-93,500",-31.1%,"6,686,500",33,-22,-40.0%,"1,038",1,4,대만,대만,
139,죽어야 사는 여자,1992-11-28,"146,000",0.0%,"-14,000",-8.8%,"306,000",30,-1,-3.2%,61,1,1,미국,미국,
140,황색 하늘,,"56,000",0.0%,"56,000",100.0%,"56,000",28,28,100.0%,28,1,1,미국,미국,
141,주홍글씨,2004-10-29,"54,000",0.0%,"54,000",100.0%,"6,649,638,000",27,27,100.0%,"1,030,542",1,1,한국,한국,(주)쇼박스
142,리오 브라보,,"170,000",0.0%,"-90,000",-34.6%,"23,766,000",26,-13,-33.3%,"9,732",1,1,미국,미국,
142,트루먼 쇼,1998-10-24,"224,000",0.0%,"-2,384,900",-91.4%,"107,191,000",26,-271,-91.2%,"12,524",1,3,미국,미국,주식회사 해리슨앤컴퍼니
142,너의 췌장을 먹고 싶어,2018-11-15,"239,000",0.0%,"59,000",32.8%,"410,542,605",26,7,36.8%,"52,381",1,1,일본,일본,(주)넥스트엔터테인먼트월드(NEW)
145,레드 리버,,"173,000",0.0%,"173,000",100.0%,"11,879,000",25,25,100.0%,"5,542",1,1,미국,미국,
146,군산: 거위를 노래하다,2018-11-08,"129,000",0.0%,"-18,000",-12.2%,"126,613,500",24,-2,-7.7%,"15,351",2,11,한국,한국,(주)트리플픽쳐스
146,그의 연인 프라이데이,,"172,000",0.0%,"-42,000",-19.6%,"432,000",24,-9,-27.3%,80,1,1,미국,미국,
146,신사는 금발을 좋아해,,"169,000",0.0%,"-388,000",-69.7%,"16,933,000",24,-49,-67.1%,"7,312",1,1,미국,미국,
146,새벽의 약속,2018-11-22,"194,000",0.0%,"53,000",37.6%,"28,308,850",24,3,14.3%,"3,661",1,6,프랑스,프랑스,(주)일레븐엔터테인먼트
150,"1991, 봄",2018-10-31,"135,000",0.0%,"39,000",40.6%,"42,941,750",20,6,42.9%,"5,719",2,8,한국,한국,(주)인디플러그
150,동년왕사,,"123,000",0.0%,"-35,500",-22.4%,"2,560,500",20,-10,-33.3%,402,1,3,대만,대만,
150,새엄마 3,2019-01-03,"105,000",0.0%,"105,000",100.0%,"105,000",20,20,100.0%,20,20,20,한국,한국,(주)영화사가을
150,잃어버린 전주곡,,"96,000",0.0%,"-108,000",-52.9%,"300,000",20,-22,-52.4%,62,1,1,미국,미국,
154,파질 왕자,,"107,000",0.0%,"107,000",100.0%,"107,000",18,18,100.0%,18,1,1,미국,미국,
155,풀잎들,2018-10-25,"136,000",0.0%,"-56,000",-29.2%,"59,522,250",17,-11,-39.3%,"7,335",1,3,한국,한국,"(주)콘텐츠판다,(주)영화제작전원사 ,무브먼트"
156,삼국-무영자,2018-12-13,"52,000",0.0%,"-456,000",-89.8%,"16,826,500",15,-166,-91.7%,"3,069",2,5,중국,중국,(주)제이앤씨미디어그룹
157,마담 B,2018-11-15,"110,000",0.0%,"-19,000",-14.7%,"9,993,200",14,-5,-26.3%,"1,494",2,4,한국,"한국,프랑스",영화배급협동조합 씨네소파
157,뷰티풀 데이즈,2018-11-21,"80,000",0.0%,"1,500",1.9%,"54,588,550",14,-1,-6.7%,"7,302",2,4,한국,"한국,프랑스","(주)콘텐츠판다,(주)스마일이엔티"
157,당갈,2018-04-25,"91,000",0.0%,"22,000",31.9%,"906,675,500",14,3,27.3%,"109,477",2,14,인도,인도,(주)넥스트엔터테인먼트월드(NEW)
157,천당의 밤과 안개,2018-11-29,"104,000",0.0%,"2,000",2.0%,"3,443,200",14,6,75.0%,308,3,13,한국,한국,주식회사 마운틴픽쳐스
161,겨울 이야기,,"91,000",0.0%,"91,000",100.0%,"6,043,000",13,13,100.0%,932,1,1,프랑스,프랑스,
161,에스코바르,2018-11-15,"26,000",0.0%,"26,000",100.0%,"70,510,500",13,13,100.0%,"8,506",1,1,스페인,스페인,(주)영화사 빅
161,류이치 사카모토: 코다,2018-06-14,"78,000",0.0%,"-65,000",-45.5%,"122,922,400",13,-6,-31.6%,"14,316",1,1,일본,일본,주식회사 씨네룩스
161,불온한 당신,2017-07-20,"91,000",0.0%,"91,000",100.0%,"34,814,700",13,13,100.0%,"4,814",1,1,한국,한국,무브먼트
165,초대녀 2,2018-12-28,"240,000",0.0%,"-944,000",-79.7%,"1,424,000",12,-172,-93.5%,196,1,1,한국,한국,(주)컨텐츠 빌리지
166,해피 댄싱,2018-11-15,"75,000",0.0%,"26,000",53.1%,"23,869,200",11,4,57.1%,"3,333",1,2,영국,영국,주식회사 씨네룩스
166,타샤 튜더,2018-09-13,"99,000",0.0%,"-440,000",-81.6%,"364,703,850",11,-90,-89.1%,"46,043",1,2,일본,일본,(주)마노엔터테인먼트
168,소녀의 세계,2018-11-29,"48,000",0.0%,"-105,000",-68.6%,"12,451,200",10,-37,-78.7%,"1,808",2,3,한국,한국,(주)드림팩트엔터테인먼트
168,밤치기,2018-11-01,"70,000",0.0%,"5,000",7.7%,"17,004,450",10,0,0.0%,"2,127",2,5,한국,한국,무브먼트
168,야생 갈대,,"50,000",0.0%,"8,000",19.0%,"866,000",10,2,25.0%,163,1,1,프랑스,프랑스,
171,챔프,1979-09-08,"40,000",0.0%,"-44,000",-52.4%,"5,302,000",9,-7,-43.8%,"2,560",1,1,미국,미국,
171,베일리 어게인,2018-11-22,"74,500",0.0%,"-1,643,500",-95.7%,"796,864,900",9,-177,-95.2%,"93,691",2,2,미국,미국,(주)홈초이스
173,내 친구 정일우,2017-10-26,"14,000",0.0%,"-61,000",-81.3%,"76,699,160",7,-28,-80.0%,"12,245",1,2,한국,한국,(주)시네마달
173,오렌지필름 기획전-핑퐁,,"48,000",0.0%,"48,000",100.0%,"48,000",7,7,100.0%,7,1,1,한국,한국,
175,리틀 이태리,2018-12-06,"60,000",0.0%,"-14,650",-19.6%,"13,865,800",6,-4,-40.0%,"1,794",1,1,캐나다,캐나다,(주)드림팩트엔터테인먼트
176,마션 인베이션,2019-01-03,"5,000",0.0%,"5,000",100.0%,"5,000",5,5,100.0%,5,5,5,영국,영국,레이크엔터테인먼트
177,샘,2018-11-29,"28,000",0.0%,"-99,500",-78.0%,"25,225,750",4,-12,-75.0%,"3,188",1,1,한국,한국,롯데컬처웍스(주)롯데엔터테인먼트
177,참외향기,2018-05-31,"28,000",0.0%,"-708,000",-96.2%,"4,631,200",4,-359,-98.9%,"1,009",1,4,한국,한국,(주)영화사 그램
177,안개 속 소녀,2018-12-06,"4,000",0.0%,"-4,000",-50.0%,"16,851,900",4,-2,-33.3%,"2,020",2,4,이탈리아,이탈리아,(주)미디어 마그나
177,어거스트 러쉬,2007-11-29,"31,600",0.0%,"-1,411,000",-97.8%,"14,346,029,600",4,-167,-97.7%,"2,227,458",1,2,미국,미국,"(주)영화사 그램,CJ ENM"
177,천안함 프로젝트,2013-09-05,"28,000",0.0%,"28,000",100.0%,"158,563,500",4,4,100.0%,"21,321",1,1,한국,한국,(주)아우라픽처스
177,명령불복종 교사,2015-05-14,"28,000",0.0%,"28,000",100.0%,"12,011,200",4,4,100.0%,"1,831",1,1,한국,한국,(주)인디플러그
177,그림자들의 섬,2016-08-25,"28,000",0.0%,"28,000",100.0%,"31,186,800",4,4,100.0%,"4,552",1,1,한국,한국,(주)시네마달
184,뉴욕 라이브러리에서,2018-10-11,"33,000",0.0%,"-227,000",-87.3%,"55,320,600",3,-21,-87.5%,"5,494",1,1,미국,미국,(주)영화사 진진
184,워크 투 리멤버,2002-06-21,"21,000",0.0%,"-28,000",-57.1%,"10,574,600",3,-4,-57.1%,"1,433",1,1,미국,미국,"아이 엠,(주)씨네월드"
184,엘리엇과 산타 썰매단,2018-12-12,"15,000",0.0%,"-9,380,600",-99.8%,"399,047,800",3,"-1,567",-99.8%,"57,582",1,1,캐나다,캐나다,(주)팝엔터테인먼트
187,언더 더 트리,2018-11-08,"17,600",0.0%,"17,600",100.0%,"8,174,300",2,2,100.0%,"1,138",1,1,아이슬란드,아이슬란드,이언픽쳐스
187,두 개의 문,2012-06-21,"14,000",0.0%,"14,000",100.0%,"505,706,000",2,2,100.0%,"73,789",1,1,한국,한국,(주)시네마달
187,사랑해! 진영아,2013-11-07,"14,000",0.0%,"14,000",100.0%,"34,789,000",2,2,100.0%,"4,951",1,2,한국,한국,"㈜인디스토리,(주)인디플러그"
187,바이킹 데스티니,2018-12-20,"3,000",0.0%,"-12,000",-80.0%,"32,000",2,-8,-80.0%,21,2,2,영국,영국,주식회사 풍경소리
191,어린 형수,2016-09-23,"2,000",0.0%,"2,000",100.0%,"7,000",1,1,100.0%,2,1,1,한국,한국,핵존슨
191,스타박'스 다방,2018-01-11,"7,000",0.0%,"-63,000",-90.0%,"13,521,000",1,-9,-90.0%,"1,929",1,1,한국,한국,(주)드림팩트엔터테인먼트
191,자가당착: 시대정신과 현실참여,2015-09-10,"7,000",0.0%,"7,000",100.0%,"3,285,000",1,1,100.0%,533,1,1,한국,한국,(주)인디플러그
191,괴담,,"1,000",0.0%,"1,000",100.0%,"1,000",1,1,100.0%,1,1,1,미국,미국,
191,신디케이트 : 라스트 마피아,,"1,000",0.0%,"1,000",100.0%,"1,000",1,1,100.0%,1,1,1,미국,미국,
191,더 퍼지: 원 데이 게임,,"1,000",0.0%,"1,000",100.0%,"1,000",1,1,100.0%,1,1,1,미국,미국,
191,파일럿 스카이 미션,,"1,000",0.0%,"1,000",100.0%,"1,000",1,1,100.0%,1,1,1,미국,미국,
191,싸이코 킬러: 잭 더 리퍼,,"1,000",0.0%,"1,000",100.0%,"1,000",1,1,100.0%,1,1,1,미국,미국,
191,반전손님,,"1,000",0.0%,"1,000",100.0%,"1,000",1,1,100.0%,1,1,1,미국,미국,
191,59 세컨즈,,"1,000",0.0%,"1,000",100.0%,"1,000",1,1,100.0%,1,1,1,미국,미국,
191,암시,,"1,000",0.0%,"1,000",100.0%,"1,000",1,1,100.0%,1,1,1,미국,미국,
191,몽정기:꿈꿔오던 금단의 섹스,2018-12-31,"6,000",0.0%,"6,000",100.0%,"6,000",1,1,100.0%,1,1,1,일본,일본,(주)영진크리에이티브
191,남자를 원하는 음란 유부녀들,2018-12-31,"6,000",0.0%,"6,000",100.0%,"6,000",1,1,100.0%,1,1,1,일본,일본,(주)영진크리에이티브
191,피치포크 살인사건,2018-12-31,"1,000",0.0%,"1,000",100.0%,"1,000",1,1,100.0%,1,1,1,미국,미국,주식회사 레드아이스
191,매력적인 장모님들,2019-01-04,"5,000",0.0%,"5,000",100.0%,"5,000",1,1,100.0%,1,1,1,한국,한국,(주)소나무픽쳐스
191,형수:잘못된 관계 무삭제판,2019-01-04,"6,000",0.0%,"6,000",100.0%,"6,000",1,1,100.0%,1,1,1,일본,일본,(주)영진크리에이티브
191,10 바이 10,2019-01-03,"5,000",0.0%,"5,000",100.0%,"5,000",1,1,100.0%,1,1,1,영국,영국,㈜코리아스크린
191,황비홍-천하지남북영웅,,"1,000",0.0%,"1,000",100.0%,"1,000",1,1,100.0%,1,1,1,중국,중국,
191,형수님의 수치심,2019-01-04,"6,000",0.0%,"6,000",100.0%,"6,000",1,1,100.0%,1,1,1,일본,일본,(주)도키엔터테인먼트
191,긴생머리의 새엄마,2019-01-04,"6,000",0.0%,"6,000",100.0%,"6,000",1,1,100.0%,1,1,1,일본,일본,(주)도키엔터테인먼트
191,새엄마의 야한 목소리,2019-01-04,"6,000",0.0%,"6,000",100.0%,"6,000",1,1,100.0%,1,1,1,일본,일본,(주)도키엔터테인먼트
191,부드러운 핑크빛 새엄마,2019-01-04,"6,000",0.0%,"6,000",100.0%,"6,000",1,1,100.0%,1,1,1,일본,일본,(주)도키엔터테인먼트
191,형수님 끝판왕,2019-01-04,"6,000",0.0%,"6,000",100.0%,"6,000",1,1,100.0%,1,1,1,일본,일본,(주)도키엔터테인먼트
191,부장님 아내는 초거유족,2019-01-04,"6,000",0.0%,"6,000",100.0%,"6,000",1,1,100.0%,1,1,1,일본,일본,(주)도키엔터테인먼트
191,저는 당신의 노예입니다,2019-01-04,"6,000",0.0%,"6,000",100.0%,"6,000",1,1,100.0%,1,1,1,일본,일본,(주)도키엔터테인먼트
191,꽃미남 마사지샵,2019-01-04,"6,000",0.0%,"6,000",100.0%,"6,000",1,1,100.0%,1,1,1,일본,일본,(주)도키엔터테인먼트
191,동창회의 전남친,2019-01-04,"6,000",0.0%,"6,000",100.0%,"6,000",1,1,100.0%,1,1,1,일본,일본,(주)도키엔터테인먼트
191,너무 어린 새엄마,2019-01-04,"6,000",0.0%,"6,000",100.0%,"6,000",1,1,100.0%,1,1,1,일본,일본,(주)도키엔터테인먼트
191,내여자의 정사-무삭제판,,"1,000",0.0%,"1,000",100.0%,"1,000",1,1,100.0%,1,1,1,한국,한국,
191,아이스브레이커,2019-01-04,"5,000",0.0%,"5,000",100.0%,"5,000",1,1,100.0%,1,1,1,러시아,러시아,(주)소나무픽쳐스
191,완벽한 그녀의 비밀,2019-01-05,"2,000",0.0%,"2,000",100.0%,"2,000",1,1,100.0%,1,1,1,대만,대만,(주)달빛공장
191,아빠친구2-무삭제판,2019-01-04,"5,000",0.0%,"5,000",100.0%,"5,000",1,1,100.0%,1,1,1,한국,한국,스마일컨텐츠
191,밀양 아리랑,2015-07-16,"7,000",0.0%,"7,000",100.0%,"18,248,000",1,1,100.0%,"3,045",1,1,한국,한국,(주)시네마달
224,척화영웅,,0,0.0%,0,100.0%,0,0,0,100.0%,0,1,1,홍콩,홍콩,
224,소공녀,2018-03-22,0,0.0%,"-144,000",-100.0%,"474,426,700",0,-16,-100.0%,"59,374",1,1,한국,한국,CGV아트하우스
합계,,,"39,992,330,306",,,,"407,687,589,021","4,727,817",,,"50,174,775","10,086","132,905",,,
