순위,영화명,개봉일,매출액 ,매출액,누적매출액 ,관객수 ,누적관객수 ,스크린수 ,상영횟수 ,대표국적 ,국적 ,배급사 
,,,,점유율 ,,,,,,,,
1,#살아있다,2020-06-24,"9,956,085,460",30.4%,"9,956,085,460","1,194,944","1,194,944","1,882","54,921",한국,한국,롯데컬처웍스(주)롯데엔터테인먼트
2,결백,2020-06-10,"6,580,293,840",20.1%,"6,581,823,840","742,746","742,916","1,112","57,398",한국,한국,"소니픽쳐스엔터테인먼트코리아주식회사극장배급지점,(주)키다리이엔티"
3,침입자,2020-06-04,"4,794,984,080",14.6%,"4,799,281,080","529,826","530,659","1,365","53,292",한국,한국,(주)에이스메이커무비웍스
4,온워드: 단 하루의 기적,2020-06-17,"2,578,561,080",7.9%,"2,579,233,080","296,824","296,920","1,138","32,205",미국,미국,월트디즈니컴퍼니코리아 유한책임회사
5,사라진 시간,2020-06-18,"1,639,621,740",5.0%,"1,640,899,740","184,257","184,399",874,"20,396",한국,한국,(주)에이스메이커무비웍스
6,위대한 쇼맨,2017-12-20,"1,055,978,200",3.2%,"13,262,250,900","171,109","1,685,574",519,"17,479",미국,미국,"월트디즈니컴퍼니코리아 유한책임회사,이십세기폭스코리아(주)"
7,에어로너츠,2020-06-10,"671,561,240",2.0%,"671,691,240","76,691","76,717",534,"11,371",영국,"영국,미국",(주)홈초이스
8,나의 첫 번째 슈퍼스타,2020-06-10,"465,903,360",1.4%,"466,351,360","52,376","52,440",462,"8,565",미국,미국,유니버설픽쳐스인터내셔널 코리아(유)
9,언더워터,2020-05-27,"448,134,820",1.4%,"936,837,800","50,901","109,152",539,"10,962",미국,미국,월트디즈니컴퍼니코리아 유한책임회사
10,프리즌 이스케이프,2020-05-06,"374,700,200",1.1%,"1,847,837,600","45,673","216,998",406,"8,060",영국,"영국,호주",(주)이놀미디어
11,아이즈 온 미 : 더 무비,2020-06-10,"506,274,000",1.5%,"506,274,000","39,228","39,228",124,"2,369",한국,한국,씨제이포디플렉스 주식회사
12,배트맨 비긴즈,2005-06-24,"241,625,160",0.7%,"5,793,851,160","33,051","902,295",301,"3,434",미국,미국,워너브러더스 코리아(주)
13,매드 맥스: 분노의 도로,2015-05-14,"259,692,500",0.8%,"33,649,857,862","29,893","3,914,023",38,"2,174",미국,"미국,호주",워너브러더스 코리아(주)
14,야구소녀,2020-06-18,"255,091,080",0.8%,"258,046,080","29,542","29,965",264,"3,304",한국,한국,"(주)싸이더스,찬란"
15,콜 미 바이 유어 네임,2018-03-22,"224,746,640",0.7%,"1,895,253,628","25,292","224,881",70,"1,839",이탈리아,"이탈리아,프랑스,브라질,미국","(주)디스테이션,소니픽쳐스엔터테인먼트코리아주식회사극장배급지점"
16,카페 벨에포크,2020-05-20,"182,837,420",0.6%,"538,940,200","22,315","64,320",281,"3,609",프랑스,프랑스,(주)이수C&E
17,프랑스여자,2020-06-04,"127,517,400",0.4%,"130,111,400","17,869","18,203",244,"3,403",한국,한국,"(주)디스테이션,롯데컬처웍스(주)롯데엔터테인먼트"
18,미스비헤이비어,2020-05-27,"114,167,580",0.3%,"232,535,860","13,881","28,668",317,"3,221",영국,영국,판씨네마(주)
19,아홉 스님,2020-05-27,"82,860,100",0.3%,"137,539,200","13,297","22,317",116,"1,413",한국,한국,"(주)퍼스트런,(주)키다리이엔티"
20,슈퍼스타 뚜루,2020-06-04,"101,208,020",0.3%,"101,208,020","13,132","13,132",300,"1,894",스페인,스페인,(주)박수엔터테인먼트
21,엔딩스 비기닝스,2020-06-24,"101,934,960",0.3%,"101,934,960","12,429","12,429",251,"2,238",미국,"미국,한국","(주)스마일이엔티,(주)씨제이이엔엠"
22,너는 달밤에 빛나고,2020-06-10,"108,947,000",0.3%,"108,947,000","12,303","12,303",178,"2,517",일본,일본,"(주)이수C&E,(주)콘텐츠판다"
23,레옹 디 오리지널,2020-06-11,"72,765,140",0.2%,"72,765,140","11,875","11,875",130,"1,268",프랑스,프랑스,(주)제이앤씨미디어그룹
24,패왕별희 디 오리지널,2017-03-30,"97,730,740",0.3%,"913,558,660","10,053","100,951",90,"1,075",중국,중국,"(주)제이앤씨미디어그룹,(주)드림팩트엔터테인먼트"
25,그랜드 부다페스트 호텔,2014-03-20,"60,243,000",0.2%,"6,485,007,022","10,040","832,245",84,871,미국,"미국,독일","(주)피터팬픽쳐스,이십세기폭스코리아(주)"
26,아이 캔 온리 이매진,2018-06-21,"60,277,660",0.2%,"247,428,260","9,374","32,096",134,"1,058",미국,미국,"(주)영화사 그램,TCO(주)더콘텐츠온,(재)CBS"
27,그집,2020-05-27,"79,423,020",0.2%,"238,253,460","9,247","28,702",314,"2,563",스페인,스페인,"(주)제이앤씨미디어그룹,TCO(주)더콘텐츠온"
28,라이프 오브 파이,2013-01-01,"52,973,000",0.2%,"16,384,876,100","8,826","1,646,997",92,943,미국,미국,"주식회사 해리슨앤컴퍼니,이십세기폭스코리아(주)"
29,전망좋은 방,1989-06-24,"70,420,500",0.2%,"83,187,100","8,148","13,607",46,801,영국,영국,알토미디어(주)
30,날씨의 아이,2019-10-30,"52,184,100",0.2%,"5,842,744,550","8,123","712,329",81,789,일본,일본,"(주)미디어캐슬,워터홀컴퍼니(주)"
31,슬럼독 밀리어네어,2009-03-19,"36,109,000",0.1%,"7,429,253,300","6,024","1,118,690",47,366,영국,"영국,미국","(주)영화특별시에스엠씨,CJ ENM"
32,초미의 관심사,2020-05-27,"45,455,200",0.1%,"128,295,360","5,738","16,089",285,"1,807",한국,한국,(주)트리플픽쳐스
33,환상의 마로나,2020-06-11,"49,745,560",0.2%,"50,682,560","5,183","5,326",48,588,프랑스,프랑스,찬란
34,부력,2020-06-25,"36,215,880",0.1%,"36,215,880","4,344","4,344",90,598,호주,호주,(주)영화사 그램
35,더 플랫폼,2020-05-13,"38,281,000",0.1%,"604,615,000","4,259","66,038",131,"1,156",스페인,스페인,(주)홈초이스
36,와일드 시티,2020-06-17,"34,891,180",0.1%,"34,891,180","4,108","4,108",111,916,영국,영국,와이드 릴리즈(주)
37,인비저블 라이프,2020-06-24,"33,809,900",0.1%,"33,809,900","4,078","4,078",49,425,기타,기타,(주)삼백상회
38,러브레터,1999-11-20,"24,041,500",0.1%,"886,707,234","4,004","115,176",31,264,일본,일본,"와이드 릴리즈(주),(주)제이앤씨미디어그룹,(유)조이앤시네마,(주)팝엔터테인먼트"
39,에이브의 쿠킹 다이어리,2020-06-24,"30,171,620",0.1%,"30,458,620","3,925","3,966",56,441,브라질,브라질,(주)영화사 진진
40,나미야 잡화점의 기적,2018-02-28,"24,685,140",0.1%,"1,488,734,025","3,815","196,693",28,310,일본,일본,(주)이수C&E
41,트롤: 월드 투어,2020-04-29,"26,664,000",0.1%,"1,165,324,480","3,552","151,772",71,634,미국,미국,유니버설픽쳐스인터내셔널 코리아(유)
42,카메론 포스트의 잘못된 교육,2020-06-04,"30,886,020",0.1%,"31,337,020","3,504","3,593",108,990,미국,"미국,영국",(주)팝엔터테인먼트
43,루팡 3세: 더 퍼스트,2020-05-21,"15,176,500",0.0%,"80,053,500","3,464","10,859",38,280,일본,일본,(주)넥스트엔터테인먼트월드(NEW)
44,들리나요?,2020-06-10,"34,686,140",0.1%,"39,592,140","3,444","3,751",103,839,한국,한국,(주)트리플픽쳐스
45,인헤리턴스,2020-06-25,"21,029,500",0.1%,"21,029,500","3,289","3,289",58,422,미국,미국,(주)누리픽쳐스
46,소리꾼,2020-07-01,"26,569,000",0.1%,"26,569,000","3,098","3,098",16,27,한국,한국,(주)리틀빅픽쳐스
47,나는보리,2020-05-21,"20,847,520",0.1%,"81,237,860","3,065","11,234",37,440,한국,한국,(주)영화사 진진
48,러빙 빈센트,2017-11-09,"17,918,000",0.1%,"3,282,885,761","2,991","412,698",38,305,영국,"영국,폴란드","(주)스튜디오디에이치엘,판씨네마(주)"
49,톰보이,2020-05-14,"24,809,060",0.1%,"274,456,140","2,797","30,733",53,476,프랑스,프랑스,(주)영화특별시에스엠씨
50,도미노,2020-06-11,"24,280,360",0.1%,"24,280,360","2,729","2,729",113,752,덴마크,"덴마크,미국,벨기에,이탈리아,프랑스",(주)영화사 빅
51,프란시스 하,2014-07-17,"16,161,500",0.0%,"591,421,070","2,702","76,155",37,394,미국,미국,그린나래미디어(주)
52,브루클린의 멋진 주말,2016-01-21,"16,055,500",0.0%,"282,412,300","2,694","38,198",31,315,미국,미국,(주)영화사 진진
53,영웅: 천하의 시작,2014-03-20,"22,136,820",0.1%,"66,203,420","2,648","12,223",107,804,중국,중국,"(주)제이앤씨미디어그룹,(주)박수엔터테인먼트"
54,열혈형사,2020-06-18,"20,513,960",0.1%,"20,513,960","2,466","2,466",121,714,한국,한국,(주)제이앤씨미디어그룹
55,타이페이 카페 스토리,2011-07-07,"14,567,500",0.0%,"96,898,900","2,433","13,280",17,140,대만,대만,찬란
56,리빙보이 인 뉴욕,2017-11-09,"13,899,500",0.0%,"262,519,300","2,323","32,702",34,340,미국,미국,주식회사 더쿱
57,킹 오브 프리즘 올 스타즈 -프리즘 쇼☆베스트10-,2020-04-02,"16,617,620",0.1%,"71,476,600","2,303","8,614",11,137,일본,일본,동우에이앤이(주)
58,제인의 썸머,2020-06-18,"12,575,500",0.0%,"12,575,500","2,182","2,182",43,181,한국,한국,"(주)키다리이엔티,(주)스마일이엔티"
59,밤쉘: 세상을 바꾼 폭탄선언,2020-07-08,"19,098,000",0.1%,"19,098,000","2,174","2,174",5,11,미국,"미국,캐나다",(주)홈초이스
60,극장판 시티헌터: 신주쿠 프라이빗 아이즈,2020-06-18,"14,279,000",0.0%,"14,279,000","2,045","2,045",64,417,일본,일본,"(주)팬엔터테인먼트,(주)퍼스트런"
61,런 보이 런,2020-05-28,"12,409,520",0.0%,"20,617,740","1,888","2,906",17,185,한국,한국,(주)라온컴퍼니플러스
62,하이큐!! 또 다른 도전,2020-05-14,"13,379,200",0.0%,"69,455,900","1,876","8,464",25,267,일본,일본,(주)삼백상회
63,창문 넘어 도망친 100세 노인,2014-06-18,"11,080,500",0.0%,"1,840,129,853","1,857","243,459",26,173,스웨덴,스웨덴,(주)영화사 빅
64,"지금, 만나러 갑니다",2005-03-25,"10,938,000",0.0%,"1,137,881,900","1,827","179,782",21,157,일본,일본,"(주)디스테이션,(주)엔케이컨텐츠,롯데쇼핑㈜롯데엔터테인먼트"
65,"조금씩, 천천히 안녕",2020-05-27,"14,451,900",0.0%,"47,732,320","1,802","5,954",124,521,일본,일본,(주)디스테이션
66,1917,2020-02-19,"16,596,440",0.1%,"7,872,002,760","1,705","870,451",16,116,미국,미국,(주)스마일이엔티
67,레이니 데이 인 뉴욕,2020-05-06,"15,011,960",0.0%,"785,081,000","1,701","88,570",50,331,미국,미국,"그린나래미디어(주),(주)버킷스튜디오"
68,너의 췌장을 먹고 싶어,2017-10-25,"10,084,000",0.0%,"3,717,779,240","1,684","467,515",33,216,일본,일본,(주)넥스트엔터테인먼트월드(NEW)
69,파리 오페라 발레단,2020-06-11,"13,123,040",0.0%,"13,123,040","1,656","1,656",18,251,프랑스,프랑스,(주)영화사 진진
70,동사서독 리덕스,2013-12-05,"14,527,000",0.0%,"50,735,500","1,603","6,600",6,61,홍콩,"홍콩,대만","(주)디스테이션,(주)엔케이컨텐츠,(주)앤드플러스미디어웍스"
71,레미: 집 없는 아이,2020-05-28,"12,379,560",0.0%,"33,242,380","1,537","4,160",131,538,프랑스,프랑스,(주)팝엔터테인먼트
72,프렌드 존,2019-10-30,"8,707,000",0.0%,"127,456,200","1,452","16,443",18,108,태국,태국,(주)디스테이션
73,로스트 인 파리,2017-05-18,"8,520,000",0.0%,"224,438,738","1,429","28,685",26,194,프랑스,"프랑스,벨기에",그린나래미디어(주)
74,킬러의 보디가드 무삭제 특별판,2018-09-12,"11,848,780",0.0%,"150,013,380","1,412","17,623",85,420,미국,미국,"(주)제이앤씨미디어그룹,(유)조이앤시네마"
75,콜 오브 와일드,2020-05-14,"9,576,120",0.0%,"305,969,500","1,388","36,223",34,279,미국,미국,월트디즈니컴퍼니코리아 유한책임회사
76,1945: 포인트 오브 노 리턴,2020-06-24,"9,104,680",0.0%,"9,104,680","1,328","1,328",47,256,영국,영국,(주)박수엔터테인먼트
77,소년시절의 너,2020-07-09,"7,314,000",0.0%,"7,314,000","1,219","1,219",5,9,중국,중국,"(주)영화특별시에스엠씨,(주)콘텐츠패밀리"
78,레미제라블: 뮤지컬 콘서트,2020-05-13,"6,987,200",0.0%,"162,921,920","1,147","12,426",6,45,미국,미국,유니버설픽쳐스인터내셔널 코리아(유)
79,"안녕, 미누",2020-05-27,"9,835,500",0.0%,"18,686,500","1,124","2,336",24,195,한국,한국,"영화사 풀,(주)영화사 친구"
80,8인: 최후의 결사단,2010-01-21,"8,848,460",0.0%,"873,760,960","1,102","116,031",71,391,중국,중국,"(주)팝엔터테인먼트,CJ ENM"
81,마미,2014-12-18,"10,504,500",0.0%,"480,645,544","1,071","60,271",8,58,캐나다,"캐나다,프랑스",(주)엣나인필름
82,그레텔과 헨젤,2020-07-08,"11,500,000",0.0%,"11,500,000","1,051","1,051",7,11,캐나다,캐나다,"(주)제이앤씨미디어그룹,TCO(주)더콘텐츠온"
83,김일성의 아이들,2020-06-25,"7,981,000",0.0%,"7,981,000","1,035","1,035",13,84,한국,한국,다큐스토리
84,오다기리 죠의 도쿄타워,2007-10-25,"6,132,500",0.0%,"369,607,500","1,026","57,073",17,95,일본,일본,"(주)엔케이컨텐츠,스폰지"
85,라라랜드,2016-12-07,"6,053,380",0.0%,"30,832,859,468","1,010","3,737,194",11,104,미국,미국,판씨네마(주)
86,저 산 너머,2020-04-30,"7,165,880",0.0%,"772,610,300",934,"103,523",26,251,한국,한국,(주)리틀빅픽쳐스
87,비커밍 제인,2007-10-11,"7,121,500",0.0%,"1,403,570,100",839,"217,089",17,136,미국,미국,"(주)팝엔터테인먼트,CJ ENM"
88,딥워터,2020-07-09,"6,712,000",0.0%,"6,712,000",787,787,2,4,기타,기타,(주)팝엔터테인먼트
89,로렌스 애니웨이,2013-12-19,"8,170,500",0.0%,"168,126,356",771,"20,728",5,44,캐나다,"캐나다,프랑스",(주)엣나인필름
90,국도극장: 감독판,2020-05-29,"6,374,000",0.0%,"6,490,000",739,756,7,102,한국,한국,명필름랩
91,동성서취,1993-03-13,"6,628,500",0.0%,"6,628,500",720,720,7,35,홍콩,홍콩,(주)엔케이컨텐츠
92,바다로 가자,2020-06-18,"5,517,500",0.0%,"6,298,700",672,799,15,129,한국,한국,ZONE Film
93,인베이젼 2020,2020-07-01,"5,496,000",0.0%,"5,496,000",659,659,4,5,러시아,러시아,(주)제이앤씨미디어그룹
94,불량한 가족,2020-07-09,"5,445,000",0.0%,"5,445,000",605,605,3,4,한국,한국,"(주)스톰픽쳐스코리아,와이드 릴리즈(주)"
95,하워즈 엔드,1993-04-10,"4,668,000",0.0%,"4,836,000",551,607,7,29,영국,영국,알토미디어(주)
96,해피 디 데이,2020-07-01,"3,856,000",0.0%,"3,856,000",482,482,2,4,미국,미국,(주)영화사 빅
97,문라이즈 킹덤,2013-01-31,"5,265,500",0.0%,"308,191,000",479,"39,183",5,35,미국,미국,(주)영화사 진진
98,트랜짓,2020-07-02,"4,438,500",0.0%,"5,054,500",473,598,1,3,독일,독일,M&M 인터내셔널
99,설국열차,2013-08-01,"2,729,500",0.0%,"67,035,013,000",460,"9,353,792",23,151,한국,"한국,체코",(주)씨제이이엔엠
100,스타 이즈 본,2018-10-09,"2,683,980",0.0%,"4,448,033,820",450,"527,972",1,34,미국,미국,워너브러더스 코리아(주)
101,모정,1972-12-09,"866,000",0.0%,"36,522,000",433,"17,776",1,12,미국,미국,
102,라스트 풀 메저,2020-05-20,"3,066,780",0.0%,"88,807,180",424,"11,223",36,169,미국,미국,(주)삼백상회
103,알렉산더대왕,,"846,000",0.0%,"20,880,000",423,"10,114",1,12,미국,미국,
104,포크 촙 힐,,"832,000",0.0%,"8,239,000",416,"4,221",1,12,미국,미국,
105,"색, 계",2007-11-08,"2,464,000",0.0%,"12,661,780,400",414,"1,925,774",1,26,미국,미국,"(주)제이앤씨미디어그룹,CJ ENM"
106,하이 눈,,"820,000",0.0%,"21,827,000",410,"10,247",1,16,미국,미국,
107,블러드샷,2020-05-21,"3,395,000",0.0%,"13,568,000",408,"1,806",7,112,미국,미국,소니픽쳐스엔터테인먼트코리아주식회사극장배급지점
108,모리스,2019-11-07,"5,018,500",0.0%,"129,932,023",407,"15,493",6,21,영국,영국,알토미디어(주)
109,원한의 도곡리 다리,,"809,000",0.0%,"13,921,000",403,"6,586",2,15,미국,미국,
110,괴물의 아이,2015-11-25,"2,338,840",0.0%,"1,672,311,916",396,"226,035",24,96,일본,일본,"CGV아트하우스,(주)리틀빅픽쳐스"
111,붉은 수수밭,1989-09-09,"2,142,000",0.0%,"7,535,000",369,"2,468",1,10,중국,중국,
112,인생,1995-05-27,"2,122,000",0.0%,"2,274,000",361,411,1,10,중국,중국,
113,연인,1992-06-20,"2,108,000",0.0%,"137,541,691",353,"18,234",1,22,프랑스,프랑스,(주)팝엔터테인먼트
114,귀주 이야기,1994-10-08,"2,019,000",0.0%,"2,196,000",350,409,1,10,중국,중국,
115,찬실이는 복도 많지,2020-03-05,"2,615,000",0.0%,"226,480,280",320,"26,505",5,55,한국,한국,찬란
116,백년의 기억,2020-06-11,"1,962,500",0.0%,"2,298,100",317,380,6,71,프랑스,프랑스,"전국예술영화관협회,에무 시네마 앤 카페"
117,홍등,1993-01-01,"1,849,000",0.0%,"2,722,000",316,604,1,10,중국,중국,
118,"아무튼, 아담",2020-07-02,"2,184,000",0.0%,"2,184,000",312,312,2,2,미국,미국,"(주)비싸이드 픽쳐스,주식회사 모쿠슈라픽쳐스,필립 스튜디오"
119,원탁의 기사,,"622,000",0.0%,"16,877,000",311,"8,099",1,9,미국,미국,
120,싸커 퀸즈,2020-05-27,"2,662,000",0.0%,"11,932,580",309,"1,524",37,133,프랑스,프랑스,와이드 릴리즈(주)
121,그렇게 아버지가 된다,2013-12-19,"1,819,500",0.0%,"972,415,562",308,"127,939",22,78,일본,일본,(주)티캐스트콘텐츠허브
122,쥬라기 프레데터,2019-12-16,"1,512,000",0.0%,"5,077,000",302,"2,013",1,1,영국,영국,(주)영화사 안다미로
123,여름의 거울 +자비에 돌란: 불가능을 넘어서,,"2,652,000",0.0%,"2,652,000",297,297,7,32,캐나다,캐나다,(주)엣나인필름
124,블루 발렌타인,2012-05-31,"3,403,000",0.0%,"125,395,700",293,"16,384",4,18,미국,미국,(주)영화사 진진
125,너와 파도를 탈 수 있다면,2020-07-08,"2,676,000",0.0%,"2,676,000",288,288,2,2,일본,일본,메가박스중앙(주)플러스엠
126,피델리오,2020-05-31,"6,998,000",0.0%,"8,820,900",285,357,7,52,독일,독일,(주)케빈앤컴퍼니
127,시간을 달리는 소녀,2007-06-14,"1,643,940",0.0%,"677,845,980",278,"98,304",3,31,일본,일본,"(주)얼리버드픽쳐스,THE 픽쳐스,CJ ENM"
128,프랭크,2014-09-25,"3,555,000",0.0%,"418,828,145",274,"53,462",4,21,영국,"영국,아일랜드",(주)영화사 진진
129,썸머 워즈,2009-08-13,"1,623,480",0.0%,"944,457,780",272,"133,178",1,26,일본,일본,CJ ENM
129,마티아스와 막심,2020-07-23,"2,527,500",0.0%,"6,128,000",272,635,4,10,캐나다,캐나다,(주)엣나인필름
131,멜랑콜리아,2012-05-17,"2,752,960",0.0%,"147,752,643",264,"19,474",2,12,덴마크,"덴마크,스웨덴,이탈리아,독일,프랑스","(주)엣나인필름,(주)팝엔터테인먼트"
132,모퉁이 가게,,"516,000",0.0%,"4,774,000",258,"1,990",1,9,미국,미국,
133,루키스,2020-05-20,"1,937,000",0.0%,"47,805,080",251,"5,761",20,32,중국,중국,"주식회사 더쿱,(주)영화특별시에스엠씨"
134,국도극장,2020-05-29,"1,909,000",0.0%,"2,845,000",249,394,6,65,한국,한국,명필름랩
135,늑대아이,2012-09-13,"1,429,480",0.0%,"2,353,395,601",242,"342,247",6,38,일본,일본,(주)미디어데이
136,미래의 미라이,2019-01-16,"1,406,500",0.0%,"868,952,557",238,"107,228",16,65,일본,일본,메가박스중앙(주)플러스엠
137,사랑의 묘약,2020-06-02,"7,397,000",0.0%,"7,397,000",226,226,5,40,이탈리아,이탈리아,일미디어
138,아이 킬드 마이 마더,2015-01-15,"1,837,500",0.0%,"48,453,086",225,"6,273",1,10,캐나다,캐나다,(주)엣나인필름
139,단지 세상의 끝,2017-01-18,"1,710,000",0.0%,"250,836,173",215,"31,892",3,20,캐나다,"캐나다,프랑스",(주)엣나인필름
140,타오르는 여인의 초상,2020-01-16,"1,807,500",0.0%,"1,246,430,908",213,"147,934",3,26,프랑스,프랑스,"그린나래미디어(주),(주)홈초이스"
140,팡파레,2020-07-09,"1,917,000",0.0%,"2,414,000",213,284,2,2,한국,한국,㈜인디스토리
142,하트 비트,2010-11-25,"1,775,000",0.0%,"49,216,000",207,"6,559",1,8,캐나다,캐나다,"(주)엣나인필름,㈜씨에이엔"
142,인비저블맨,2020-02-26,"1,235,000",0.0%,"5,015,726,060",207,"575,020",3,44,미국,미국,유니버설픽쳐스인터내셔널 코리아(유)
144,고양이 집사,2020-05-14,"1,592,980",0.0%,"22,748,240",206,"2,672",7,66,한국,한국,㈜인디스토리
145,에베레스트,2020-07-22,"1,836,000",0.0%,"1,836,000",204,204,2,2,중국,중국,(주)제이앤씨미디어그룹
146,흑아,,"402,000",0.0%,"402,000",201,201,1,6,미국,미국,
147,데드워터,2020-05-28,"1,000,000",0.0%,"2,000,000",200,400,1,10,미국,미국,(주)제이브로
148,욕창,2020-07-02,"1,568,000",0.0%,"1,910,000",196,250,1,2,한국,한국,필름다빈
148,피가로의 결혼,2020-05-01,"2,857,000",0.0%,"13,695,500",196,530,11,32,이탈리아,이탈리아,일미디어
150,마담 버터플라이,2020-05-05,"4,993,400",0.0%,"14,304,900",195,564,7,47,미국,미국,(주) 인스터 글로벌
151,미드웨이,2019-12-31,"989,000",0.0%,"8,228,416,530",193,"958,145",1,5,미국,미국,(주)누리픽쳐스
152,신세계,2013-02-21,"1,090,480",0.0%,"34,920,100,285",183,"4,689,161",19,60,한국,한국,(주)넥스트엔터테인먼트월드(NEW)
153,모감보,,"360,000",0.0%,"21,005,000",180,"10,076",1,12,미국,미국,
154,멀홀랜드 드라이브,2001-11-30,"895,000",0.0%,"107,408,882",179,"13,621",1,5,미국,미국,(주)영화사 안다미로
154,디아스포라의 노래 : 아리랑 로드,2019-12-12,"368,000",0.0%,"13,042,500",179,"2,429",1,12,한국,한국,(주)드림팩트엔터테인먼트
156,아비정전,1990-12-22,"1,658,000",0.0%,"167,479,600",176,"23,930",3,36,홍콩,홍콩,(주)디스테이션
157,기도의 힘,2020-04-09,"1,016,000",0.0%,"17,593,200",173,"2,242",1,10,미국,미국,주식회사 더쿱
158,반도,2020-07-15,"1,190,000",0.0%,"1,190,000",170,170,1,1,한국,한국,(주)넥스트엔터테인먼트월드(NEW)
159,메탈리카와 샌프란시스코 심포니,2020-05-20,"2,782,500",0.0%,"27,194,000",166,"1,534",36,73,미국,미국,씨제이포디플렉스 주식회사
160,첫사랑,1998-02-21,"1,459,000",0.0%,"1,459,000",160,160,2,9,홍콩,홍콩,(주)엔케이컨텐츠
160,이웃의 아내,2020-05-26,"800,000",0.0%,"2,000,000",160,400,1,8,미국,미국,(주)제이브로
160,존과 맥의 요상한 우주여행,2019-12-24,"800,000",0.0%,"3,745,000",160,"1,675",1,1,미국,미국,(주)영화사 안다미로
163,나의 청춘은 너의 것,2020-04-29,"1,298,980",0.0%,"714,892,500",152,"84,442",6,33,대만,대만,"오드,(주)홈초이스"
163,마담 프루스트의 비밀정원,2014-07-24,"815,000",0.0%,"1,271,285,962",152,"162,199",1,6,프랑스,프랑스,찬란
165,자이언트,1974-02-28,"298,000",0.0%,"19,110,712",149,"10,644",1,10,미국,미국,
165,천국보다 낯선,1995-11-11,"1,241,000",0.0%,"31,455,100",149,"3,589",1,7,미국,미국,(주)영화사 안다미로
167,어느 가족,2018-07-26,"811,000",0.0%,"1,438,891,400",147,"174,607",1,7,일본,일본,(주)티캐스트
167,님포매니악 감독판 볼륨1,,"1,502,380",0.0%,"2,562,380",147,247,1,2,덴마크,덴마크,
169,500일의 썸머,2010-01-21,"862,000",0.0%,"2,304,315,900",145,"291,293",1,20,미국,미국,"(주)스튜디오디에이치엘,(주)팝엔터테인먼트,이십세기폭스코리아(주)"
170,산상수훈,2017-12-07,"1,657,500",0.0%,"419,301,290",140,"55,313",1,4,한국,한국,"이언픽쳐스,(주)그란"
170,애프터 웨딩,2008-04-17,"874,000",0.0%,"2,370,500",140,346,2,15,덴마크,"덴마크,스웨덴","(주)영화사 진진,(주)액티버스엔터테인먼트"
172,아무도 머물지 않았다,2013-12-26,"690,000",0.0%,"118,978,500",138,"15,928",1,3,프랑스,"프랑스,이탈리아",(주)씨에이씨엔터테인먼트
172,존 휴스턴 회고전-용서받지 못할 자,,"276,000",0.0%,"13,815,000",138,"6,267",1,9,미국,미국,
174,MSFF2020 희극지왕 2,,"822,000",0.0%,"822,000",137,137,1,1,한국,한국,
174,월성,2019-12-12,"1,233,000",0.0%,"43,843,260",137,"5,275",1,2,한국,한국,(주)리틀빅픽쳐스
176,히든,2006-03-30,"680,000",0.0%,"19,729,500",136,"2,908",1,4,프랑스,프랑스,"(주)영화사 안다미로,(주)스폰지이엔티"
176,꿈,,"272,000",0.0%,"4,706,000",136,"2,343",1,3,한국,한국,
178,탐엣더팜,2014-05-22,"1,073,000",0.0%,"59,471,000",134,"7,605",1,4,캐나다,"캐나다,프랑스",(주)엣나인필름
179,초능력소년사건,2020-05-28,"915,500",0.0%,"5,305,920",132,580,10,52,중국,중국,디에이치 컴퍼니
180,파도를 걷는 소년,2020-05-14,"920,500",0.0%,"8,078,220",130,958,5,52,한국,한국,매치컷(주)
181,핀란드 메탈밴드,2020-04-09,"1,280,000",0.0%,"18,022,180",128,"2,227",1,6,핀란드,핀란드,(주)드림팩트엔터테인먼트
182,16세의 사운드트랙,2020-07-02,"1,083,000",0.0%,"1,083,000",127,127,1,2,영국,영국,(주)마노엔터테인먼트
182,세일즈맨,2017-05-11,"635,000",0.0%,"85,574,800",127,"11,363",1,3,이란,"이란,프랑스",찬란
184,님포매니악 감독판 볼륨2,,"1,254,460",0.0%,"2,147,460",124,213,1,2,덴마크,덴마크,
185,너의 새는 노래할 수 있어,2020-04-16,"822,000",0.0%,"19,936,900",122,"2,207",1,12,일본,일본,(주)디오시네마
186,씨민과 나데르의 별거,2011-10-13,"605,000",0.0%,"91,697,400",121,"12,329",1,3,이란,이란,(주)영화사 진진
186,벨빌 캅,2020-06-25,"995,500",0.0%,"995,500",121,121,5,30,프랑스,프랑스,(주)누리픽쳐스
188,킬리만자로의 눈,,"238,000",0.0%,"19,709,000",119,"9,484",1,9,미국,미국,
189,천사탈주,,"236,000",0.0%,"2,212,000",118,"1,106",1,9,미국,미국,
189,MSFF2020 희극지왕 1,,"708,000",0.0%,"708,000",118,118,1,1,한국,한국,
191,천하무쌍,,"993,500",0.0%,"993,500",116,116,6,18,홍콩,홍콩,(주)엔케이컨텐츠
192,사랑에 관한 짧은 필름,1995-10-14,"575,000",0.0%,"3,004,000",115,436,1,4,폴란드,폴란드,(주)영화사 안다미로
192,기생충,2019-05-30,"682,000",0.0%,"87,459,829,095",115,"10,313,086",10,45,한국,한국,(주)씨제이이엔엠
192,캣츠토피아,2020-04-30,"931,500",0.0%,"201,223,160",115,"24,000",3,19,중국,중국,(주)버킷스튜디오
195,아나스타샤,1997-12-20,"228,000",0.0%,"13,165,000",114,"6,087",1,9,미국,미국,
196,보이콰이어,2020-05-14,"934,700",0.0%,"18,489,080",113,"2,218",4,31,미국,미국,THE 픽쳐스
197,데드 맨,1998-05-23,"858,000",0.0%,"19,446,000",112,"2,065",1,5,미국,"미국,독일,일본",(주)영화사 안다미로
198,살인의 추억,2003-04-25,"650,500",0.0%,"79,350,037",110,"12,944",16,44,한국,한국,CJ ENM
198,보리밭을 흔드는 바람,2006-11-02,"550,000",0.0%,"94,683,620",110,"14,438",1,5,영국,"영국,독일,아일랜드,이탈리아","(주)영화사 진진,(주)동숭아트센터"
198,커피와 담배,2006-07-27,"803,000",0.0%,"77,104,900",110,"10,418",1,4,미국,미국,"(주)영화사 안다미로,(주)스폰지이엔티"
198,가슴 큰 연주,2020-06-16,"647,000",0.0%,"647,000",110,110,20,20,한국,한국,케이엘 픽쳐스
202,하얀리본,2010-07-01,"540,000",0.0%,"92,641,700",108,"12,678",1,4,독일,독일,"(주)영화사 안다미로,(주)영화사 진진"
202,백야,,"216,000",0.0%,"5,515,000",108,"2,398",1,6,이탈리아,이탈리아,
204,MSFF2020 희극지왕 3,,"624,000",0.0%,"624,000",104,104,1,1,한국,한국,
204,남산의 부장들,2020-01-22,"798,000",0.0%,"41,224,394,650",104,"4,750,208",1,2,한국,한국,(주)쇼박스
206,5시부터 7시까지의 클레오,,"603,000",0.0%,"9,135,000",103,"1,291",1,9,프랑스,"프랑스,이탈리아",(주)영화사 안다미로
207,퍼니게임,1997-11-15,"510,000",0.0%,"760,000",102,152,1,4,오스트리아,오스트리아,(주)영화사 안다미로
208,포스 오브 네이쳐,2020-07-01,"505,000",0.0%,"505,000",101,101,1,1,미국,미국,주식회사 풍경소리
208,테우리,2020-07-09,"909,000",0.0%,"909,000",101,101,1,1,한국,한국,(주)26컴퍼니
208,황야의 역마차,,"208,000",0.0%,"4,794,000",101,"2,426",1,6,미국,미국,
211,부활,2020-07-09,"700,000",0.0%,"700,000",100,100,1,1,한국,한국,(주)중헌홀딩스
212,해저 2만리,,"198,000",0.0%,"26,850,000",99,"12,979",1,9,미국,미국,
212,대도시,,"640,000",0.0%,"730,000",99,117,1,4,인도,인도,
214,외로운 아내,,"657,000",0.0%,"762,000",98,119,1,4,인도,인도,
215,진홍의 도적,,"194,000",0.0%,"9,988,000",97,"4,670",1,9,미국,미국,
216,건가 딘,,"192,000",0.0%,"1,966,000",96,983,1,6,,,
216,현기증,,"764,000",0.0%,"68,482,642",96,"11,819",1,2,미국,미국,(주)영화사 안다미로
218,MSFF2020 비정성시 2,,"570,000",0.0%,"570,000",95,95,1,1,한국,한국,
218,미망인,1955-12-10,"190,000",0.0%,"3,853,000",95,"1,402",1,9,한국,한국,
220,더 스퀘어,2018-08-02,"460,000",0.0%,"139,216,400",92,"17,033",1,4,스웨덴,"스웨덴,독일,프랑스,덴마크",아이 엠
221,MSFF2020 절대악몽 2,,"546,000",0.0%,"546,000",91,91,1,1,한국,한국,
221,아직 지나지 않은 여름,2019-11-01,"327,000",0.0%,"510,000",91,160,1,59,한국,한국,주식회사 씨엠닉스
223,MSFF2020 비정성시 4,,"540,000",0.0%,"540,000",90,90,1,1,한국,한국,
224,MSFF2020 4만번의 구타 1,,"534,000",0.0%,"534,000",89,89,1,1,한국,한국,
224,입천장 까지도록 와그작,,"797,000",0.0%,"797,000",89,89,1,4,한국,한국,
226,안티크라이스트,2011-04-14,"778,860",0.0%,"34,874,460",88,"4,403",1,2,덴마크,덴마크,주식회사 마운틴픽쳐스
226,이장,2020-03-25,"545,500",0.0%,"37,773,540",88,"4,567",2,17,한국,한국,㈜인디스토리
228,MSFF2020 사랑에 관한 짧은 필름 2,,"522,000",0.0%,"522,000",87,87,1,1,한국,한국,
229,행복,,"430,000",0.0%,"6,467,000",86,"1,013",1,3,프랑스,프랑스,(주)영화사 안다미로
230,더 테이블,2017-08-24,"507,000",0.0%,"831,559,100",85,"103,177",1,16,한국,한국,(주)엣나인필름
231,썸머타임,,"166,000",0.0%,"15,801,000",83,"7,486",1,9,영국,"영국,미국",
231,녹원의 천사,,"166,000",0.0%,"5,346,000",83,"2,267",1,9,미국,미국,
233,페르세폴리스,2008-05-08,"653,000",0.0%,"95,185,800",82,"13,417",1,5,프랑스,"프랑스,미국","(주)영화사 진진,(주)스폰지이엔티"
234,아들과 연인,,"167,000",0.0%,"1,499,000",81,742,1,9,영국,영국,
234,싸이코,,"647,000",0.0%,"65,807,026",81,"9,717",1,2,미국,미국,(주)영화사 안다미로
236,울지마 톤즈 2 : 슈크란 바바,2020-01-09,"790,000",0.0%,"153,820,940",79,"20,789",1,2,한국,한국,(주)영화특별시에스엠씨
236,마담 보바리,,"158,000",0.0%,"4,223,000",79,"1,593",1,9,미국,미국,
238,방랑자,,"390,000",0.0%,"4,779,000",78,736,1,3,프랑스,프랑스,(주)영화사 안다미로
238,비홀드 마이 하트,2020-05-21,"654,500",0.0%,"10,467,300",78,"1,240",4,27,미국,미국,(주)디오시네마
240,벨빌의 세 쌍둥이,2016-10-27,"643,000",0.0%,"16,831,100",77,"2,149",1,5,프랑스,"프랑스,벨기에,캐나다,영국",찬란
240,증발,2020-11-12,"530,000",0.0%,"1,028,000",77,148,1,3,한국,한국,㈜인디스토리
240,이창,,"614,000",0.0%,"28,237,500",77,"6,156",1,2,미국,미국,(주)영화사 안다미로
243,미스테리 트레인,,"815,000",0.0%,"5,827,000",76,750,1,2,일본,"일본,미국",(주)영화사 안다미로
244,80일간의 세계일주,,"150,000",0.0%,"11,246,000",75,"5,621",1,6,미국,미국,
244,스펠바운드,,"155,000",0.0%,"2,097,000",75,949,1,6,미국,미국,
246,"깃발, 창공, 파티",,"518,000",0.0%,"748,000",74,97,1,7,한국,한국,
246,타샤 튜더,2018-09-13,"370,000",0.0%,"366,656,850",74,"46,331",1,3,일본,일본,(주)마노엔터테인먼트
248,파도인,,"633,000",0.0%,"633,000",73,73,6,16,홍콩,홍콩,(주)엔케이컨텐츠
249,어쩌다 아스널,2020-05-13,"360,000",0.0%,"9,564,880",72,"1,211",1,6,프랑스,프랑스,(주)스마일이엔티
249,누군가 노리고 있다,,"144,000",0.0%,"2,306,000",72,"1,153",1,8,미국,미국,
249,서스피션,,"571,000",0.0%,"1,015,000",72,161,1,2,미국,미국,(주)영화사 안다미로
249,겁쟁이,,"472,000",0.0%,"537,000",72,85,1,4,인도,인도,
253,포드 V 페라리,2019-12-04,"640,000",0.0%,"12,038,446,920",71,"1,367,881",1,2,미국,미국,월트디즈니컴퍼니코리아 유한책임회사
254,접속,1997-09-13,"700,000",0.0%,"12,399,100",70,"1,854",1,1,한국,한국,
255,아녜스의 해변,,"340,000",0.0%,"7,291,000",68,"1,083",1,2,프랑스,프랑스,(주)영화사 안다미로
255,영웅,,"445,000",0.0%,"535,000",68,86,1,4,인도,인도,
255,마리아에게 경배를,,"394,000",0.0%,"846,000",68,162,1,2,,,
255,치코와 리타,2012-01-05,"579,000",0.0%,"127,915,600",68,"16,043",1,5,스페인,"스페인,영국",찬란
259,"가장 따뜻한 색, 블루",2014-01-16,"335,000",0.0%,"418,801,400",67,"55,052",1,3,프랑스,프랑스,판씨네마(주)
259,레베카,,"134,000",0.0%,"34,464,300",67,"5,225",1,6,미국,미국,
261,4시의 악마,,"132,000",0.0%,"602,000",66,301,1,6,미국,미국,
261,MSFF2020 절대악몽 1,,"400,000",0.0%,"400,000",66,66,1,1,한국,한국,
263,헤어졌을때와 만났을때,,"130,000",0.0%,"2,223,000",65,"1,109",1,6,미국,미국,
263,지상의 밤,,"674,000",0.0%,"12,344,000",65,"1,536",1,2,일본,"일본,미국,독일,이탈리아,핀란드",(주)영화사 안다미로
265,더 워닝,2020-05-06,"128,000",0.0%,"2,267,500",64,477,1,7,스페인,스페인,(주)더블앤조이픽쳐스
266,쌀,,"126,000",0.0%,"1,574,000",63,777,1,8,한국,한국,
266,새,,"503,000",0.0%,"23,029,626",63,"2,978",1,2,미국,미국,(주)영화사 안다미로
268,코끼리 신,,"409,000",0.0%,"499,000",62,80,1,4,인도,인도,
269,데미트리아스,1977-02-18,"122,000",0.0%,"13,389,000",61,"6,653",1,6,미국,미국,
269,까밀 리와인드,2013-07-18,"498,000",0.0%,"166,096,500",61,"22,271",1,13,프랑스,프랑스,(주)엣나인필름
269,"노래하는 여자, 노래하지 않는 여자",,"305,000",0.0%,"5,703,000",61,860,1,3,프랑스,"프랑스,벨기에",(주)영화사 안다미로
269,MSFF2020 비정성시 1,,"366,000",0.0%,"366,000",61,61,1,1,한국,한국,
273,아이돌 섹스: LA 교포녀,2020-06-19,"300,000",0.0%,"300,000",60,60,1,1,한국,한국,(주)담화
273,가슴 큰 처제-무삭제판,2020-06-03,"300,000",0.0%,"300,000",60,60,1,1,한국,한국,케이엘 픽쳐스
273,가슴 큰 앞집 소녀,2020-06-03,"300,000",0.0%,"300,000",60,60,1,1,한국,한국,케이엘 픽쳐스
273,골든타임,2020-06-30,"300,000",0.0%,"300,000",60,60,1,1,미국,미국,(주)엔씨미디어
273,남편보다 점장님,2020-06-17,"300,000",0.0%,"300,000",60,60,1,1,일본,일본,(주)라온컴퍼니플러스
273,부부 성생활 연구회,2020-06-17,"300,000",0.0%,"300,000",60,60,1,1,일본,일본,(주)라온컴퍼니플러스
273,가슴 큰 여대생,2020-06-30,"300,000",0.0%,"300,000",60,60,1,1,한국,한국,케이엘 픽쳐스
273,증인,2019-02-13,"420,000",0.0%,"20,483,569,331",60,"2,534,853",1,1,한국,한국,롯데컬처웍스(주)롯데엔터테인먼트
273,판타스틱 썸머,2020-06-25,"483,540",0.0%,"483,540",60,60,5,21,미국,미국,(주)미로스페이스
273,"나, 다니엘 블레이크",2016-12-08,"300,000",0.0%,"742,244,460",60,"99,043",1,3,영국,영국,(주)영화사 진진
283,범털,2020-05-14,"374,500",0.0%,"14,023,560",59,"1,741",2,20,한국,한국,(주)피터팬픽쳐스
283,걸어도 걸어도,2009-06-18,"366,000",0.0%,"258,256,800",59,"34,878",1,2,일본,일본,(주)영화사 진진
285,낭트의 자코,,"290,000",0.0%,"6,367,000",58,900,1,2,프랑스,프랑스,(주)영화사 안다미로
285,밤으로의 긴 여로,,"116,000",0.0%,"4,049,000",58,"2,068",1,4,미국,미국,
285,원더풀 라이프,2001-12-09,"290,000",0.0%,"181,251,600",58,"22,003",1,3,일본,일본,"(주)영화사 안다미로,(주)라이크콘텐츠,㈜영화사 백두대간"
288,MSFF2020 4만번의 구타 2,,"342,000",0.0%,"342,000",57,57,1,1,한국,한국,
289,삼등과장,,"112,000",0.0%,"3,692,000",56,"1,868",1,6,한국,한국,
289,오직 사랑하는 이들만이 살아남는다,2014-01-09,"280,000",0.0%,"277,913,343",56,"36,484",1,3,영국,"영국,독일,미국,프랑스",찬란
289,이삭줍는 사람들과 나,,"280,000",0.0%,"3,278,000",56,457,1,2,프랑스,프랑스,(주)영화사 안다미로
289,배짱이들,2016-05-12,"112,000",0.0%,"1,633,600",56,266,1,56,한국,한국,주식회사 씨엠닉스
289,젊은이의 양지,1972-10-28,"112,000",0.0%,"21,677,000",56,"10,144",1,6,미국,미국,
289,마리아 칼라스: 세기의 디바,2019-07-11,"365,000",0.0%,"206,048,580",56,"28,104",1,6,프랑스,프랑스,(주)영화사 진진
295,어메이징 그레이스,2019-11-28,"283,000",0.0%,"43,576,700",55,"5,614",1,1,미국,미국,(주)영화사 진진
296,유령선,2020-04-15,"350,000",0.0%,"181,933,920",54,"20,784",3,14,한국,한국,(주)엣나인필름
296,도그빌,2003-08-01,"533,480",0.0%,"2,157,480",54,241,1,1,덴마크,덴마크,
298,MSFF2020 사랑에 관한 짧은 필름 3,,"318,000",0.0%,"318,000",53,53,1,1,한국,한국,
298,조쉬 그로반: 브리지스 뉴욕 매디슨스퀘어가든 콘서트,2020-05-20,"834,000",0.0%,"6,988,500",53,395,15,30,영국,영국,씨제이포디플렉스 주식회사
300,성인,,"340,000",0.0%,"435,000",52,71,1,4,인도,인도,
301,콜드 워,2019-02-07,"255,000",0.0%,"230,459,773",51,"27,899",1,3,폴란드,폴란드,아이 엠
301,집으로 가는 길,2013-12-11,"295,000",0.0%,"13,049,946,245",51,"1,854,869",11,30,한국,한국,(주)씨제이이엔엠
301,가버나움,2019-01-24,"255,000",0.0%,"1,208,768,519",51,"146,363",1,3,기타,기타,"그린나래미디어(주),플레이리스트(주)"
304,더 울프 오브 월스트리트,2014-01-09,"1,000,000",0.0%,"4,501,824,520",50,"587,189",1,1,미국,미국,주식회사 우리네트웍스
304,엽문4: 더 파이널,2020-04-01,"344,000",0.0%,"630,556,300",50,"72,886",1,25,홍콩,홍콩,(주)키다리이엔티
304,헤로니모,2019-11-21,"500,000",0.0%,"117,770,720",50,"16,032",1,1,한국,"한국,미국",커넥트픽쳐스(주)
304,12 하고 24,,"367,000",0.0%,"1,543,000",50,219,1,6,한국,한국,
308,우리는 매일매일,2021-06-30,"311,000",0.0%,"2,014,000",49,305,1,2,한국,한국,㈜인디스토리
308,먀오먀오,,"367,000",0.0%,"367,000",49,49,2,6,홍콩,"홍콩,대만",(주)엔케이컨텐츠
308,얼굴없는 보스: 못다한 이야기 감독판,2020-05-13,"279,500",0.0%,"12,157,200",49,"1,662",6,23,한국,한국,"(주)좋은 하늘,(주)박수엔터테인먼트"
311,MSFF2020 4만번의 구타 3,,"282,000",0.0%,"282,000",47,47,1,1,한국,한국,
311,샤레이드,,"390,000",0.0%,"19,711,000",47,"5,665",1,2,,,
313,해일 앞에서,,"286,000",0.0%,"447,000",46,69,1,2,한국,한국,
314,작은 아씨들,2020-02-12,"398,500",0.0%,"7,266,325,830",45,"862,199",1,17,미국,미국,소니픽쳐스엔터테인먼트코리아주식회사극장배급지점
314,"그곳, 날씨는",,"301,000",0.0%,"693,000",45,101,1,2,한국,한국,
314,오퍼나지: 비밀의계단,2008-02-14,"364,500",0.0%,"1,156,628,000",45,"177,089",10,25,스페인,"스페인,멕시코","(주)팝엔터테인먼트,(주)프라임엔터테인먼트,(주)유레카픽쳐스"
314,일요일은 참으세요,,"90,000",0.0%,"5,355,000",45,"2,546",1,6,그리스,그리스,
318,해피 해피 레스토랑,2020-05-14,"407,000",0.0%,"8,186,120",44,"1,058",3,18,일본,일본,찬란
318,상류사회,,"88,000",0.0%,"4,678,000",44,"2,040",1,3,미국,미국,
320,세비야의 이발사,2020-03-03,"630,500",0.0%,"12,211,000",43,464,2,14,이탈리아,이탈리아,일미디어
320,태풍이 지나가고,2016-07-27,"260,000",0.0%,"776,922,972",43,"93,580",1,2,일본,일본,(주)티캐스트
320,콰이강의 다리,1962-11-03,"86,000",0.0%,"24,611,000",43,"12,253",1,4,미국,미국,
320,충실한 마음,,"222,000",0.0%,"294,000",43,55,1,2,프랑스,프랑스,
320,백치들,2000-05-20,"416,000",0.0%,"1,486,000",43,141,1,1,덴마크,덴마크,
325,SIDOF2020_베트남의 젊은 인형극단/피플스 워,,"292,000",0.0%,"432,000",42,62,1,1,기타,기타,
325,작가 미상,2020-02-20,"346,000",0.0%,"107,222,960",42,"13,525",1,4,독일,독일,(주)영화사 진진
325,MSFF2020 비정성시 3,,"252,000",0.0%,"252,000",42,42,1,1,한국,한국,
328,아이 바이 유 바이 에브리바디,,"284,500",0.0%,"579,000",41,84,1,1,한국,한국,
328,작은영화영화제 국가는 부모다 - 위로의시간,,"123,000",0.0%,"123,000",41,41,1,1,한국,한국,
328,십계 4편 : 부모를 공경하라,,"259,000",0.0%,"926,000",41,243,1,6,폴란드,폴란드,
328,고다르 영화사,,"225,000",0.0%,"225,000",41,41,1,2,프랑스,"프랑스,스위스",
332,포에버 모차르트,,"227,000",0.0%,"227,000",40,40,1,3,스위스,"스위스,프랑스",
332,만덜레이,2007-07-26,"340,000",0.0%,"8,396,000",40,"1,177",1,1,스웨덴,스웨덴,스폰지
332,애정의 쌀,,"80,000",0.0%,"3,036,000",40,"1,518",1,3,이탈리아,이탈리아,
332,주디,2020-03-25,"360,000",0.0%,"760,313,060",40,"92,409",1,1,영국,영국,TCO(주)더콘텐츠온
336,지상 최대의 작전,,"78,000",0.0%,"17,545,000",39,"8,574",1,4,,,
336,한여름의 판타지아,2015-06-11,"310,000",0.0%,"287,693,458",39,"37,020",1,1,한국,"한국,일본",㈜인디스토리
338,임신한 나무와 도깨비,,"266,000",0.0%,"1,691,500",38,247,1,1,한국,한국,(주)시네마달
338,플로리다 프로젝트,2018-03-07,"228,000",0.0%,"799,576,600",38,"95,505",1,2,미국,미국,오드
338,스크린 너머로,,"262,000",0.0%,"478,000",38,82,1,4,한국,한국,
338,바람의 언덕,2020-04-23,"275,000",0.0%,"15,621,400",38,"1,980",2,20,한국,한국,영화사 삼순
342,카르멘,2020-06-03,"820,000",0.0%,"820,000",37,37,6,24,영국,영국,에스디시코리아 주식회사
342,만사형통,,"211,000",0.0%,"211,000",37,37,1,3,프랑스,"프랑스,이탈리아",
342,SIDOF2020_숨은지혜찾기/불편/보담 : 더 나은 삶을 살아라,,"258,500",0.0%,"405,500",37,58,1,1,한국,한국,
342,리어왕,,"186,500",0.0%,"186,500",37,37,1,3,미국,"미국,프랑스,스위스",
346,MSFF2020 사랑에 관한 짧은 필름 1,,"216,000",0.0%,"216,000",36,36,1,1,한국,한국,
346,동아시아반일무장전선,2020-08-20,"252,000",0.0%,"555,500",36,80,1,1,한국,한국,아이 엠
346,확대,,"199,000",0.0%,"287,000",36,51,1,2,영국,"영국,이탈리아",
346,오! 슬프도다,,"197,000",0.0%,"197,000",36,36,1,3,프랑스,"프랑스,스위스",
346,19th 필름다빈 프로젝트: 김해나 배우전,,"309,000",0.0%,"309,000",36,36,1,3,한국,한국,
351,철규,,"239,000",0.0%,"393,000",35,57,1,2,한국,한국,
351,황금팔을 가진 사나이,,"70,000",0.0%,"3,808,000",35,"1,687",1,4,,,
353,야광,,"235,000",0.0%,"2,215,000",34,323,1,6,한국,한국,
353,악의 화원,,"68,000",0.0%,"3,734,000",34,"1,867",1,4,미국,미국,
353,일식,,"68,000",0.0%,"13,266,500",34,"4,267",1,4,이탈리아,"이탈리아,프랑스",
356,SIDOF2020_낙/거리의 가능한 불행들/윤하,,"231,000",0.0%,"399,000",33,57,1,1,한국,한국,
356,허슬러,,"66,000",0.0%,"8,618,000",33,"4,198",1,4,,,
356,넘버 2,,"182,000",0.0%,"606,000",33,96,1,2,프랑스,프랑스,
356,미스 스티븐스,2019-05-02,"268,000",0.0%,"163,381,610",33,"19,958",1,5,미국,미국,(주)티캐스트
356,건축학개론,2012-03-22,"330,000",0.0%,"30,242,912,900",33,"4,113,761",1,2,한국,한국,롯데쇼핑㈜롯데엔터테인먼트
361,교회오빠,2019-05-16,"352,000",0.0%,"898,398,710",32,"112,898",1,1,한국,한국,커넥트픽쳐스(주)
361,카르멘이란 이름,,"187,000",0.0%,"1,501,000",32,261,1,2,프랑스,프랑스,
361,애프터 웨딩 인 뉴욕,2020-04-23,"260,960",0.0%,"157,346,280",32,"19,241",1,9,영국,영국,(주)영화사 진진
361,사랑폭탄,,"224,000",0.0%,"343,000",32,49,1,1,한국,한국,
365,고봉수 감독 단편선,,"87,000",0.0%,"380,100",31,116,1,30,한국,한국,주식회사 씨엠닉스
365,당신의 사월,2021-04-01,"217,000",0.0%,"1,212,500",31,198,1,1,한국,한국,(주)시네마달
365,"ㅅㄹ, ㅅㅇ, ㅅㄹ",,"217,000",0.0%,"462,000",31,66,1,1,한국,한국,
368,춘희,,"60,000",0.0%,"13,341,000",30,"6,701",1,3,미국,미국,
368,정직한 후보,2020-02-12,"240,000",0.0%,"12,845,318,530",30,"1,536,682",1,1,한국,한국,(주)넥스트엔터테인먼트월드(NEW)
368,좋은 여자,2020-05-28,"217,500",0.0%,"1,032,500",30,139,2,13,한국,한국,(주)트리필름
371,로즈마리,,"58,000",0.0%,"6,672,000",29,"3,331",1,4,미국,미국,
372,돌아와요 내 사랑,,"56,000",0.0%,"5,204,000",28,"2,602",1,4,미국,미국,
372,나의 사랑 나의 신부,2014-10-08,"280,000",0.0%,"16,636,824,305",28,"2,141,197",1,1,한국,한국,씨네그루(주)다우기술
372,JLG/JLG 고다르의 자화상 특별전-JLG/JLG: 고다르의 자화상,,"165,000",0.0%,"1,701,000",28,313,1,3,프랑스,프랑스,
372,명량,2014-07-30,"197,000",0.0%,"135,757,418,810",28,"17,615,686",1,4,한국,한국,(주)씨제이이엔엠
376,비긴 어게인,2014-08-13,"162,000",0.0%,"27,303,786,821",27,"3,463,210",1,1,미국,미국,판씨네마(주)
376,십계 1편 : 나 이외의 다른 신을 섬기지 말라,,"135,000",0.0%,"1,577,500",27,330,1,4,폴란드,폴란드,
376,뮤직맨,,"54,000",0.0%,"1,307,000",27,646,1,4,미국,미국,
376,히든 라이프,,"189,000",0.0%,"189,000",27,27,1,2,미국,"미국,독일",
376,"SIDOF2020_길 위의 시간/안개, 장막/나는 사자다",,"189,000",0.0%,"397,000",27,56,1,1,한국,한국,
381,그 여자의 죄가 아니다,,"52,000",0.0%,"1,189,000",26,592,1,4,한국,한국,
381,그녀에대해 알고있는 두 세가지 것들,,"148,000",0.0%,"611,000",26,125,1,2,프랑스,프랑스,
381,입문반,,"130,000",0.0%,"148,000",26,42,1,1,한국,한국,
381,브레이킹 더 웨이브,1996-12-07,"228,000",0.0%,"3,350,000",26,346,1,1,덴마크,"덴마크,아이슬란드,프랑스,노르웨이,스웨덴",
381,사랑의 찬가,2006-09-07,"132,500",0.0%,"11,542,000",26,"1,680",1,2,프랑스,프랑스,(주)유레카픽쳐스
381,SIDOF2020_이마무라 쇼헤이 입문/크리스마스/리:플레이/로맨틱 머신,,"182,000",0.0%,"370,500",26,53,1,1,한국,한국,
387,1987,2017-12-27,"200,000",0.0%,"58,169,976,145",25,"7,232,412",1,1,한국,한국,(주)씨제이이엔엠
387,순간에서 영원으로,,"50,000",0.0%,"3,802,000",25,"1,901",1,3,영국,영국,
389,필름 소셜리즘,2013-03-28,"134,000",0.0%,"9,297,500",24,"1,411",1,2,프랑스,프랑스,(재)전주국제영화제조직위원회
389,사랑의 비약,,"48,000",0.0%,"4,359,000",24,"2,172",1,4,미국,미국,
391,탐정,,"126,000",0.0%,"126,000",23,23,1,3,스위스,"스위스,프랑스",
391,알파빌,,"137,000",0.0%,"443,000",23,95,1,2,프랑스,"프랑스,이탈리아",
393,마이 페어 레이디,,"243,000",0.0%,"12,636,000",22,"1,763",1,1,미국,미국,
393,SIDOF2020_전열/옥포만에 메아리칠 우리들의 노래를 위하여,,"154,000",0.0%,"154,000",22,22,1,1,한국,한국,
395,아워 뮤직,2006-09-07,"118,000",0.0%,"10,515,500",21,"1,591",1,2,프랑스,프랑스,(주)유레카픽쳐스
395,media art work screening 열네 번째 정기 상영회,,"84,000",0.0%,"84,000",21,21,1,2,한국,한국,
395,산하는 요원하다 / 수색,,"42,000",0.0%,"3,469,000",21,"1,732",1,2,,,
395,동심초,,"42,000",0.0%,"13,077,000",21,"6,564",1,21,한국,한국,
395,3억 분의 1: 난임부부 다이어리,,"147,000",0.0%,"336,000",21,48,1,1,한국,한국,
395,황태자의 첫사랑,,"42,000",0.0%,"25,515,000",21,"11,797",1,4,미국,미국,
395,적과 백,,"123,000",0.0%,"251,000",21,45,1,2,,,
395,바닷마을 다이어리,2015-12-17,"128,000",0.0%,"845,668,384",21,"103,343",1,1,일본,일본,(주)티캐스트
395,히치콕 트뤼포,2016-08-25,"165,000",0.0%,"24,921,100",21,"3,098",1,2,프랑스,"프랑스,미국",(주)영화사 안다미로
395,씨 피버,2020-05-13,"151,000",0.0%,"77,214,460",21,"8,915",2,9,아일랜드,"아일랜드,스웨덴,벨기에,영국",(주)팝엔터테인먼트
395,조선의 별 박 에스더가 남긴 선물,,"143,000",0.0%,"143,000",21,21,1,2,한국,한국,
406,우리집,2019-08-22,"100,000",0.0%,"445,160,340",20,"56,212",1,1,한국,한국,롯데컬처웍스(주)롯데엔터테인먼트
406,새엄마의 극락목욕탕,2020-06-05,"100,000",0.0%,"100,000",20,20,1,1,일본,일본,(주)도키엔터테인먼트
406,오른쪽에 주의하라,,"100,000",0.0%,"100,000",20,20,1,2,프랑스,"프랑스,스위스",
406,언어와의 작별,,"107,000",0.0%,"1,125,000",20,105,1,2,프랑스,프랑스,
406,십계 6편 : 간음하지 말라,,"100,000",0.0%,"1,023,000",20,264,1,4,폴란드,폴란드,
406,검은 여름,2019-06-20,"180,000",0.0%,"3,928,000",20,535,1,1,한국,한국,(주)미로스페이스
406,지난 해 마리앙바드에서,2008-10-15,"121,000",0.0%,"2,818,000",20,500,1,1,프랑스,"프랑스,이탈리아",
406,음란착각 에미리짱- 성감첵크,2020-06-05,"100,000",0.0%,"100,000",20,20,1,1,일본,일본,(주)도키엔터테인먼트
406,실제정사,2020-06-17,"102,000",0.0%,"102,000",20,20,20,20,한국,한국,(주)로드하우스
406,엽기적인 그녀,2001-07-26,"200,000",0.0%,"605,000",20,57,1,1,한국,한국,"이언픽쳐스,(주)시네마서비스"
406,노골적인 폭유녀의 노브라공격,2020-06-05,"100,000",0.0%,"100,000",20,20,1,1,일본,일본,(주)도키엔터테인먼트
406,여상사와 단둘이 출장온 호텔,2020-06-05,"100,000",0.0%,"100,000",20,20,1,1,일본,일본,(주)도키엔터테인먼트
406,뷰티풀 데이 인 더 네이버후드,,"140,000",0.0%,"140,000",20,20,1,2,미국,"미국,중국",
406,방콕 어린형수,2020-06-05,"60,000",0.0%,"60,000",20,20,20,20,한국,한국,(주)케이알씨지
406,싸와디캅 원정섹스,2020-06-12,"60,000",0.0%,"60,000",20,20,19,20,한국,한국,(주)케이알씨지
406,맛있는 섹스 그리고 언니들,2020-06-26,"80,000",0.0%,"80,000",20,20,19,20,한국,한국,(주)케이알씨지
406,싸와디캅 원정섹스2,2020-06-19,"60,000",0.0%,"60,000",20,20,17,20,한국,한국,(주)케이알씨지
406,아이언 마스크: 용패지미,2020-06-18,"32,000",0.0%,"32,000",20,20,5,20,러시아,러시아,주식회사 풍경소리
406,숫처녀 같은 엄마친구,2020-06-05,"100,000",0.0%,"100,000",20,20,1,1,일본,일본,(주)도키엔터테인먼트
425,기도하는 남자,2020-02-20,"93,500",0.0%,"13,628,420",19,"1,649",1,4,한국,한국,(주)랠리버튼
425,기억의 전쟁,2020-02-27,"119,000",0.0%,"16,830,740",19,"2,017",1,4,한국,한국,(주)시네마달
425,십계 7편 : 도적질하지 말라,,"95,000",0.0%,"771,500",19,225,1,4,폴란드,폴란드,
428,레지던트 포에버 -영원한 거주자-,,"127,000",0.0%,"127,000",18,18,1,1,한국,"한국,프랑스",
428,할 수 있는 자가 구하라: 인생,,"111,000",0.0%,"1,344,500",18,181,1,2,프랑스,프랑스,
428,어때?,,"103,000",0.0%,"103,000",18,18,1,2,프랑스,프랑스,
428,웰컴 투 X-월드,2020-10-29,"103,000",0.0%,"1,100,000",18,160,1,2,한국,한국,(주)시네마달
428,"남성, 여성",,"107,000",0.0%,"310,000",18,65,1,2,프랑스,"프랑스,스웨덴",
428,이태원,2019-12-05,"125,000",0.0%,"26,967,260",18,"3,349",1,3,한국,한국,KT&G 상상마당 영화사업팀 컴퍼니에스에스(주)
434,동감,2000-05-27,"111,000",0.0%,"41,680,500",17,"5,544",2,9,한국,한국,"(주)제이앤씨미디어그룹,와이드 릴리즈(주)"
434,로마의 휴일,,"132,500",0.0%,"106,762,000",17,"24,195",1,1,미국,"미국,이탈리아",
434,욜,1989-03-01,"87,000",0.0%,"287,000",17,54,1,1,터키,터키,
434,카사노바의 라스트 러브,2020-06-18,"26,000",0.0%,"26,000",17,17,5,17,프랑스,프랑스,(주)컴퍼니엘
434,젊은이,,"104,000",0.0%,"204,000",17,35,1,1,멕시코,멕시코,
434,엑시트,2019-07-31,"340,000",0.0%,"79,233,482,162",17,"9,426,178",1,1,한국,한국,(주)씨제이이엔엠
440,너의 이름은.,2017-01-04,"100,000",0.0%,"30,035,751,096",16,"3,732,561",2,5,일본,일본,메가박스중앙(주)플러스엠
440,허니랜드,,"112,000",0.0%,"112,000",16,16,1,3,마케도니아,마케도니아,
440,핑크퐁 시네마 콘서트 : 우주대탐험,2020-01-30,"146,000",0.0%,"137,115,000",16,"17,597",1,2,한국,한국,스마트스터디(주)
440,바람의 이야기,,"86,000",0.0%,"120,000",16,22,1,1,프랑스,"프랑스,네덜란드,영국,서독",
440,십계 2편 : 하느님의 이름을 망령되이 일컫지 말라,,"80,000",0.0%,"1,160,500",16,272,1,4,폴란드,폴란드,
440,십계 8편 : 거짓 증언하지 말라,,"80,000",0.0%,"756,500",16,222,1,3,폴란드,폴란드,
446,몽둥이의 슬픔,,"79,000",0.0%,"353,000",15,67,1,1,일본,일본,
446,밈 전쟁: 개구리 페페 구하기,,"105,000",0.0%,"105,000",15,15,1,2,미국,미국,주식회사 왓챠
446,작은 독립 영화사의 흥망성쇠,,"87,000",0.0%,"87,000",15,15,1,3,스위스,"스위스,프랑스",
446,십계 3편 : 안식일을 지키라,,"75,000",0.0%,"742,000",15,217,1,4,폴란드,폴란드,
446,"좋아해, 너를",2017-09-14,"145,000",0.0%,"267,373,800",15,"30,916",1,2,일본,일본,(주)디오시네마
446,십계 5편 : 살인하지 말라,,"75,000",0.0%,"1,059,000",15,268,1,4,폴란드,폴란드,
446,누벨바그,,"87,000",0.0%,"1,636,000",15,250,1,1,스위스,스위스,
453,십계 9편 : 네 이웃의 아내를 탐내지 말라,,"70,000",0.0%,"788,500",14,232,1,3,폴란드,폴란드,
453,이별의 아침에 약속의 꽃을 장식하자,2018-07-19,"80,480",0.0%,"328,734,660",14,"39,081",1,3,일본,일본,(주)미디어캐슬
455,역사수업,,"74,000",0.0%,"198,000",13,35,1,1,서독,"서독,이탈리아",
455,풋라이트 퍼레이드,,"69,000",0.0%,"108,500",13,22,1,1,미국,미국,
455,아름답고 작은 해변,,"71,000",0.0%,"140,000",13,27,1,2,프랑스,"프랑스,네덜란드",
455,해협,,"65,000",0.0%,"674,000",13,102,1,1,한국,한국,
455,마이 스파이,2020-04-29,"119,500",0.0%,"482,594,500",13,"56,282",3,7,미국,미국,(주)이수C&E
460,빨간 마후라,,"24,000",0.0%,"17,349,000",12,"8,494",1,4,한국,한국,
460,열정,,"63,000",0.0%,"63,000",12,12,1,2,스위스,"스위스,프랑스",
460,인디다큐페스티발 2020 in 부산 단편섹션 1,,"60,000",0.0%,"60,000",12,12,1,1,기타,기타,
463,왕자와 무희,,"22,000",0.0%,"8,771,000",11,"4,244",1,2,미국,"미국,영국",
463,제3의 소시민,,"69,000",0.0%,"137,000",11,23,1,1,러시아,러시아,
463,인디플러스 영화의전당 개관 4주년 기획전 - 허지은 이경호 감독전,,"55,000",0.0%,"55,000",11,11,1,1,한국,한국,
463,토네이도 걸,,"90,000",0.0%,"173,000",11,22,1,5,일본,일본,
463,벌새,2019-08-29,"91,000",0.0%,"1,193,554,074",11,"146,802",1,6,한국,한국,"(주)엣나인필름,(주)콘텐츠판다"
463,아틸라,2020-04-03,"165,000",0.0%,"5,650,000",11,204,2,8,이탈리아,이탈리아,일미디어
463,추적자,,"56,000",0.0%,"131,000",11,25,1,1,미국,미국,
463,나는 흑인,,"58,000",0.0%,"145,000",11,27,1,1,프랑스,프랑스,
471,밤은 짧아 걸어 아가씨야,2018-03-29,"92,000",0.0%,"53,345,700",10,"6,821",1,4,일본,일본,(주)라이크콘텐츠
471,외롭고 높고 쓸쓸한,,"50,000",0.0%,"411,000",10,66,1,2,한국,한국,
471,평화와 평온,,"70,000",0.0%,"70,000",10,10,1,2,폴란드,폴란드,
471,나의 정원,,"70,000",0.0%,"498,000",10,77,1,1,한국,한국,
471,십계 10편 : 네 이웃을 소유를 탐내지 말라,,"50,000",0.0%,"768,500",10,228,1,2,폴란드,폴란드,
471,인디다큐페스티발 2020 in 부산 단편섹션 2,,"50,000",0.0%,"50,000",10,10,1,1,한국,한국,
477,인디애니유랑단 2020(인디스데이),,"60,000",0.0%,"60,000",9,9,1,7,기타,기타,
477,아담,,"63,000",0.0%,"63,000",9,9,1,2,모로코,"모로코,프랑스,벨기에",시네마 뉴원
477,하모니카 / 네 개의 그림자들 –플레이포투데이,,"81,000",0.0%,"81,000",9,9,1,1,미국,미국,
477,피닉스 시티 스토리,,"47,000",0.0%,"133,000",9,25,1,1,미국,미국,
477,제빵사의 아내,,"49,000",0.0%,"134,000",9,25,1,1,프랑스,프랑스,
477,킬 모드,2020-06-25,"18,000",0.0%,"18,000",9,9,5,9,네덜란드,네덜란드,주식회사 풍경소리
477,대리석 인간,,"45,000",0.0%,"199,000",9,38,1,1,폴란드,폴란드,
477,혁명을 기념하며,,"63,000",0.0%,"631,000",9,92,1,1,러시아,러시아,
477,신과함께-인과 연,2018-08-01,"55,000",0.0%,"102,677,730,409",9,"12,276,359",1,4,한국,한국,롯데컬처웍스(주)롯데엔터테인먼트
486,캐빈 인 더 우즈,2012-06-28,"48,000",0.0%,"1,712,660,800",8,"228,485",1,5,미국,미국,롯데쇼핑㈜롯데엔터테인먼트
486,뷰티 인사이드,2015-08-20,"96,000",0.0%,"16,186,367,031",8,"2,058,134",1,1,한국,한국,(주)넥스트엔터테인먼트월드(NEW)
486,호텔 레이크,2020-04-29,"67,000",0.0%,"592,223,200",8,"70,019",4,5,한국,한국,(주)스마일이엔티
486,작은 빛,2020-01-23,"58,000",0.0%,"16,743,960",8,"2,173",1,3,한국,한국,(주)시네마달
490,거짓말을 사랑하는 여자,,"68,000",0.0%,"255,000",7,30,1,3,일본,일본,
490,SIDOF2020_폐막식:SIDOF2020 수상작,,"49,000",0.0%,"49,000",7,7,1,1,한국,한국,
490,신과함께-죄와 벌,2017-12-20,"45,000",0.0%,"115,707,672,637",7,"14,411,782",1,4,한국,한국,롯데쇼핑㈜롯데엔터테인먼트
490,연쇄살인마의 이중생활,2020-06-18,"16,000",0.0%,"16,000",7,7,5,7,스페인,스페인,주식회사 마운틴픽쳐스
490,기적의 소년,,"49,000",0.0%,"49,000",7,7,1,2,미국,미국,
490,경계에서 꿈꾸는 집,,"47,000",0.0%,"473,000",7,157,1,1,한국,"한국,프랑스",
490,첫사랑,,"49,000",0.0%,"49,000",7,7,1,2,폴란드,폴란드,
497,최악의 하루,2016-08-25,"47,000",0.0%,"644,201,190",6,"81,310",1,2,한국,한국,CGV아트하우스
497,협객 김두한,1975-06-05,"12,000",0.0%,"5,197,000",6,"2,596",1,2,한국,한국,
497,모리의 정원,2020-03-26,"40,000",0.0%,"27,502,720",6,"3,274",1,1,일본,일본,(주)영화사 진진
497,멋진 인생,,"32,000",0.0%,"17,552,000",6,"7,671",1,1,미국,미국,
497,B급 며느리,2018-01-17,"48,000",0.0%,"155,450,100",6,"20,091",1,2,한국,한국,"(주)에스와이코마드,글뫼 주식회사"
497,게르트루드,,"33,000",0.0%,"878,000",6,156,1,1,덴마크,덴마크,
497,판의 미로 - 오필리아와 세 개의 열쇠,2006-11-30,"36,000",0.0%,"2,976,224,548",6,"494,066",1,4,스페인,"스페인,멕시코","(주)디스테이션,(주)프라임엔터테인먼트"
504,"SIDOF2020_투쟁하는 계급/소쇼, 1968년 6월 11일",,"35,000",0.0%,"210,000",5,30,1,1,프랑스,프랑스,
504,돼지의 왕,2011-11-03,"39,000",0.0%,"153,367,300",5,"19,923",1,2,한국,한국,KT&G 상상마당 영화사업팀 컴퍼니에스에스(주)
504,인디피크닉 2020 단편3 : 각자의 길 위에서,,"33,000",0.0%,"222,000",5,32,1,1,한국,한국,
504,레이지본즈,,"29,000",0.0%,"61,000",5,11,1,1,미국,미국,
504,국제시장,2014-12-17,"30,000",0.0%,"110,944,292,730",5,"14,263,945",1,2,한국,한국,(주)씨제이이엔엠
504,엠마누엘,,"35,000",0.0%,"35,000",5,5,1,1,미국,미국,
510,siff 2020 단편2 : 비밀과 거짓말,,"28,000",0.0%,"280,000",4,40,1,1,한국,한국,
510,택시운전사,2017-08-02,"26,000",0.0%,"95,871,313,649",4,"12,189,658",1,3,한국,한국,(주)쇼박스
510,"씨네큐브 단편4 : Motion, Emotion",,"27,000",0.0%,"27,000",4,4,1,1,한국,,
510,산티아고의 흰 지팡이,2020-03-19,"28,000",0.0%,"7,691,460",4,993,1,2,한국,한국,제이리미디어
510,마더,2009-05-28,"28,000",0.0%,"19,990,109,800",4,"2,982,025",1,1,한국,한국,CJ ENM
510,남매의 여름밤,2020-08-20,"28,000",0.0%,"2,984,000",4,426,1,1,한국,한국,그린나래미디어(주)
516,얼굴없는 보스,2019-11-21,"15,000",0.0%,"207,456,000",3,"24,473",1,3,한국,한국,"(주)좋은 하늘,(주)박수엔터테인먼트"
516,족구왕,2014-08-21,"23,000",0.0%,"370,643,000",3,"47,583",1,2,한국,한국,KT&G 상상마당 영화사업팀 컴퍼니에스에스(주)
516,강유가람 단편선,,"15,000",0.0%,"15,000",3,3,1,1,한국,한국,
516,이것은 다큐멘터리가 아니다 2,,"15,000",0.0%,"162,000",3,24,1,1,한국,한국,여름달
516,기도의 막이 내릴 때,2020-05-14,"15,000",0.0%,"4,874,540",3,601,1,3,일본,일본,노바엔터테인먼트
521,소림절세귀동 - 천하곡술,2020-05-20,"2,000",0.0%,"17,000",2,17,1,2,홍콩,홍콩,(유)조이앤시네마
521,썸원 썸웨어,2020-04-29,"18,000",0.0%,"29,920,640",2,"3,589",1,1,프랑스,프랑스,찬란
521,시라노; 연애조작단,2010-09-16,"20,000",0.0%,"19,838,533,000",2,"2,684,807",1,1,한국,한국,롯데쇼핑㈜롯데엔터테인먼트
521,메기,2019-09-26,"16,000",0.0%,"332,490,828",2,"39,442",1,1,한국,한국,"(주)엣나인필름,CGV아트하우스"
521,윤희에게,2019-11-14,"12,000",0.0%,"972,852,809",2,"122,157",1,2,한국,한국,(주)리틀빅픽쳐스
521,대전 블루스,2020-04-23,"9,000",0.0%,"463,000",2,79,1,1,한국,한국,(주)마노엔터테인먼트
521,죽도 서핑 다이어리,2020-05-07,"15,000",0.0%,"169,000",2,21,1,2,한국,한국,(주)에스와이코마드
521,철로 위의 사람들,,"14,000",0.0%,"168,000",2,24,1,1,한국,한국,
521,페인티드 버드,2020-03-26,"14,000",0.0%,"10,404,280",2,"1,103",1,2,슬로바키아,"슬로바키아,우크라이나",M&M 인터내셔널
521,siff 2020 단편1 : 세상에 모든 그녀들,,"14,000",0.0%,"175,000",2,25,1,1,한국,한국,
531,아일랜드 제로,2020-06-26,"6,000",0.0%,"6,000",1,1,1,1,미국,미국,주식회사 플릭스코
531,내 상사의 부인,2020-06-05,"2,000",0.0%,"2,000",1,1,1,1,한국,한국,P&미디어
531,여선생3 무삭제,2020-06-09,"5,000",0.0%,"5,000",1,1,1,1,한국,한국,(주)영화사히트
531,태양 대폭발: 지구 최후의 날,2020-06-08,"5,000",0.0%,"5,000",1,1,1,1,우크라이나,우크라이나,(주)소나무픽쳐스
531,정사: 미친 사랑,2020-06-08,"5,000",0.0%,"5,000",1,1,1,1,핀란드,핀란드,(주)소나무픽쳐스
531,애원하는 유부녀,2020-06-05,"5,000",0.0%,"5,000",1,1,1,1,한국,한국,(주)케이피에이기획
531,숨도 못 쉬게 깊이 들어온 동창,2020-06-02,"6,000",0.0%,"6,000",1,1,1,1,일본,일본,주식회사 플릭스코
531,안마방 : 내 아내가 된 에이스,,"6,000",0.0%,"6,000",1,1,1,1,일본,일본,(주)씨맥스커뮤니케이션즈
531,아빠와 딸 그리고 딸의 친구들,2020-06-11,"6,000",0.0%,"6,000",1,1,1,1,한국,한국,(주)메이크아트
531,아내의 세계,2020-06-26,"6,000",0.0%,"6,000",1,1,1,1,한국,한국,(주)메이크아트
531,어린여동생2-무삭제,2020-06-03,"5,000",0.0%,"5,000",1,1,1,1,한국,한국,스마일컨텐츠
531,세 여자,2020-06-02,"6,000",0.0%,"6,000",1,1,1,1,한국,한국,(주)나우콘텐츠
531,착한 여친 : 원하는 체위 다 해드려요,,"6,000",0.0%,"6,000",1,1,1,1,일본,일본,(주)씨맥스커뮤니케이션즈
531,열리는 누나들,2020-06-15,"2,000",0.0%,"2,000",1,1,1,1,한국,한국,P&미디어
531,내연녀,2020-06-09,"5,000",0.0%,"5,000",1,1,1,1,한국,한국,(주)투모션
531,마더체인지,2020-06-09,"5,000",0.0%,"5,000",1,1,1,1,미국,미국,(주)투모션
531,뜨거운 며느리,2020-06-09,"6,000",0.0%,"6,000",1,1,1,1,일본,일본,(주)영진크리에이티브
531,인사불성 취객녀와의 뜨거운 밤,2020-06-09,"6,000",0.0%,"6,000",1,1,1,1,일본,일본,(주)영진크리에이티브
531,불륜 삼매경 무삭제판,2020-06-09,"6,000",0.0%,"6,000",1,1,1,1,일본,일본,(주)영진크리에이티브
531,대낮부터 발정난 아내 무삭제판,2020-06-09,"6,000",0.0%,"6,000",1,1,1,1,일본,일본,(주)영진크리에이티브
531,끝내주는 도련님의 물건,2020-06-10,"6,000",0.0%,"6,000",1,1,1,1,일본,일본,(주)영진크리에이티브
531,옆집여자의 술버릇,2020-06-10,"6,000",0.0%,"6,000",1,1,1,1,일본,일본,(주)영진크리에이티브
531,시누이의 맛,2020-06-12,"6,000",0.0%,"6,000",1,1,1,1,한국,한국,주식회사 플릭스코
531,블러드: 궁금한 이야기,2020-06-15,"1,000",0.0%,"1,000",1,1,1,1,영국,영국,(주)영화사 안다미로
531,한입만,2020-06-09,"5,000",0.0%,"5,000",1,1,1,1,한국,한국,(주)영화사히트
531,우리 형수님,2020-06-09,"5,000",0.0%,"5,000",1,1,1,1,한국,한국,(주)영화사히트
531,음란한 과외 선생님,2020-06-10,"6,000",0.0%,"6,000",1,1,1,1,일본,일본,(주)플라이어
531,욕망에 눈뜬 여관 아줌마,2020-06-10,"6,000",0.0%,"6,000",1,1,1,1,일본,일본,(주)플라이어
531,유부녀 집구멍으로 질속배달 택배기사,2020-06-10,"2,000",0.0%,"2,000",1,1,1,1,일본,일본,(주)플라이어
531,집주인 물건 빨아주는 세탁가정부,2020-06-10,"2,000",0.0%,"2,000",1,1,1,1,일본,일본,(주)플라이어
531,맛있는 세자매 2,2020-06-19,"5,000",0.0%,"5,000",1,1,1,1,한국,한국,(주)케이피에이기획
531,야한 며느리:타고난 명기,2020-06-12,"6,000",0.0%,"6,000",1,1,1,1,일본,일본,(주)영진크리에이티브
531,정사:농익은 새엄마,2020-06-12,"6,000",0.0%,"6,000",1,1,1,1,일본,일본,(주)영진크리에이티브
531,두처제3-무삭제,2020-06-17,"5,000",0.0%,"5,000",1,1,1,1,한국,한국,스마일컨텐츠
531,욕구불만 친구엄마,2020-06-12,"6,000",0.0%,"6,000",1,1,1,1,한국,한국,(주)영화사가을
531,3022: 지구 대폭발,2020-06-30,"5,000",0.0%,"5,000",1,1,1,1,미국,미국,(주)더그레이트컴퍼니
531,배관공과 유부녀의 유혹,2020-06-17,"2,000",0.0%,"2,000",1,1,1,1,일본,일본,(주)플라이어
531,내 여자가 된 선생님,2020-06-17,"2,000",0.0%,"2,000",1,1,1,1,일본,일본,(주)플라이어
531,주말 오후 6시의 연인-무삭제판,2020-06-24,"2,000",0.0%,"2,000",1,1,1,1,한국,한국,(주)나우콘텐츠
531,음탕한 누나의 성욕,2020-06-17,"6,000",0.0%,"6,000",1,1,1,1,일본,일본,(주)영진크리에이티브
531,남편은 이렇게 못해줘,2020-06-17,"6,000",0.0%,"6,000",1,1,1,1,일본,일본,(주)영진크리에이티브
531,일본꽐라녀:달아오른 몸뚱이,2020-06-17,"6,000",0.0%,"6,000",1,1,1,1,일본,일본,(주)영진크리에이티브
531,착한며느리:뜨거운 간호,2020-06-17,"6,000",0.0%,"6,000",1,1,1,1,일본,일본,(주)영진크리에이티브
531,엑소시즘: 귀신과의 대화,2020-06-26,"5,000",0.0%,"5,000",1,1,1,1,포르투갈,"포르투갈,브라질",(주)더그레이트컴퍼니
531,바람의 검 - 적영자,2020-06-16,"1,000",0.0%,"1,000",1,1,1,1,일본,일본,(주)빅웨이브시네마
531,처제중독,2020-06-19,"2,000",0.0%,"2,000",1,1,1,1,한국,한국,(주)나우콘텐츠
531,옵세션,,"1,000",0.0%,"1,000",1,1,1,1,미국,미국,(주)퍼스트런
531,끝내주는 가슴의 어린 새엄마,2020-06-23,"6,000",0.0%,"6,000",1,1,1,1,일본,일본,(주)영진크리에이티브
531,오일 마사지 해주는 이웃여자,2020-06-23,"6,000",0.0%,"6,000",1,1,1,1,일본,일본,(주)영진크리에이티브
531,음란한 이복누나 무삭제판,2020-06-23,"6,000",0.0%,"6,000",1,1,1,1,일본,일본,(주)영진크리에이티브
531,물오른 육체:누구라도 좋아 무삭제판,2020-06-23,"6,000",0.0%,"6,000",1,1,1,1,일본,일본,(주)영진크리에이티브
531,담배가게 아가씨 : 나를 당겨 주세요,2020-06-22,"1,000",0.0%,"1,000",1,1,1,1,한국,한국,굿픽처스
531,자매들: 감금의 추억 무삭제판,2020-06-30,"6,000",0.0%,"6,000",1,1,1,1,한국,한국,주식회사 플릭스코
531,신천역 3번출구-확장판,2020-06-30,"2,000",0.0%,"2,000",1,1,1,1,한국,한국,(주)나우콘텐츠
531,웨이크필드 프로젝트,2020-06-08,"1,000",0.0%,"1,000",1,1,1,1,미국,미국,(주)영화사 안다미로
531,사냥의 시간: 데스 게임,2020-06-22,"1,000",0.0%,"1,000",1,1,1,1,미국,미국,(주)영화사 안다미로
531,영웅,2003-01-24,"2,000",0.0%,"2,000",1,1,1,1,중국,중국,"(유)조이앤시네마,코리아픽쳐스(주)"
531,레옹,1995-02-18,"2,000",0.0%,"348,112,500",1,"45,908",1,1,프랑스,프랑스,"(주)제이앤씨미디어그룹,(주)팝파트너스"
531,잡식가족의 딜레마,2015-05-07,"6,000",0.0%,"49,058,300",1,"7,243",1,1,한국,한국,(주)시네마달
531,극한직업,2019-01-23,"6,000",0.0%,"139,655,543,516",1,"16,266,338",1,1,한국,한국,(주)씨제이이엔엠
531,친구 이모 무삭제,2020-06-25,"6,000",0.0%,"6,000",1,1,1,1,한국,한국,(주)영화사가을
531,하숙집 : 굶주린 늑대들 무삭제,2020-06-25,"6,000",0.0%,"6,000",1,1,1,1,한국,한국,(주)영화사가을
531,엄마친구 2020,2020-06-22,"6,000",0.0%,"6,000",1,1,1,1,한국,한국,(주)영화사가을
531,여름날,2020-08-20,"5,000",0.0%,"615,000",1,87,1,2,한국,한국,영화배급협동조합 씨네소파
531,스와핑 : 선배의 아내,2020-06-01,"6,000",0.0%,"6,000",1,1,1,1,한국,한국,(주)영화사가을
531,아내의 언니들,,"6,000",0.0%,"6,000",1,1,1,1,한국,한국,
531,은밀한 서비스,2020-06-09,"6,000",0.0%,"6,000",1,1,1,1,일본,일본,(주)빅콘미디어
531,AV 여배우의 직장 체험기,2020-06-09,"6,000",0.0%,"6,000",1,1,1,1,일본,일본,(주)빅콘미디어
531,과외선생과 성적의 관계3,2020-06-09,"6,000",0.0%,"6,000",1,1,1,1,일본,일본,(주)빅콘미디어
531,시미켄의 촬영 강의,2020-06-09,"6,000",0.0%,"6,000",1,1,1,1,일본,일본,(주)빅콘미디어
531,여자 동창들 : 친구 오빠와 섹스한 날,2020-06-05,"6,000",0.0%,"6,000",1,1,1,1,한국,한국,(주)영화사가을
531,내 아내의 엄마 2,2020-06-15,"6,000",0.0%,"6,000",1,1,1,1,한국,한국,(주)영화사가을
531,라라걸,2020-04-15,"9,000",0.0%,"108,684,460",1,"12,785",1,1,호주,호주,판씨네마(주)
531,밀애 : 친구엄마 3,2020-06-29,"6,000",0.0%,"6,000",1,1,1,1,한국,한국,(주)영화사가을
531,정사 : 사돈처녀 2,2020-06-12,"6,000",0.0%,"6,000",1,1,1,1,한국,한국,(주)영화사가을
531,19금 연애소설 무삭제판,2020-06-18,"6,000",0.0%,"6,000",1,1,1,1,한국,한국,(주)영진크리에이티브
531,로그 워페어 2 더 헌트,2020-06-03,"1,000",0.0%,"1,000",1,1,1,1,미국,미국,주식회사 풍경소리
531,내 친구의 딸 무삭제,2020-06-09,"1,000",0.0%,"1,000",1,1,1,1,한국,한국,(주)로드하우스
531,정사 : 친구엄마와 친구누나,2020-06-12,"6,000",0.0%,"6,000",1,1,1,1,한국,한국,(주)영화사가을
531,삼촌의 여자들,2020-06-12,"6,000",0.0%,"6,000",1,1,1,1,한국,한국,(주)영화사가을
531,스와핑 : 부부모임,2020-06-25,"6,000",0.0%,"6,000",1,1,1,1,한국,한국,(주)영화사가을
531,호빠오빠,2020-06-18,"2,000",0.0%,"2,000",1,1,1,1,한국,한국,(주)나우콘텐츠
531,siff 2020 단편5 : 다가가고 싶은 오늘,,"7,000",0.0%,"175,000",1,25,1,1,한국,한국,
531,지구 침공: 컨테이젼,2020-06-08,"1,000",0.0%,"1,000",1,1,1,1,영국,"영국,프랑스",(주)영화사 안다미로
531,무협: 더 코드,2020-06-22,"1,000",0.0%,"1,000",1,1,1,1,미국,미국,(주)영화사 안다미로
531,맨슨 패밀리,2020-06-15,"1,000",0.0%,"1,000",1,1,1,1,영국,"영국,미국",(주)영화사 안다미로
531,발정난 일본 여대생: 쾌락 쉐어 하우스,,"6,000",0.0%,"6,000",1,1,1,1,일본,일본,(주)씨맥스커뮤니케이션즈
531,임신 정복 초미녀 외계인,,"6,000",0.0%,"6,000",1,1,1,1,일본,일본,(주)씨맥스커뮤니케이션즈
531,현모양처: 더러운 불륜,,"6,000",0.0%,"6,000",1,1,1,1,일본,일본,(주)씨맥스커뮤니케이션즈
531,전설의 파이터,2020-06-16,"1,000",0.0%,"1,000",1,1,1,1,한국,한국,(주)드림팩트엔터테인먼트
531,나는 야한 여자,2020-06-25,"6,000",0.0%,"6,000",1,1,1,1,한국,한국,(주)메이크아트
531,식스센스:속 보이는 여자들,2020-06-12,"6,000",0.0%,"6,000",1,1,1,1,한국,한국,(주)메이크아트
531,페이건 워리어,2020-06-02,"6,000",0.0%,"6,000",1,1,1,1,미국,미국,주식회사 플릭스코
531,컬트 걸,2020-06-02,"6,000",0.0%,"6,000",1,1,1,1,미국,미국,주식회사 플릭스코
625,할머니의 외출,,0,0.0%,"613,000",0,88,1,1,한국,한국,
합계,,,"32,760,133,800",,"1,558,575,892,428","3,864,533","195,096,137","16,308","340,937",,,
