●12주차 (2020년 03월 16일 ~ 2020년 03월 22일),,,,,,,,,,,,,,,,
순위,영화명,개봉일,매출액,매출액,매출액증감,매출액증감율,누적매출액,관객수,관객수증감,관객수증감율,누적관객수,스크린수,상영횟수,대표국적,국적,배급사
,,,,점유율,(전주대비),(전주대비),,,(전주대비),(전주대비),,,,,,
1,인비저블맨,2020-02-26,"641,242,300",24.8%,"-281,871,300",-30.5%,"4,316,368,600","72,929","-31,371",-30.1%,"493,249",594,"10,034",미국,미국,유니버설픽쳐스인터내셔널 코리아(유)
2,1917,2020-02-19,"495,888,320",19.2%,"-157,261,880",-24.1%,"6,116,745,640","55,904","-16,117",-22.4%,"666,591",546,"7,978",미국,미국,(주)스마일이엔티
3,다크 워터스,2020-03-11,"354,937,500",13.7%,"-188,879,760",-34.7%,"904,016,760","41,248","-20,283",-33.0%,"103,430",504,"8,192",미국,미국,(주)이수C&E
4,정직한 후보,2020-02-12,"133,485,840",5.2%,"-30,018,880",-18.4%,"12,740,890,090","21,837",-34,-0.2%,"1,520,806",312,"3,389",한국,한국,(주)넥스트엔터테인먼트월드(NEW)
5,지푸라기라도 잡고 싶은 짐승들,2020-02-19,"125,471,600",4.8%,"-131,475,240",-51.2%,"5,313,514,110","14,390","-14,847",-50.8%,"612,036",319,"3,563",한국,한국,메가박스중앙(주)플러스엠
6,작은 아씨들,2020-02-12,"108,477,280",4.2%,"-81,766,960",-43.0%,"7,150,926,550","12,793","-9,358",-42.2%,"847,954",260,"2,496",미국,미국,소니픽쳐스엔터테인먼트코리아주식회사극장배급지점
7,스타 이즈 본,2018-10-09,"62,362,900",2.4%,"-12,777,720",-17.0%,"4,401,833,580","12,302","-2,702",-18.0%,"519,163",217,"1,982",미국,미국,워너브러더스 코리아(주)
8,세인트 아가타,2020-03-19,"85,409,940",3.3%,"84,177,940",6832.6%,"86,641,940","9,512","9,358",6076.6%,"9,666",390,"2,676",미국,미국,(주)디스테이션
9,어바웃 타임,2013-12-05,"29,917,500",1.2%,"-26,962,500",-47.4%,"25,223,609,300","5,866","-5,303",-47.5%,"3,435,478",81,612,영국,영국,유니버설픽쳐스인터내셔널 코리아(유)
10,메멘토,2001-08-24,"23,913,000",0.9%,"-9,074,000",-27.5%,"192,192,300","4,752","-1,815",-27.6%,"28,685",110,857,미국,미국,"(주)디스테이션,(주)팝엔터테인먼트"
11,쉰들러 리스트,1994-03-05,"22,439,000",0.9%,"22,439,000",100.0%,"69,870,290","4,451","4,451",100.0%,"10,314",123,"1,089",미국,미국,유니버설픽쳐스인터내셔널 코리아(유)
12,분노의 질주: 더 익스트림,2017-04-12,"42,935,500",1.7%,"42,935,500",100.0%,"30,024,091,848","4,299","4,299",100.0%,"3,657,537",35,522,미국,"미국,일본,프랑스,캐나다",유니버설픽쳐스인터내셔널 코리아(유)
13,찬실이는 복도 많지,2020-03-05,"33,820,480",1.3%,"-23,895,920",-41.4%,"167,515,600","3,946","-2,613",-39.8%,"19,529",86,685,한국,한국,찬란
14,그린 북,2019-01-09,"16,713,500",0.6%,"13,998,500",515.6%,"3,703,931,360","3,305","2,763",509.8%,"444,768",100,812,미국,미국,CGV아트하우스
15,존 윅,2015-01-21,"15,632,000",0.6%,"15,527,000",14787.6%,"951,738,218","3,104","3,083",14681.0%,"120,603",116,749,미국,미국,"(주)제이앤씨미디어그룹,(주)나이너스엔터테인먼트"
16,시원찮은 그녀를 위한 육성방법 피날레,2020-02-27,"24,323,980",0.9%,"-6,025,220",-19.9%,"124,303,860","2,971",-672,-18.4%,"14,522",49,361,일본,일본,(주)애니플러스
17,젠틀맨,2020-02-26,"21,771,720",0.8%,"-34,169,480",-61.1%,"654,703,390","2,451","-3,939",-61.6%,"80,146",84,526,미국,미국,"(주)영화사 빅,(주)다날엔터테인먼트"
18,미드나잇 인 파리,2012-07-05,"11,634,000",0.5%,"11,634,000",100.0%,"2,802,894,517","2,292","2,292",100.0%,"379,196",106,577,미국,"미국,스페인","(주)디스테이션,(주)드림팩트엔터테인먼트,(주)나이너스엔터테인먼트"
19,더 보이 2: 돌아온 브람스,2020-03-05,"16,040,500",0.6%,"-59,030,000",-78.6%,"224,158,500","2,212","-5,980",-73.0%,"25,185",96,547,미국,미국,(주)팝엔터테인먼트
20,슬럼독 밀리어네어,2009-03-19,"17,247,500",0.7%,"-10,196,000",-37.2%,"7,389,331,500","2,114","-1,074",-33.7%,"1,112,201",112,807,영국,"영국,미국","(주)영화특별시에스엠씨,CJ ENM"
21,비긴 어게인,2014-08-13,"10,671,500",0.4%,"-26,994,000",-71.7%,"27,300,212,181","2,106","-5,360",-71.8%,"3,462,550",103,442,미국,미국,판씨네마(주)
22,레미제라블,2012-12-19,"10,680,500",0.4%,"-103,500",-1.0%,"43,124,604,500","2,073",-70,-3.3%,"5,926,849",98,580,미국,미국,유니버설픽쳐스인터내셔널 코리아(유)
23,울프 콜,2020-03-05,"14,645,820",0.6%,"-49,282,840",-77.1%,"195,499,500","1,848","-6,006",-76.5%,"23,616",130,685,프랑스,프랑스,판씨네마(주)
24,그랜드 부다페스트 호텔,2014-03-20,"8,842,120",0.3%,"-1,449,360",-14.1%,"6,419,751,382","1,761",-288,-14.1%,"821,215",56,452,미국,"미국,독일","(주)피터팬픽쳐스,이십세기폭스코리아(주)"
25,테이큰,2008-04-09,"8,459,500",0.3%,"8,459,500",100.0%,"15,979,908,500","1,686","1,686",100.0%,"2,360,747",102,577,프랑스,프랑스,㈜스튜디오이쩜영
26,용길이네 곱창집,2020-03-12,"11,939,800",0.5%,"-3,732,980",-23.8%,"27,612,580","1,504",-365,-19.5%,"3,373",84,397,일본,일본,(주)영화사 그램
27,비행,2020-03-19,"12,201,980",0.5%,"12,201,980",100.0%,"12,306,980","1,447","1,447",100.0%,"1,470",128,582,한국,한국,"아이 엠,케이티하이텔(주)"
28,파라다이스 힐스,2020-03-19,"12,925,480",0.5%,"11,925,980",1193.2%,"13,924,980","1,407","1,312",1381.1%,"1,502",109,480,스페인,스페인,(주)올스타엔터테인먼트
29,살인의 추억,2003-04-25,"6,898,000",0.3%,"-6,291,000",-47.7%,"76,516,037","1,370","-1,250",-47.7%,"12,469",81,440,한국,한국,CJ ENM
30,500일의 썸머,2010-01-21,"6,771,000",0.3%,"6,771,000",100.0%,"2,297,522,400","1,332","1,332",100.0%,"289,985",75,329,미국,미국,"(주)스튜디오디에이치엘,(주)팝엔터테인먼트,이십세기폭스코리아(주)"
31,신문기자,2019-10-17,"9,086,000",0.4%,"-5,549,000",-37.9%,"105,192,660","1,315",-798,-37.8%,"13,478",28,233,일본,일본,"(주)팝엔터테인먼트,주식회사 더쿱"
32,해리포터와 아즈카반의 죄수,2004-07-16,"10,738,000",0.4%,"-64,282,000",-85.7%,"11,455,699,500","1,229","-7,039",-85.1%,"1,833,362",17,167,미국,미국,워너브러더스 코리아(주)
33,네 멋대로 해라: 장 뤽 고다르,2020-03-19,"8,450,040",0.3%,"8,205,040",3349.0%,"8,695,040","1,002",953,1944.9%,"1,051",93,409,프랑스,프랑스,(주)이수C&E
34,노팅 힐,1999-07-03,"5,021,000",0.2%,"5,021,000",100.0%,"529,315,082",980,980,100.0%,"64,355",94,235,미국,"미국,영국",유니버설픽쳐스인터내셔널 코리아(유)
35,말할 수 없는 비밀,2008-01-10,"4,880,500",0.2%,"-22,981,500",-82.5%,"1,204,723,650",969,"-4,570",-82.5%,"171,754",44,190,대만,"대만,홍콩","(주)엔케이컨텐츠,(주)디스테이션,(주)스폰지이엔티"
36,클로젯,2020-02-05,"7,551,000",0.3%,"5,090,680",206.9%,"10,952,114,280",843,534,172.8%,"1,268,812",5,22,한국,한국,(주)씨제이이엔엠
37,작가 미상,2020-02-20,"7,102,060",0.3%,"-1,804,720",-20.3%,"97,753,540",796,-257,-24.4%,"12,417",14,86,독일,독일,(주)영화사 진진
38,나이브스 아웃,2019-12-04,"4,044,640",0.2%,"-5,011,460",-55.3%,"6,871,941,190",774,-954,-55.2%,"814,433",35,217,미국,미국,(주)올스타엔터테인먼트
39,걸즈 앤 판처 최종장,2020-03-12,"6,719,500",0.3%,"-27,326,000",-80.3%,"40,765,000",773,"-2,745",-78.0%,"4,291",11,138,일본,일본,(주)디스테이션
40,싱 스트리트,2016-05-19,"3,673,000",0.1%,"-20,325,000",-84.7%,"4,564,138,772",734,"-4,035",-84.6%,"574,714",14,88,아일랜드,"아일랜드,영국,미국",(주)이수C&E
41,조커,2019-10-02,"7,132,000",0.3%,"-5,996,500",-45.7%,"45,442,614,130",714,-601,-45.7%,"5,255,260",16,122,미국,미국,워너브러더스 코리아(주)
42,악몽,2020-03-12,"5,260,520",0.2%,"-11,385,680",-68.4%,"21,906,720",656,"-1,235",-65.3%,"2,547",100,340,한국,한국,"(주)스톰픽쳐스코리아,와이드 릴리즈(주)"
43,리암 갤러거,2020-03-12,"5,278,300",0.2%,"-9,231,700",-63.6%,"25,368,300",628,-834,-57.0%,"2,624",42,201,영국,영국,(주)디스테이션
44,스킨,2020-03-19,"5,130,100",0.2%,"5,130,100",100.0%,"5,130,100",617,617,100.0%,617,34,180,미국,미국,(주)스마일이엔티
45,타오르는 여인의 초상,2020-01-16,"5,266,660",0.2%,"-3,664,980",-41.0%,"1,234,203,908",595,-429,-41.9%,"146,539",13,87,프랑스,프랑스,"그린나래미디어(주),(주)홈초이스"
46,그녀,2014-05-22,"2,816,520",0.1%,"-953,600",-25.3%,"3,003,353,264",569,-183,-24.3%,"368,708",30,200,미국,미국,"주식회사 더쿱,유니버설픽쳐스인터내셔널 코리아(유)"
47,포드 V 페라리,2019-12-04,"5,473,500",0.2%,"-1,797,000",-24.7%,"12,033,665,680",551,-190,-25.6%,"1,367,306",7,74,미국,미국,월트디즈니컴퍼니코리아 유한책임회사
48,어거스트 러쉬,2007-11-29,"2,744,000",0.1%,"-845,000",-23.5%,"14,359,231,000",548,-169,-23.6%,"2,229,817",56,185,미국,미국,"(주)영화사 그램,CJ ENM"
49,조조 래빗,2020-02-05,"5,069,460",0.2%,"-4,673,260",-48.0%,"949,167,560",540,-513,-48.7%,"110,374",12,83,미국,미국,월트디즈니컴퍼니코리아 유한책임회사
50,온다,2020-03-26,"4,647,000",0.2%,"4,647,000",100.0%,"5,801,000",525,525,100.0%,649,2,6,일본,일본,(주)트리플픽쳐스
51,맘마미아!,2008-09-03,"2,529,000",0.1%,"-995,000",-28.2%,"29,696,956,850",505,-196,-28.0%,"4,579,720",61,204,미국,미국,유니버설픽쳐스인터내셔널 코리아(유)
52,레토,2019-01-03,"4,562,420",0.2%,"1,518,420",49.9%,"195,648,492",455,200,78.4%,"22,244",3,15,러시아,"러시아,프랑스","(주)엣나인필름,플레이리스트(주)"
53,꾸뻬씨의 행복여행,2014-11-27,"2,265,000",0.1%,"2,265,000",100.0%,"929,016,283",453,453,100.0%,"126,599",44,174,영국,"영국,독일,캐나다,남아프리카공화국",그린나래미디어(주)
54,기생충,2019-05-30,"4,381,480",0.2%,"-8,214,540",-65.2%,"87,274,115,675",446,-813,-64.6%,"10,289,560",20,115,한국,한국,(주)씨제이이엔엠
55,히트,1996-08-10,"3,456,500",0.1%,"3,456,500",100.0%,"46,555,000",442,442,100.0%,"6,223",5,29,미국,미국,(주)영화사오원
56,산티아고의 흰 지팡이,2020-03-19,"3,633,880",0.1%,"3,633,880",100.0%,"3,633,880",428,428,100.0%,428,21,80,한국,한국,제이리미디어
57,겟 아웃,2017-05-17,"1,700,740",0.1%,"-958,800",-36.1%,"17,439,273,555",343,-183,-34.8%,"2,139,393",28,139,미국,미국,유니버설픽쳐스인터내셔널 코리아(유)
58,더 울프 오브 월스트리트,2014-01-09,"1,487,240",0.1%,"-551,240",-27.0%,"4,498,665,220",308,-100,-24.5%,"586,721",11,72,미국,미국,주식회사 우리네트웍스
59,안나 카레니나,2018-06-29,"2,487,740",0.1%,"2,487,740",100.0%,"65,679,540",286,286,100.0%,"4,857",8,36,한국,한국,(주)비프로
60,사랑하고 있습니까,2020-03-25,"2,144,000",0.1%,"2,144,000",100.0%,"2,144,000",268,268,100.0%,268,1,1,한국,한국,주식회사 블루필름웍스
61,스파이더맨: 파 프롬 홈,2019-07-02,"1,335,000",0.1%,"1,335,000",100.0%,"69,011,335,100",267,267,100.0%,"8,021,412",14,79,미국,미국,소니픽쳐스엔터테인먼트코리아주식회사극장배급지점
61,수퍼 소닉,2020-02-12,"2,069,560",0.1%,"-925,160",-30.9%,"923,050,550",267,-129,-32.6%,"117,607",9,46,미국,미국,롯데컬처웍스(주)롯데엔터테인먼트
63,날씨의 아이,2019-10-30,"1,602,400",0.1%,"429,440",36.6%,"5,448,345,670",246,97,65.1%,"659,915",4,27,일본,일본,"(주)미디어캐슬,워터홀컴퍼니(주)"
64,블라인드 파트너,2020-03-19,"1,181,000",0.0%,"1,181,000",100.0%,"1,181,000",242,242,100.0%,242,18,18,한국,한국,(주)케이알씨지
65,새엄마의 목적,2020-03-19,"1,180,000",0.0%,"1,180,000",100.0%,"1,180,000",241,241,100.0%,241,17,17,한국,한국,(주)케이알씨지
66,스포트라이트,2016-02-24,"1,171,260",0.0%,"-248,860",-17.5%,"2,413,500,135",231,-54,-18.9%,"301,674",19,88,미국,미국,(주)팝엔터테인먼트
67,캐롤,2016-02-04,"1,115,000",0.0%,"-16,807,000",-93.8%,"2,750,564,695",222,"-3,342",-93.8%,"335,272",11,40,미국,"미국,영국",CGV아트하우스
68,기억의 전쟁,2020-02-27,"1,950,000",0.1%,"583,160",42.7%,"13,096,740",220,68,44.7%,"1,524",6,35,한국,한국,(주)시네마달
69,아이리시맨,2019-11-20,"1,007,040",0.0%,"-2,012,780",-66.7%,"320,979,080",205,-397,-65.9%,"38,699",12,67,미국,미국,판씨네마(주)
70,극장판 미니특공대: 공룡왕 디노,2020-02-06,"1,517,940",0.1%,"-300,880",-16.5%,"616,329,000",202,-35,-14.8%,"79,160",8,56,한국,한국,(주)리틀빅픽쳐스
71,샤인,1997-01-25,"1,591,460",0.1%,"-1,565,400",-49.6%,"151,660,400",192,-200,-51.0%,"19,604",11,51,호주,호주,"(주)비싸이드 픽쳐스,필립 스튜디오,(주)라이크콘텐츠"
72,혐오스런 마츠코의 일생,2007-04-12,"1,485,500",0.1%,"1,485,500",100.0%,"153,508,500",182,182,100.0%,"23,728",2,6,일본,일본,스폰지
73,겨울왕국 2,2019-11-21,"1,575,000",0.1%,"247,000",18.6%,"114,810,421,450",177,-31,-14.9%,"13,747,792",1,1,미국,미국,월트디즈니컴퍼니코리아 유한책임회사
73,겨울왕국,2014-01-16,"1,575,000",0.1%,"652,000",70.6%,"82,521,307,080",177,74,71.8%,"10,303,058",1,1,미국,미국,소니픽쳐스릴리징월트디즈니스튜디오스코리아(주)
75,더 보이,2016-06-01,"880,000",0.0%,"880,000",100.0%,"451,434,821",173,173,100.0%,"57,132",11,47,미국,미국,(주)리틀빅픽쳐스
76,여선생3,2020-03-20,"933,000",0.0%,"933,000",100.0%,"933,000",169,169,100.0%,169,20,20,한국,한국,(주)영화사히트
76,어린 처제 4,2020-03-19,"931,000",0.0%,"931,000",100.0%,"931,000",169,169,100.0%,169,20,20,한국,한국,(주)컨텐츠 빌리지
78,결혼 이야기,2019-11-27,"849,020",0.0%,"-1,344,560",-61.3%,"197,855,600",168,-286,-63.0%,"24,489",11,53,영국,영국,판씨네마(주)
79,엠마,2020-02-27,"1,145,500",0.0%,"-2,817,500",-71.1%,"34,572,000",160,-334,-67.6%,"5,079",8,26,영국,영국,유니버설픽쳐스인터내셔널 코리아(유)
80,원스 어폰 어 타임... 인 할리우드,2019-09-25,"808,600",0.0%,"-1,609,800",-66.6%,"2,296,006,510",159,-318,-66.7%,"281,135",14,57,미국,미국,소니픽쳐스엔터테인먼트코리아주식회사극장배급지점
81,문라이트,2017-02-22,"738,500",0.0%,"-432,840",-37.0%,"1,416,831,435",146,-100,-40.7%,"179,241",14,71,미국,미국,CGV아트하우스
82,스케어리 스토리:어둠의 속삭임,2020-03-25,"994,000",0.0%,"994,000",100.0%,"994,000",142,142,100.0%,142,1,1,미국,미국,(주)제이앤씨미디어그룹
83,고백,2011-03-31,"1,160,000",0.0%,"1,160,000",100.0%,"342,144,000",141,141,100.0%,"43,652",2,5,일본,일본,(주)미로비젼
84,페임,2009-09-24,"1,252,000",0.0%,"46,000",3.8%,"4,653,748,000",136,2,1.5%,"634,370",1,3,미국,미국,"(주)다자인소프트,롯데쇼핑㈜롯데엔터테인먼트"
85,페인티드 버드,2020-03-26,"1,340,000",0.1%,"1,340,000",100.0%,"1,340,000",134,134,100.0%,134,1,1,슬로바키아,"슬로바키아,우크라이나",M&M 인터내셔널
86,빈폴,2020-02-27,"1,028,200",0.0%,"-617,060",-37.5%,"24,606,520",128,-93,-42.1%,"2,791",7,33,러시아,러시아,(주)팝엔터테인먼트
87,사냥의 시간,,"847,500",0.0%,"644,420",317.3%,"8,438,580",113,82,264.5%,994,1,1,한국,한국,
88,그링고,2020-03-05,"882,000",0.0%,"-22,995,000",-96.3%,"43,046,500",110,"-4,440",-97.6%,"7,799",11,55,미국,미국,(주)영화사 진진
88,친구누나들,2020-03-20,"639,000",0.0%,"639,000",100.0%,"639,000",110,110,100.0%,110,20,20,한국,한국,스마일컨텐츠
90,우리의 20세기,2017-09-27,"1,048,000",0.0%,"1,048,000",100.0%,"288,815,600",105,105,100.0%,"35,496",1,2,미국,미국,그린나래미디어(주)
91,"베를린, 아이 러브 유",2019-12-04,"700,000",0.0%,"400,000",133.3%,"6,693,900",100,40,66.7%,"3,306",1,1,독일,독일,(주)영화사 안다미로
92,로마,2018-12-12,"466,680",0.0%,"-1,550,280",-76.9%,"359,221,776",95,-313,-76.7%,"44,214",9,33,멕시코,멕시코,판씨네마(주)
92,세비야의 이발사,2020-03-03,"3,325,000",0.1%,"1,660,000",99.7%,"6,565,000",95,41,75.9%,194,5,13,이탈리아,이탈리아,일미디어
94,투란도트,2020-02-08,"2,429,500",0.1%,"-222,000",-8.4%,"23,190,500",92,-9,-8.9%,886,5,11,미국,미국,(주) 인스터 글로벌
95,숀더쉽 더 무비: 꼬마 외계인 룰라!,2020-02-19,"674,720",0.0%,"-399,600",-37.2%,"87,012,060",88,-53,-37.6%,"11,296",5,26,영국,영국,TCO(주)더콘텐츠온
96,아내의 비밀남자,2020-03-18,"400,000",0.0%,"400,000",100.0%,"400,000",79,79,100.0%,79,20,20,한국,한국,(주)로드하우스
97,인셉션,2010-07-21,"639,700",0.0%,"-441,300",-40.8%,"44,383,751,400",75,-46,-38.0%,"5,942,985",2,14,미국,미국,"(주)디스테이션,워너브러더스 코리아(주)"
98,하트,2020-02-27,"620,000",0.0%,"84,000",15.7%,"5,847,000",74,8,12.1%,755,4,19,한국,한국,필름다빈
99,갈증,2014-12-04,"578,500",0.0%,"578,500",100.0%,"52,138,364",70,70,100.0%,"6,954",1,3,일본,일본,찬란
100,검찰측의 죄인,,"616,000",0.0%,"-745,000",-54.7%,"3,064,000",65,-78,-54.5%,323,1,4,일본,일본,
101,버즈 오브 프레이(할리 퀸의 황홀한 해방),2020-02-05,"521,240",0.0%,"-1,240,020",-70.4%,"3,557,742,610",61,-135,-68.9%,"401,958",5,20,미국,미국,워너브러더스 코리아(주)
102,굶주린 엄마친구,2020-03-20,"300,000",0.0%,"300,000",100.0%,"300,000",60,60,100.0%,60,1,1,일본,일본,(주)라온컴퍼니플러스
102,친구아내는 육덕녀,2020-03-20,"300,000",0.0%,"300,000",100.0%,"300,000",60,60,100.0%,60,1,1,일본,일본,(주)라온컴퍼니플러스
102,두 교황,2019-12-11,"363,760",0.0%,"-775,160",-68.1%,"245,532,780",60,-167,-73.6%,"31,951",5,16,미국,"미국,영국,이탈리아,아르헨티나",판씨네마(주)
105,어느 가족,2018-07-26,"418,000",0.0%,"418,000",100.0%,"1,437,900,400",50,50,100.0%,"174,424",1,4,일본,일본,(주)티캐스트
106,코끼리는 그곳에 있어,2019-11-21,"353,000",0.0%,"353,000",100.0%,"20,989,400",48,48,100.0%,"1,666",1,2,중국,중국,아이 엠
107,오르페오와 에우리디체,2015-02-07,"650,000",0.0%,"-349,000",-34.9%,"22,032,000",42,-17,-28.8%,"1,079",4,7,독일,독일,(주)케빈앤컴퍼니
108,히비키,,"350,000",0.0%,"350,000",100.0%,"350,000",40,40,100.0%,40,2,13,일본,일본,
109,히트맨,2020-01-22,"301,000",0.0%,"-1,975,500",-86.8%,"20,610,744,500",38,-227,-85.7%,"2,405,879",5,11,한국,한국,롯데컬처웍스(주)롯데엔터테인먼트
110,슈윙! 블루 노트 레코드 스토리,2020-03-19,"350,000",0.0%,"350,000",100.0%,"730,000",37,37,100.0%,132,2,10,독일,독일,(주)에스와이코마드
111,벌새,2019-08-29,"347,000",0.0%,"-352,000",-50.4%,"1,187,003,074",36,-30,-45.5%,"145,976",4,12,한국,한국,"(주)엣나인필름,(주)콘텐츠판다"
111,리틀 포레스트,2018-02-28,"180,000",0.0%,"-1,080,000",-85.7%,"11,937,674,185",36,-216,-85.7%,"1,507,596",5,18,한국,한국,메가박스중앙(주)플러스엠
113,태풍이 지나가고,2016-07-27,"253,000",0.0%,"253,000",100.0%,"776,662,972",34,34,100.0%,"93,537",1,4,일본,일본,(주)티캐스트
114,메기,2019-09-26,"360,000",0.0%,"-267,000",-42.6%,"330,211,828",33,-20,-37.7%,"39,112",2,8,한국,한국,"(주)엣나인필름,CGV아트하우스"
115,졸업,1971-06-19,"237,000",0.0%,"122,000",106.1%,"42,302,200",31,17,121.4%,"5,729",3,3,미국,미국,시네마 뉴원
115,프란시스 하,2014-07-17,"227,000",0.0%,"-791,000",-77.7%,"574,886,570",31,-71,-69.6%,"73,379",1,1,미국,미국,그린나래미디어(주)
117,"하이, 젝시",2020-02-19,"181,000",0.0%,"-1,340,500",-88.1%,"227,672,000",30,-204,-87.2%,"29,472",2,6,미국,미국,(주)홈초이스
118,환상의 빛,2016-07-07,"251,000",0.0%,"17,000",7.3%,"156,570,500",29,-1,-3.3%,"19,674",1,2,일본,일본,주식회사 씨네룩스
118,걸어도 걸어도,2009-06-18,"217,000",0.0%,"56,000",34.8%,"257,890,800",29,8,38.1%,"34,819",1,2,일본,일본,(주)영화사 진진
120,진짜로 일어날지도 몰라 기적,2011-12-22,"194,000",0.0%,"-80,000",-29.2%,"340,038,400",27,-7,-20.6%,"43,817",1,2,일본,일본,"(주)스튜디오 보난자,(주)미로비젼"
120,이 멋진 세계에 축복을! 붉은 전설,2020-02-06,"238,000",0.0%,"-175,980",-42.5%,"157,787,160",27,-19,-41.3%,"18,109",1,11,일본,일본,(주)애니플러스
122,문신을 한 신부님,2020-02-13,"220,000",0.0%,"-68,000",-23.6%,"60,467,820",25,-8,-24.2%,"7,425",3,9,폴란드,"폴란드,프랑스",알토미디어(주)
122,사마에게,2020-01-23,"203,000",0.0%,"-4,760",-2.3%,"134,152,472",25,4,19.0%,"16,653",2,4,영국,영국,(주)엣나인필름
124,하숙집 : 굶주린 늑대들,2020-03-16,"109,000",0.0%,"109,000",100.0%,"109,000",20,20,100.0%,20,20,20,한국,한국,(주)영화사가을
125,실버라이닝 플레이북,2013-02-14,"95,000",0.0%,"-2,607,000",-96.5%,"964,058,500",19,-519,-96.5%,"129,554",1,3,미국,미국,(주)나이너스엔터테인먼트
125,남산의 부장들,2020-01-22,"170,000",0.0%,"-330,300",-66.0%,"41,223,540,650",19,-44,-69.8%,"4,750,097",2,8,한국,한국,(주)쇼박스
127,"집에 돌아오면, 언제나 아내가 죽은 척을 하고있다",2020-02-20,"145,920",0.0%,"-208,160",-58.8%,"20,367,020",18,-25,-58.1%,"2,429",3,10,일본,일본,(주)영화사 그램
127,카잔자키스,2020-01-30,"130,920",0.0%,"-213,960",-62.0%,"27,525,100",18,-19,-51.4%,"3,566",2,7,기타,기타,(주)마노엔터테인먼트
129,작은 빛,2020-01-23,"118,000",0.0%,"39,000",49.4%,"16,615,960",16,5,45.5%,"2,155",1,3,한국,한국,(주)시네마달
130,신비아파트 극장판 하늘도깨비 대 요르문간드,2019-12-19,"94,000",0.0%,"94,000",100.0%,"7,046,204,380",14,14,100.0%,"893,235",1,3,한국,한국,(주)씨제이이엔엠
130,아이 필 프리티,2018-06-06,"70,000",0.0%,"-1,612,000",-95.8%,"2,132,649,300",14,-322,-95.8%,"241,295",1,3,미국,미국,(주)홈초이스
130,신의 은총으로,2020-01-16,"90,000",0.0%,"81,000",900.0%,"45,902,760",14,13,1300.0%,"5,917",1,2,프랑스,프랑스,찬란
130,장마,2020-02-27,"21,000",0.0%,"-2,000",-8.7%,"12,091,000",14,-2,-12.5%,"1,959",2,14,한국,한국,영화사 무명
130,존 윅 - 리로드,2017-02-22,"70,000",0.0%,"-60,000",-46.2%,"2,212,999,681",14,-12,-46.2%,"277,410",1,4,미국,미국,(주)제이앤씨미디어그룹
130,더 킹: 헨리 5세,2019-10-23,"67,000",0.0%,"-868,620",-92.8%,"153,178,160",14,-174,-92.6%,"20,140",3,8,네덜란드,네덜란드,판씨네마(주)
136,창궐,2018-10-25,"60,000",0.0%,"60,000",100.0%,"13,278,296,490",12,12,100.0%,"1,599,610",1,3,한국,한국,(주)넥스트엔터테인먼트월드(NEW)
136,교회오빠,2019-05-16,"120,000",0.0%,"50,000",71.4%,"898,046,710",12,5,71.4%,"112,866",1,1,한국,한국,커넥트픽쳐스(주)
138,존 윅 3: 파라벨룸,2019-06-26,"55,000",0.0%,"-25,000",-31.3%,"8,205,150,858",11,-5,-31.3%,"1,004,392",1,5,미국,미국,"(주)제이앤씨미디어그룹,TCO(주)더콘텐츠온"
139,"고흐, 영원의 문에서",2019-12-26,"76,480",0.0%,"18,480",31.9%,"316,162,730",9,3,50.0%,"38,816",1,3,미국,"미국,프랑스",(주)팝엔터테인먼트
140,너의 이름은.,2017-01-04,"40,000",0.0%,"-179,000",-81.7%,"29,902,424,256",8,-18,-69.2%,"3,715,828",1,2,일본,일본,메가박스중앙(주)플러스엠
140,카메라를 멈추면 안 돼!,2018-08-23,"40,000",0.0%,"40,000",100.0%,"184,842,266",8,8,100.0%,"20,795",1,1,일본,일본,"(주)디오시네마,(주)영화사 그램"
142,오렌지필름 기획전 – 이태안 리바이벌,,"72,000",0.0%,"-54,000",-42.9%,"198,000",7,-7,-50.0%,21,1,1,한국,한국,
143,기도하는 남자,2020-02-20,"38,000",0.0%,"-355,000",-90.3%,"13,444,920",6,-68,-91.9%,"1,616",1,5,한국,한국,(주)랠리버튼
143,피아니스트의 전설,2020-01-01,"50,500",0.0%,"-57,500",-53.2%,"349,619,562",6,-6,-50.0%,"41,833",1,2,이탈리아,이탈리아,(주)라이크콘텐츠
145,더 테러리스트,2020-02-26,"29,000",0.0%,"-116,920",-80.1%,"6,000,400",5,-15,-75.0%,738,1,1,기타,기타,(주)드림팩트엔터테인먼트
146,오만과 편견 그리고 좀비,2016-05-25,"20,000",0.0%,"20,000",100.0%,"76,866,300",4,4,100.0%,"9,721",1,2,미국,"미국,영국",(주)이수C&E
146,극장판 헬로카봇 : 달나라를 구해줘!,2019-09-04,"13,000",0.0%,"13,000",100.0%,"4,579,631,150",4,4,100.0%,"590,417",1,1,한국,한국,롯데컬처웍스(주)롯데엔터테인먼트
146,좀비랜드: 더블 탭,2019-11-13,"20,000",0.0%,"20,000",100.0%,"1,176,193,880",4,4,100.0%,"136,873",1,2,미국,미국,소니픽쳐스엔터테인먼트코리아주식회사극장배급지점
149,파바로티,2020-01-01,"26,000",0.0%,"-17,000",-39.5%,"379,623,658",3,-3,-50.0%,"47,717",1,1,영국,영국,오드
149,페인 앤 글로리,2020-02-05,"26,000",0.0%,"-121,000",-82.3%,"235,654,420",3,-16,-84.2%,"30,603",1,1,스페인,스페인,(주)제이앤씨미디어그룹
149,원더,2017-12-27,"15,000",0.0%,"-2,179,000",-99.3%,"2,030,964,189",3,-435,-99.3%,"266,983",1,2,미국,미국,"CGV아트하우스,그린나래미디어(주)"
149,아이 엠 어 히어로,2016-09-21,"15,000",0.0%,"15,000",100.0%,"1,808,090,400",3,3,100.0%,"212,823",1,1,일본,일본,(주)영화사 빅
153,마리오 보타 : 영혼을 위한 건축,2020-01-23,"18,000",0.0%,"-36,000",-66.7%,"14,659,720",2,-4,-66.7%,"1,888",1,1,스위스,스위스,하준사
153,하늘을 나는 타이어,,"18,000",0.0%,"-56,000",-75.7%,"158,000",2,-6,-75.0%,18,1,2,일본,일본,
153,윤희에게,2019-11-14,"16,000",0.0%,"-192,500",-92.3%,"968,700,309",2,-20,-90.9%,"121,534",1,3,한국,한국,(주)리틀빅픽쳐스
153,그을린 사랑,2011-07-21,"16,000",0.0%,"-16,000",-50.0%,"539,821,300",2,-2,-50.0%,"68,907",1,1,캐나다,캐나다,(주)티캐스트
153,성혜의 나라,2020-01-30,"10,000",0.0%,"-22,000",-68.8%,"14,611,980",2,-4,-66.7%,"1,813",1,1,한국,한국,아이 엠
158,와관사 대혈투,,"1,000",0.0%,"1,000",100.0%,"1,000",1,1,100.0%,1,1,1,중국,중국,
158,수호지: 용의 부활,,"1,000",0.0%,"1,000",100.0%,"1,000",1,1,100.0%,1,1,1,중국,중국,
158,얼티밋 배틀,,"1,000",0.0%,"1,000",100.0%,"1,000",1,1,100.0%,1,1,1,캐나다,캐나다,
158,화끈한 새엄마:뭐든지 해줄게,2020-03-18,"6,000",0.0%,"6,000",100.0%,"6,000",1,1,100.0%,1,1,1,일본,일본,(주)영진크리에이티브
158,란제리 입는 새엄마,2020-03-18,"6,000",0.0%,"6,000",100.0%,"6,000",1,1,100.0%,1,1,1,일본,일본,(주)영진크리에이티브
158,성인샵 알바생 : 직접 체험 해주는 그녀들,,"6,000",0.0%,"6,000",100.0%,"6,000",1,1,100.0%,1,1,1,한국,한국,
158,사랑해요 장모님 무삭제,2020-03-18,"6,000",0.0%,"6,000",100.0%,"6,000",1,1,100.0%,1,1,1,한국,한국,(주)영화사가을
158,바꿔 할래?,2020-03-16,"6,000",0.0%,"6,000",100.0%,"6,000",1,1,100.0%,1,1,1,한국,한국,(주)영화사가을
158,물오른 새엄마,2020-03-18,"6,000",0.0%,"6,000",100.0%,"6,000",1,1,100.0%,1,1,1,일본,일본,(주)영진크리에이티브
158,딸의 애인 3 - 무삭제판,2020-03-18,"1,000",0.0%,"1,000",100.0%,"1,000",1,1,100.0%,1,1,1,한국,한국,(주)컨텐츠 빌리지
158,새엄마:남편으론 부족해,2020-03-18,"6,000",0.0%,"6,000",100.0%,"6,000",1,1,100.0%,1,1,1,일본,일본,(주)영진크리에이티브
158,부끄러운 첫경험,2020-03-19,"6,000",0.0%,"6,000",100.0%,"6,000",1,1,100.0%,1,1,1,일본,일본,(주)플라이어
158,변태 함정에 걸린 슬림핏 청순녀,2020-03-19,"6,000",0.0%,"6,000",100.0%,"6,000",1,1,100.0%,1,1,1,일본,일본,(주)플라이어
158,궁합,,"1,000",0.0%,"1,000",100.0%,"1,000",1,1,100.0%,1,1,1,한국,한국,유한회사 영화사 반딧불
158,혼 : 공포의 시작,2020-02-13,"10,000",0.0%,"-7,000",-41.2%,"945,000",1,-6,-85.7%,131,1,1,한국,한국,(주)드림팩트엔터테인먼트
158,울지마 톤즈 2 : 슈크란 바바,2020-01-09,"9,000",0.0%,"-27,000",-75.0%,"152,771,940",1,-3,-75.0%,"20,590",1,1,한국,한국,(주)영화특별시에스엠씨
158,수상한동거-무삭제,2020-03-18,"5,000",0.0%,"5,000",100.0%,"5,000",1,1,100.0%,1,1,1,한국,한국,스마일컨텐츠
158,어린장모2,2020-03-16,"5,000",0.0%,"5,000",100.0%,"5,000",1,1,100.0%,1,1,1,한국,한국,스마일컨텐츠
158,레닌그라드 대공습,2020-03-17,"5,000",0.0%,"5,000",100.0%,"5,000",1,1,100.0%,1,1,1,러시아,러시아,(주)소나무픽쳐스
177,라 트라비아타,2019-06-02,0,0.0%,0,100.0%,0,0,0,100.0%,0,2,3,영국,영국,에스디시코리아 주식회사
합계,,,"2,587,797,260",,,,"955,964,421,450","325,891",,,"119,364,652","6,539","58,953",,,
,,,,,,,,,,,,,,,,
●11주차 (2020년 03월 09일 ~ 2020년 03월 15일),,,,,,,,,,,,,,,,
순위,영화명,개봉일,매출액,매출액,매출액증감,매출액증감율,누적매출액,관객수,관객수증감,관객수증감율,누적관객수,스크린수,상영횟수,대표국적,국적,배급사
,,,,점유율,(전주대비),(전주대비),,,(전주대비),(전주대비),,,,,,
1,인비저블맨,2020-02-26,"923,113,600",24.9%,"-487,490,360",-34.6%,"3,675,126,300","104,300","-55,764",-34.8%,"420,320",624,"11,243",미국,미국,유니버설픽쳐스인터내셔널 코리아(유)
2,1917,2020-02-19,"653,150,200",17.6%,"-351,212,180",-35.0%,"5,620,857,320","72,021","-34,757",-32.6%,"610,687",544,"8,841",미국,미국,(주)스마일이엔티
3,다크 워터스,2020-03-11,"543,817,260",14.7%,"543,064,260",72120.1%,"549,079,260","61,531","61,381",40920.7%,"62,182",575,"7,548",미국,미국,(주)이수C&E
4,지푸라기라도 잡고 싶은 짐승들,2020-02-19,"256,946,840",6.9%,"-279,080,050",-52.1%,"5,188,042,510","29,237","-31,629",-52.0%,"597,646",419,"5,512",한국,한국,메가박스중앙(주)플러스엠
5,작은 아씨들,2020-02-12,"190,244,240",5.1%,"-137,739,080",-42.0%,"7,042,449,270","22,151","-15,955",-41.9%,"835,161",333,"3,414",미국,미국,소니픽쳐스엔터테인먼트코리아주식회사극장배급지점
6,정직한 후보,2020-02-12,"163,504,720",4.4%,"-162,414,960",-49.8%,"12,607,404,250","21,871","-16,289",-42.7%,"1,498,969",343,"3,641",한국,한국,(주)넥스트엔터테인먼트월드(NEW)
7,스타 이즈 본,2018-10-09,"75,140,620",2.0%,"75,140,620",100.0%,"4,339,470,680","15,004","15,004",100.0%,"506,861",246,"1,487",미국,미국,워너브러더스 코리아(주)
8,어바웃 타임,2013-12-05,"56,880,000",1.5%,"2,144,500",3.9%,"25,193,691,800","11,169",290,2.7%,"3,429,612",127,"1,058",영국,영국,유니버설픽쳐스인터내셔널 코리아(유)
9,해리포터와 아즈카반의 죄수,2004-07-16,"75,020,000",2.0%,"-95,240,000",-55.9%,"11,444,961,500","8,268","-9,916",-54.5%,"1,832,133",43,690,미국,미국,워너브러더스 코리아(주)
10,더 보이 2: 돌아온 브람스,2020-03-05,"75,070,500",2.0%,"-57,977,000",-43.6%,"208,118,000","8,192","-6,589",-44.6%,"22,973",153,"1,487",미국,미국,(주)팝엔터테인먼트
11,울프 콜,2020-03-05,"63,928,660",1.7%,"-43,690,360",-40.6%,"180,853,680","7,854","-4,852",-38.2%,"21,768",295,"2,019",프랑스,프랑스,판씨네마(주)
12,비긴 어게인,2014-08-13,"37,665,500",1.0%,"990,000",2.7%,"27,289,540,681","7,466",186,2.6%,"3,460,444",134,"1,169",미국,미국,판씨네마(주)
13,메멘토,2001-08-24,"32,987,000",0.9%,"32,987,000",100.0%,"168,279,300","6,567","6,567",100.0%,"23,933",122,824,미국,미국,"(주)디스테이션,(주)팝엔터테인먼트"
14,찬실이는 복도 많지,2020-03-05,"57,716,400",1.6%,"-5,745,320",-9.1%,"133,695,120","6,559",-929,-12.4%,"15,583",214,"1,335",한국,한국,찬란
15,젠틀맨,2020-02-26,"55,941,200",1.5%,"-131,265,180",-70.1%,"632,931,670","6,390","-15,382",-70.7%,"77,695",234,"1,425",미국,미국,"(주)영화사 빅,(주)다날엔터테인먼트"
16,말할 수 없는 비밀,2008-01-10,"27,862,000",0.8%,"27,862,000",100.0%,"1,199,843,150","5,539","5,539",100.0%,"170,785",108,"1,202",대만,"대만,홍콩","(주)엔케이컨텐츠,(주)디스테이션,(주)스폰지이엔티"
17,싱 스트리트,2016-05-19,"23,998,000",0.6%,"-6,131,000",-20.3%,"4,560,465,772","4,769","-1,245",-20.7%,"573,980",121,700,아일랜드,"아일랜드,영국,미국",(주)이수C&E
18,그링고,2020-03-05,"23,877,000",0.6%,"5,589,500",30.6%,"42,164,500","4,550","1,411",45.0%,"7,689",36,164,미국,미국,(주)영화사 진진
19,시원찮은 그녀를 위한 육성방법 피날레,2020-02-27,"30,349,200",0.8%,"10,311,760",51.5%,"99,979,880","3,643","1,287",54.6%,"11,551",49,364,일본,일본,(주)애니플러스
20,캐롤,2016-02-04,"17,922,000",0.5%,"-7,675,500",-30.0%,"2,749,449,695","3,564","-1,547",-30.3%,"335,050",112,732,미국,"미국,영국",CGV아트하우스
21,걸즈 앤 판처 최종장,2020-03-12,"34,045,500",0.9%,"34,045,500",100.0%,"34,045,500","3,518","3,518",100.0%,"3,518",11,229,일본,일본,(주)디스테이션
22,슬럼독 밀리어네어,2009-03-19,"27,443,500",0.7%,"27,443,500",100.0%,"7,372,084,000","3,188","3,188",100.0%,"1,110,087",129,"1,030",영국,"영국,미국","(주)영화특별시에스엠씨,CJ ENM"
23,살인의 추억,2003-04-25,"13,189,000",0.4%,"12,805,060",3335.2%,"69,618,037","2,620","2,561",4340.7%,"11,099",99,630,한국,한국,CJ ENM
24,레미제라블,2012-12-19,"10,784,000",0.3%,"10,784,000",100.0%,"43,113,924,000","2,143","2,143",100.0%,"5,924,776",120,416,미국,미국,유니버설픽쳐스인터내셔널 코리아(유)
25,신문기자,2019-10-17,"14,635,000",0.4%,"14,635,000",100.0%,"96,106,660","2,113","2,113",100.0%,"12,163",31,217,일본,일본,"(주)팝엔터테인먼트,주식회사 더쿱"
26,그랜드 부다페스트 호텔,2014-03-20,"10,291,480",0.3%,"10,291,480",100.0%,"6,410,909,262","2,049","2,049",100.0%,"819,454",62,359,미국,"미국,독일","(주)피터팬픽쳐스,이십세기폭스코리아(주)"
27,악몽,2020-03-12,"16,646,200",0.4%,"16,646,200",100.0%,"16,646,200","1,891","1,891",100.0%,"1,891",165,773,한국,한국,"(주)스톰픽쳐스코리아,와이드 릴리즈(주)"
28,용길이네 곱창집,2020-03-12,"15,672,780",0.4%,"15,672,780",100.0%,"15,672,780","1,869","1,869",100.0%,"1,869",93,445,일본,일본,(주)영화사 그램
29,나이브스 아웃,2019-12-04,"9,056,100",0.2%,"-3,684,000",-28.9%,"6,867,896,550","1,728",-249,-12.6%,"813,659",53,353,미국,미국,(주)올스타엔터테인먼트
30,리암 갤러거,2020-03-12,"14,510,000",0.4%,"9,850,000",211.4%,"20,090,000","1,462","1,112",317.7%,"1,996",54,262,영국,영국,(주)디스테이션
31,조커,2019-10-02,"13,128,500",0.4%,"13,121,500",187450.0%,"45,435,482,130","1,315","1,314",131400.0%,"5,254,546",17,145,미국,미국,워너브러더스 코리아(주)
32,기생충,2019-05-30,"12,596,020",0.3%,"-12,720,080",-50.2%,"87,269,734,195","1,259","-1,846",-59.5%,"10,289,114",41,282,한국,한국,(주)씨제이이엔엠
33,작가 미상,2020-02-20,"8,906,780",0.2%,"-7,966,180",-47.2%,"90,651,480","1,053","-1,047",-49.9%,"11,621",23,132,독일,독일,(주)영화사 진진
33,조조 래빗,2020-02-05,"9,742,720",0.3%,"-19,904,360",-67.1%,"944,098,100","1,053","-2,317",-68.8%,"109,834",40,174,미국,미국,월트디즈니컴퍼니코리아 유한책임회사
35,타오르는 여인의 초상,2020-01-16,"8,931,640",0.2%,"-15,275,260",-63.1%,"1,228,937,248","1,024","-1,542",-60.1%,"145,944",23,143,프랑스,프랑스,"그린나래미디어(주),(주)홈초이스"
36,그녀,2014-05-22,"3,770,120",0.1%,"3,760,120",37601.2%,"3,000,536,744",752,750,37500.0%,"368,139",34,194,미국,미국,"주식회사 더쿱,유니버설픽쳐스인터내셔널 코리아(유)"
37,포드 V 페라리,2019-12-04,"7,270,500",0.2%,"1,690,500",30.3%,"12,028,192,180",741,111,17.6%,"1,366,755",8,73,미국,미국,월트디즈니컴퍼니코리아 유한책임회사
38,어거스트 러쉬,2007-11-29,"3,589,000",0.1%,"3,589,000",100.0%,"14,356,487,000",717,717,100.0%,"2,229,269",60,224,미국,미국,"(주)영화사 그램,CJ ENM"
39,맘마미아!,2008-09-03,"3,524,000",0.1%,"3,524,000",100.0%,"29,694,427,850",701,701,100.0%,"4,579,215",70,246,미국,미국,유니버설픽쳐스인터내셔널 코리아(유)
40,아이리시맨,2019-11-20,"3,019,820",0.1%,"-496,060",-14.1%,"319,972,040",602,-105,-14.9%,"38,494",37,155,미국,미국,판씨네마(주)
41,그린 북,2019-01-09,"2,715,000",0.1%,"-2,755,000",-50.4%,"3,687,217,860",542,-537,-49.8%,"441,463",70,206,미국,미국,CGV아트하우스
42,실버라이닝 플레이북,2013-02-14,"2,702,000",0.1%,"-1,831,000",-40.4%,"963,963,500",538,-365,-40.4%,"129,535",67,203,미국,미국,(주)나이너스엔터테인먼트
43,겟 아웃,2017-05-17,"2,659,540",0.1%,"2,659,540",100.0%,"17,437,572,815",526,526,100.0%,"2,139,050",40,189,미국,미국,유니버설픽쳐스인터내셔널 코리아(유)
44,엠마,2020-02-27,"3,963,000",0.1%,"-8,691,000",-68.7%,"33,426,500",494,"-1,314",-72.7%,"4,919",15,88,영국,영국,유니버설픽쳐스인터내셔널 코리아(유)
45,원스 어폰 어 타임... 인 할리우드,2019-09-25,"2,418,400",0.1%,"184,060",8.2%,"2,295,197,910",477,35,7.9%,"280,976",33,149,미국,미국,소니픽쳐스엔터테인먼트코리아주식회사극장배급지점
46,결혼 이야기,2019-11-27,"2,193,580",0.1%,"-419,860",-16.1%,"197,006,580",454,-77,-14.5%,"24,321",27,131,영국,영국,판씨네마(주)
47,원더,2017-12-27,"2,194,000",0.1%,"-1,363,000",-38.3%,"2,030,949,189",438,-271,-38.2%,"266,980",63,172,미국,미국,"CGV아트하우스,그린나래미디어(주)"
48,더 울프 오브 월스트리트,2014-01-09,"2,038,480",0.1%,"2,038,480",100.0%,"4,497,177,980",408,408,100.0%,"586,413",14,71,미국,미국,주식회사 우리네트웍스
48,로마,2018-12-12,"2,016,960",0.1%,"-559,540",-21.7%,"358,755,096",408,-115,-22.0%,"44,119",30,124,멕시코,멕시코,판씨네마(주)
50,수퍼 소닉,2020-02-12,"2,994,720",0.1%,"-6,936,380",-69.8%,"920,980,990",396,-877,-68.9%,"117,340",14,82,미국,미국,롯데컬처웍스(주)롯데엔터테인먼트
51,샤인,1997-01-25,"3,156,860",0.1%,"-3,383,500",-51.7%,"150,068,940",392,-387,-49.7%,"19,412",14,93,호주,호주,"(주)비싸이드 픽쳐스,필립 스튜디오,(주)라이크콘텐츠"
52,아이 필 프리티,2018-06-06,"1,682,000",0.0%,"-897,000",-34.8%,"2,132,579,300",336,-176,-34.4%,"241,281",48,143,미국,미국,(주)홈초이스
53,클로젯,2020-02-05,"2,460,320",0.1%,"-13,511,260",-84.6%,"10,944,563,280",309,"-1,575",-83.6%,"1,267,969",31,93,한국,한국,(주)씨제이이엔엠
54,스포트라이트,2016-02-24,"1,420,120",0.0%,"1,420,120",100.0%,"2,412,328,875",285,285,100.0%,"301,443",22,100,미국,미국,(주)팝엔터테인먼트
55,히트맨,2020-01-22,"2,276,500",0.1%,"100,800",4.6%,"20,610,443,500",265,8,3.1%,"2,405,841",6,41,한국,한국,롯데컬처웍스(주)롯데엔터테인먼트
56,레토,2019-01-03,"3,044,000",0.1%,"3,044,000",100.0%,"191,086,072",255,255,100.0%,"21,789",1,3,러시아,"러시아,프랑스","(주)엣나인필름,플레이리스트(주)"
57,리틀 포레스트,2018-02-28,"1,260,000",0.0%,"-725,000",-36.5%,"11,937,494,185",252,-145,-36.5%,"1,507,560",37,126,한국,한국,메가박스중앙(주)플러스엠
58,문라이트,2017-02-22,"1,171,340",0.0%,"1,171,340",100.0%,"1,416,092,935",246,246,100.0%,"179,095",18,85,미국,미국,CGV아트하우스
59,극장판 미니특공대: 공룡왕 디노,2020-02-06,"1,818,820",0.0%,"-155,340",-7.9%,"614,811,060",237,-39,-14.1%,"78,958",11,74,한국,한국,(주)리틀빅픽쳐스
60,"하이, 젝시",2020-02-19,"1,521,500",0.0%,"-10,786,500",-87.6%,"227,491,000",234,"-1,729",-88.1%,"29,442",19,53,미국,미국,(주)홈초이스
61,두 교황,2019-12-11,"1,138,920",0.0%,"-325,220",-22.2%,"245,169,020",227,-73,-24.3%,"31,891",23,77,미국,"미국,영국,이탈리아,아르헨티나",판씨네마(주)
62,빈폴,2020-02-27,"1,645,260",0.0%,"-4,605,820",-73.7%,"23,578,320",221,-535,-70.8%,"2,663",11,65,러시아,러시아,(주)팝엔터테인먼트
63,겨울왕국 2,2019-11-21,"1,328,000",0.0%,"-4,695,140",-78.0%,"114,808,846,450",208,-758,-78.5%,"13,747,615",20,59,미국,미국,월트디즈니컴퍼니코리아 유한책임회사
64,버즈 오브 프레이(할리 퀸의 황홀한 해방),2020-02-05,"1,761,260",0.0%,"-3,020,400",-63.2%,"3,557,221,370",196,-344,-63.7%,"401,897",10,48,미국,미국,워너브러더스 코리아(주)
65,더 킹: 헨리 5세,2019-10-23,"935,620",0.0%,"-701,100",-42.8%,"153,111,160",188,-140,-42.7%,"20,126",24,77,네덜란드,네덜란드,판씨네마(주)
66,막내 처제 2,2020-03-12,"933,000",0.0%,"933,000",100.0%,"933,000",169,169,100.0%,169,20,20,한국,한국,(주)컨텐츠 빌리지
67,세인트 아가타,2020-03-19,"1,232,000",0.0%,"1,232,000",100.0%,"1,232,000",154,154,100.0%,154,1,1,미국,미국,(주)디스테이션
68,기억의 전쟁,2020-02-27,"1,366,840",0.0%,"-321,120",-19.0%,"11,146,740",152,-47,-23.6%,"1,304",11,48,한국,한국,(주)시네마달
69,날씨의 아이,2019-10-30,"1,172,960",0.0%,"293,020",33.3%,"5,446,743,270",149,39,35.5%,"659,669",3,16,일본,일본,"(주)미디어캐슬,워터홀컴퍼니(주)"
70,검찰측의 죄인,,"1,361,000",0.0%,"274,000",25.2%,"2,448,000",143,28,24.3%,258,2,4,일본,일본,
71,숀더쉽 더 무비: 꼬마 외계인 룰라!,2020-02-19,"1,074,320",0.0%,"-1,486,640",-58.1%,"86,337,340",141,-197,-58.3%,"11,208",7,35,영국,영국,TCO(주)더콘텐츠온
72,페임,2009-09-24,"1,206,000",0.0%,"1,206,000",100.0%,"4,652,496,000",134,134,100.0%,"634,234",1,1,미국,미국,"(주)다자인소프트,롯데쇼핑㈜롯데엔터테인먼트"
73,하이큐!! 땅 VS 하늘,2020-01-23,"971,160",0.0%,"-4,288,700",-81.5%,"189,951,700",127,-568,-81.7%,"23,613",8,24,일본,일본,"(주)드림팩트엔터테인먼트,(주)삼백상회"
74,인셉션,2010-07-21,"1,081,000",0.0%,"65,000",6.4%,"44,383,111,700",121,9,8.0%,"5,942,910",2,12,미국,미국,"(주)디스테이션,워너브러더스 코리아(주)"
75,투란도트,2020-02-08,"2,651,500",0.1%,"351,000",15.3%,"20,761,000",101,15,17.4%,794,5,9,미국,미국,(주) 인스터 글로벌
76,파라다이스 힐스,2020-03-19,"999,500",0.0%,"999,500",100.0%,"999,500",95,95,100.0%,95,1,2,스페인,스페인,(주)올스타엔터테인먼트
77,델리리움,2019-12-09,"530,000",0.0%,"530,000",100.0%,"2,745,000",86,86,100.0%,"1,527",1,1,미국,미국,(주)영화사 안다미로
78,기도하는 남자,2020-02-20,"393,000",0.0%,"125,500",46.9%,"13,406,920",74,34,85.0%,"1,610",5,10,한국,한국,(주)랠리버튼
79,벌새,2019-08-29,"699,000",0.0%,"-162,000",-18.8%,"1,186,656,074",66,-13,-16.5%,"145,940",3,10,한국,한국,"(주)엣나인필름,(주)콘텐츠판다"
79,하트,2020-02-27,"536,000",0.0%,"-330,500",-38.1%,"5,227,000",66,-44,-40.0%,681,4,21,한국,한국,필름다빈
81,남산의 부장들,2020-01-22,"500,300",0.0%,"-2,910,480",-85.3%,"41,223,370,650",63,-361,-85.1%,"4,750,078",9,28,한국,한국,(주)쇼박스
82,오르페오와 에우리디체,2015-02-07,"999,000",0.0%,"462,500",86.2%,"21,382,000",59,25,73.5%,"1,037",4,9,독일,독일,(주)케빈앤컴퍼니
83,세비야의 이발사,2020-03-03,"1,665,000",0.0%,"90,000",5.7%,"3,240,000",54,9,20.0%,99,7,12,이탈리아,이탈리아,일미디어
84,메기,2019-09-26,"627,000",0.0%,"601,000",2311.5%,"329,851,828",53,50,1666.7%,"39,079",1,4,한국,한국,"(주)엣나인필름,CGV아트하우스"
85,극장판 원피스 스탬피드,2020-02-13,"538,500",0.0%,"271,040",101.3%,"189,578,960",51,21,70.0%,"22,375",1,3,일본,일본,(주)스마일이엔티
85,사자자리,,"331,000",0.0%,"307,000",1279.2%,"818,000",51,48,1600.0%,127,1,1,프랑스,프랑스,
87,이 멋진 세계에 축복을! 붉은 전설,2020-02-06,"413,980",0.0%,"-101,020",-19.6%,"157,549,160",46,-13,-22.0%,"18,082",2,13,일본,일본,(주)애니플러스
88,"집에 돌아오면, 언제나 아내가 죽은 척을 하고있다",2020-02-20,"354,080",0.0%,"-688,340",-66.0%,"20,221,100",43,-80,-65.0%,"2,411",5,18,일본,일본,(주)영화사 그램
89,혁명을 기념하며,,"277,000",0.0%,"229,000",477.1%,"325,000",42,36,600.0%,48,1,1,러시아,러시아,
90,카잔자키스,2020-01-30,"344,880",0.0%,"25,540",8.0%,"27,394,180",37,3,8.8%,"3,548",2,11,기타,기타,(주)마노엔터테인먼트
90,틱시 지구,,"244,000",0.0%,"228,000",1425.0%,"593,000",37,35,1750.0%,89,1,1,중국,중국,
92,철서구 2부: 폐허,,"231,000",0.0%,"215,000",1343.8%,"538,000",36,34,1700.0%,82,1,1,중국,"중국,네덜란드",
92,바닷마을 다이어리,2015-12-17,"327,000",0.0%,"327,000",100.0%,"845,329,384",36,36,100.0%,"103,295",1,2,일본,일본,(주)티캐스트
94,진짜로 일어날지도 몰라 기적,2011-12-22,"274,000",0.0%,"274,000",100.0%,"339,844,400",34,34,100.0%,"43,790",1,2,일본,일본,"(주)스튜디오 보난자,(주)미로비젼"
95,문신을 한 신부님,2020-02-13,"288,000",0.0%,"-990,360",-77.5%,"60,247,820",33,-119,-78.3%,"7,400",3,8,폴란드,"폴란드,프랑스",알토미디어(주)
96,철서구 3부 : 철로,,"196,000",0.0%,"180,000",1125.0%,"499,000",31,29,1450.0%,77,1,1,중국,중국,
97,여자 안의 타인,,"184,000",0.0%,"144,000",360.0%,"644,000",30,25,500.0%,97,1,1,일본,일본,
97,환상의 빛,2016-07-07,"234,000",0.0%,"234,000",100.0%,"156,319,500",30,30,100.0%,"19,645",1,2,일본,일본,주식회사 씨네룩스
99,머나먼 향해,,"176,000",0.0%,"53,000",43.1%,"698,000",28,9,47.4%,115,1,1,미국,미국,
100,러브레터,1999-11-20,"228,000",0.0%,"72,000",46.2%,"862,665,734",26,8,44.4%,"111,172",1,2,일본,일본,"와이드 릴리즈(주),(주)제이앤씨미디어그룹,(유)조이앤시네마,(주)팝엔터테인먼트"
100,존 윅 - 리로드,2017-02-22,"130,000",0.0%,"130,000",100.0%,"2,212,929,681",26,26,100.0%,"277,396",2,6,미국,미국,(주)제이앤씨미디어그룹
102,A.K: 구로사와 아키라의 초상,,"157,000",0.0%,"149,000",1862.5%,"430,000",24,23,2300.0%,65,1,1,프랑스,"프랑스,일본",
102,사람들,,"164,000",0.0%,"-87,000",-34.7%,"415,000",24,-13,-35.1%,61,1,1,서독,서독,
104,윤희에게,2019-11-14,"208,500",0.0%,"172,500",479.2%,"968,684,309",22,18,450.0%,"121,532",2,5,한국,한국,(주)리틀빅픽쳐스
105,사마에게,2020-01-23,"207,760",0.0%,"-340,420",-62.1%,"133,949,472",21,-35,-62.5%,"16,628",2,7,영국,영국,(주)엣나인필름
105,걸어도 걸어도,2009-06-18,"161,000",0.0%,"161,000",100.0%,"257,673,800",21,21,100.0%,"34,790",1,2,일본,일본,(주)영화사 진진
105,존 윅,2015-01-21,"105,000",0.0%,"105,000",100.0%,"936,106,218",21,21,100.0%,"117,499",2,7,미국,미국,"(주)제이앤씨미디어그룹,(주)나이너스엔터테인먼트"
108,동네 오빠들,2020-03-12,"109,000",0.0%,"109,000",100.0%,"109,000",20,20,100.0%,20,20,20,한국,한국,주식회사 플릭스코
108,더 테러리스트,2020-02-26,"145,920",0.0%,"-1,141,520",-88.7%,"5,971,400",20,-155,-88.6%,733,2,7,기타,기타,(주)드림팩트엔터테인먼트
108,형수 : 금지된 사랑,2020-03-11,"105,000",0.0%,"105,000",100.0%,"105,000",20,20,100.0%,20,20,20,한국,한국,(주)영화사가을
108,우리 스와핑 할까?,2020-03-09,"105,000",0.0%,"105,000",100.0%,"105,000",20,20,100.0%,20,20,20,한국,한국,(주)영화사가을
112,페인 앤 글로리,2020-02-05,"147,000",0.0%,"-1,762,500",-92.3%,"235,628,420",19,-199,-91.3%,"30,600",1,4,스페인,스페인,(주)제이앤씨미디어그룹
112,불꽃+스콜피오 라이징,,"120,000",0.0%,"-495,000",-80.5%,"735,000",19,-67,-77.9%,105,1,1,미국,미국,
114,칼리가리 박사의 밀실,,"130,000",0.0%,"114,000",712.5%,"869,000",18,16,800.0%,118,1,1,독일,독일,
114,일일시호일,2019-01-17,"122,000",0.0%,"122,000",100.0%,"332,767,019",18,18,100.0%,"42,112",1,1,일본,일본,(주)영화사 진진
116,캔디맨,1993-07-10,"114,000",0.0%,"114,000",100.0%,"324,000",17,17,100.0%,48,1,1,미국,미국,
117,장마,2020-02-27,"23,000",0.0%,"-885,000",-97.5%,"12,070,000",16,-123,-88.5%,"1,945",5,16,한국,한국,영화사 무명
117,존 윅 3: 파라벨룸,2019-06-26,"80,000",0.0%,"80,000",100.0%,"8,205,095,858",16,16,100.0%,"1,004,381",2,5,미국,미국,"(주)제이앤씨미디어그룹,TCO(주)더콘텐츠온"
119,졸업,1971-06-19,"115,000",0.0%,"-181,000",-61.1%,"42,065,200",14,-23,-62.2%,"5,698",1,6,미국,미국,시네마 뉴원
119,에릭 클랩튼: 기타의 신,2020-01-23,"127,920",0.0%,"61,000",91.2%,"49,716,462",14,6,75.0%,"6,405",1,4,영국,영국,(주)영화사 진진
119,그렇게 아버지가 된다,2013-12-19,"120,000",0.0%,"120,000",100.0%,"967,130,062",14,14,100.0%,"127,081",1,2,일본,일본,(주)티캐스트콘텐츠허브
122,그날 밤의 아내,,"76,000",0.0%,"52,000",216.7%,"313,000",12,9,300.0%,49,1,1,일본,일본,
122,피아니스트의 전설,2020-01-01,"108,000",0.0%,"-8,960",-7.7%,"349,569,062",12,-3,-20.0%,"41,827",1,5,이탈리아,이탈리아,(주)라이크콘텐츠
122,학생 로망스,,"74,000",0.0%,"66,000",825.0%,"253,000",12,11,1100.0%,42,1,1,일본,일본,
125,하늘을 나는 타이어,,"74,000",0.0%,"8,000",12.1%,"140,000",8,0,0.0%,16,1,2,일본,일본,
126,교회오빠,2019-05-16,"70,000",0.0%,"50,000",250.0%,"897,926,710",7,5,250.0%,"112,854",1,1,한국,한국,커넥트픽쳐스(주)
127,파바로티,2020-01-01,"43,000",0.0%,"-97,000",-69.3%,"379,597,658",6,-11,-64.7%,"47,714",1,3,영국,영국,오드
127,"고흐, 영원의 문에서",2019-12-26,"58,000",0.0%,"36,000",163.6%,"316,086,250",6,2,50.0%,"38,807",1,4,미국,"미국,프랑스",(주)팝엔터테인먼트
127,성혜의 나라,2020-01-30,"32,000",0.0%,"-77,000",-70.6%,"14,601,980",6,-7,-53.8%,"1,811",1,3,한국,한국,아이 엠
127,마리오 보타 : 영혼을 위한 건축,2020-01-23,"54,000",0.0%,"3,080",6.0%,"14,641,720",6,-2,-25.0%,"1,886",1,1,스위스,스위스,하준사
131,그을린 사랑,2011-07-21,"32,000",0.0%,"-8,000",-20.0%,"539,805,300",4,-1,-20.0%,"68,905",1,1,캐나다,캐나다,(주)티캐스트
131,울지마 톤즈 2 : 슈크란 바바,2020-01-09,"36,000",0.0%,"-29,000",-44.6%,"152,762,940",4,-3,-42.9%,"20,589",1,4,한국,한국,(주)영화특별시에스엠씨
133,파리로 가는 길,2017-08-03,"20,000",0.0%,"20,000",100.0%,"937,964,800",2,2,100.0%,"119,858",1,1,미국,미국,(주)티캐스트
134,스콜피온: 대테러 진압 작전,2020-03-09,"5,000",0.0%,"5,000",100.0%,"5,000",1,1,100.0%,1,1,1,우즈베키스탄,우즈베키스탄,(주)소나무픽쳐스
134,다 해주는 태국 여비서,,"6,000",0.0%,"6,000",100.0%,"6,000",1,1,100.0%,1,1,1,한국,한국,
134,올머스트다이,2020-03-12,"1,000",0.0%,"1,000",100.0%,"1,000",1,1,100.0%,1,1,1,기타,기타,(주)컴퍼니엘
134,옆집누나의맛-무삭제,2020-03-12,"5,000",0.0%,"5,000",100.0%,"5,000",1,1,100.0%,1,1,1,한국,한국,에이원 미디어
134,교만한 노예: 옆집 여자의 비밀 알바,,"6,000",0.0%,"6,000",100.0%,"6,000",1,1,100.0%,1,1,1,일본,일본,
134,잘 주는 유부녀들,2020-03-11,"6,000",0.0%,"6,000",100.0%,"6,000",1,1,100.0%,1,1,1,일본,일본,(주)영진크리에이티브
134,불륜의 노예로 살다,2020-03-12,"1,000",0.0%,"1,000",100.0%,"1,000",1,1,100.0%,1,1,1,일본,일본,(주)케이알씨지
134,발랑까진 사모님,2020-03-10,"2,000",0.0%,"2,000",100.0%,"2,000",1,1,100.0%,1,1,1,일본,일본,(주)플라이어
134,직장상사와 불륜,2020-03-11,"6,000",0.0%,"6,000",100.0%,"6,000",1,1,100.0%,1,1,1,일본,일본,(주)영진크리에이티브
134,범해진 신부,2020-03-11,"6,000",0.0%,"6,000",100.0%,"6,000",1,1,100.0%,1,1,1,일본,일본,(주)영진크리에이티브
134,막내 처제 - 무삭제판,2020-03-11,"1,000",0.0%,"1,000",100.0%,"1,000",1,1,100.0%,1,1,1,한국,한국,(주)컨텐츠 빌리지
134,스와핑 : 완벽한 이웃 무삭제,2020-03-12,"6,000",0.0%,"6,000",100.0%,"6,000",1,1,100.0%,1,1,1,한국,한국,(주)영화사가을
146,라 트라비아타,2019-06-02,0,0.0%,0,100.0%,0,0,0,100.0%,0,1,2,영국,영국,에스디시코리아 주식회사
합계,,,"3,706,468,920",,,,"691,370,948,462","454,074",,,"86,689,002","6,902","64,402",,,
,,,,,,,,,,,,,,,,
●10주차 (2020년 03월 02일 ~ 2020년 03월 08일),,,,,,,,,,,,,,,,
순위,영화명,개봉일,매출액,매출액,매출액증감,매출액증감율,누적매출액,관객수,관객수증감,관객수증감율,누적관객수,스크린수,상영횟수,대표국적,국적,배급사
,,,,점유율,(전주대비),(전주대비),,,(전주대비),(전주대비),,,,,,
1,인비저블맨,2020-02-26,"1,410,603,960",29.8%,"69,195,220",5.2%,"2,752,012,700","160,064","4,108",2.6%,"316,020",720,"14,697",미국,미국,유니버설픽쳐스인터내셔널 코리아(유)
2,1917,2020-02-19,"1,004,362,380",21.2%,"-328,849,260",-24.7%,"4,967,707,120","106,778","-42,073",-28.3%,"538,666",599,"11,359",미국,미국,(주)스마일이엔티
3,지푸라기라도 잡고 싶은 짐승들,2020-02-19,"536,026,890",11.3%,"-612,146,440",-53.3%,"4,931,095,670","60,866","-76,024",-55.5%,"568,409",595,"10,540",한국,한국,메가박스중앙(주)플러스엠
4,정직한 후보,2020-02-12,"325,919,680",6.9%,"-381,265,510",-53.9%,"12,443,899,530","38,160","-49,267",-56.4%,"1,477,098",486,"6,986",한국,한국,(주)넥스트엔터테인먼트월드(NEW)
5,작은 아씨들,2020-02-12,"327,983,320",6.9%,"-196,676,940",-37.5%,"6,852,205,030","38,106","-26,933",-41.4%,"813,010",439,"5,809",미국,미국,소니픽쳐스엔터테인먼트코리아주식회사극장배급지점
6,젠틀맨,2020-02-26,"187,206,380",4.0%,"-176,542,710",-48.5%,"576,990,470","21,772","-24,857",-53.3%,"71,305",407,"4,891",미국,미국,"(주)영화사 빅,(주)다날엔터테인먼트"
7,해리포터와 아즈카반의 죄수,2004-07-16,"170,260,000",3.6%,"-101,840,500",-37.4%,"11,369,941,500","18,184","-12,320",-40.4%,"1,823,865",45,"1,322",미국,미국,워너브러더스 코리아(주)
8,더 보이 2: 돌아온 브람스,2020-03-05,"133,047,500",2.8%,"133,047,500",100.0%,"133,047,500","14,781","14,781",100.0%,"14,781",179,"1,935",미국,미국,(주)팝엔터테인먼트
9,울프 콜,2020-03-05,"107,619,020",2.3%,"102,159,020",1871.0%,"116,925,020","12,706","11,946",1571.8%,"13,914",336,"2,483",프랑스,프랑스,판씨네마(주)
10,어바웃 타임,2013-12-05,"54,735,500",1.2%,"54,735,500",100.0%,"25,136,811,800","10,879","10,879",100.0%,"3,418,443",138,908,영국,영국,유니버설픽쳐스인터내셔널 코리아(유)
11,찬실이는 복도 많지,2020-03-05,"63,461,720",1.3%,"62,459,720",6233.5%,"75,978,720","7,488","7,290",3681.8%,"9,024",241,"1,588",한국,한국,찬란
12,비긴 어게인,2014-08-13,"36,675,500",0.8%,"36,675,500",100.0%,"27,251,875,181","7,280","7,280",100.0%,"3,452,978",131,888,미국,미국,판씨네마(주)
13,싱 스트리트,2016-05-19,"30,129,000",0.6%,"30,129,000",100.0%,"4,536,467,772","6,014","6,014",100.0%,"569,211",129,748,아일랜드,"아일랜드,영국,미국",(주)이수C&E
14,캐롤,2016-02-04,"25,597,500",0.5%,"25,597,500",100.0%,"2,731,527,695","5,111","5,111",100.0%,"331,486",124,759,미국,"미국,영국",CGV아트하우스
15,조조 래빗,2020-02-05,"29,647,080",0.6%,"-28,411,880",-48.9%,"934,355,380","3,370","-3,681",-52.2%,"108,781",95,621,미국,미국,월트디즈니컴퍼니코리아 유한책임회사
16,그링고,2020-03-05,"18,287,500",0.4%,"18,287,500",100.0%,"18,287,500","3,139","3,139",100.0%,"3,139",45,247,미국,미국,(주)영화사 진진
17,기생충,2019-05-30,"25,316,100",0.5%,"-26,031,010",-50.7%,"87,257,138,175","3,105","-4,399",-58.6%,"10,287,855",101,728,한국,한국,(주)씨제이이엔엠
18,타오르는 여인의 초상,2020-01-16,"24,206,900",0.5%,"6,753,960",38.7%,"1,220,005,608","2,566",588,29.7%,"144,920",37,290,프랑스,프랑스,"그린나래미디어(주),(주)홈초이스"
19,시원찮은 그녀를 위한 육성방법 피날레,2020-02-27,"20,037,440",0.4%,"-21,217,800",-51.4%,"69,630,680","2,356","-2,438",-50.9%,"7,908",60,532,일본,일본,(주)애니플러스
20,작가 미상,2020-02-20,"16,872,960",0.4%,"-5,166,260",-23.4%,"81,744,700","2,100",-545,-20.6%,"10,568",38,244,독일,독일,(주)영화사 진진
21,나이브스 아웃,2019-12-04,"12,740,100",0.3%,"6,437,900",102.2%,"6,858,840,450","1,977","1,261",176.1%,"811,931",55,339,미국,미국,(주)올스타엔터테인먼트
22,"하이, 젝시",2020-02-19,"12,308,000",0.3%,"-26,251,000",-68.1%,"225,969,500","1,963","-3,564",-64.5%,"29,208",87,531,미국,미국,(주)홈초이스
23,클로젯,2020-02-05,"15,971,580",0.3%,"-81,089,400",-83.5%,"10,942,102,960","1,884","-10,699",-85.0%,"1,267,660",110,606,한국,한국,(주)씨제이이엔엠
24,엠마,2020-02-27,"12,654,000",0.3%,"-4,155,500",-24.7%,"29,463,500","1,808",-809,-30.9%,"4,425",17,198,영국,영국,유니버설픽쳐스인터내셔널 코리아(유)
25,수퍼 소닉,2020-02-12,"9,931,100",0.2%,"-7,959,680",-44.5%,"917,986,270","1,273","-1,042",-45.0%,"116,944",35,211,미국,미국,롯데컬처웍스(주)롯데엔터테인먼트
26,그린 북,2019-01-09,"5,470,000",0.1%,"5,325,000",3672.4%,"3,684,502,860","1,079","1,056",4591.3%,"440,921",90,341,미국,미국,CGV아트하우스
27,겨울왕국 2,2019-11-21,"6,023,140",0.1%,"-1,403,380",-18.9%,"114,807,518,450",966,-172,-15.1%,"13,747,407",25,163,미국,미국,월트디즈니컴퍼니코리아 유한책임회사
28,실버라이닝 플레이북,2013-02-14,"4,533,000",0.1%,"4,533,000",100.0%,"961,261,500",903,903,100.0%,"128,997",86,337,미국,미국,(주)나이너스엔터테인먼트
29,샤인,1997-01-25,"6,540,360",0.1%,"-4,129,160",-38.7%,"146,912,080",779,-334,-30.0%,"19,020",23,158,호주,호주,"(주)비싸이드 픽쳐스,필립 스튜디오,(주)라이크콘텐츠"
30,빈폴,2020-02-27,"6,251,080",0.1%,"-4,010,900",-39.1%,"21,933,060",756,-358,-32.1%,"2,442",29,165,러시아,러시아,(주)팝엔터테인먼트
31,원더,2017-12-27,"3,557,000",0.1%,"3,557,000",100.0%,"2,028,755,189",709,709,100.0%,"266,542",74,276,미국,미국,"CGV아트하우스,그린나래미디어(주)"
32,아이리시맨,2019-11-20,"3,515,880",0.1%,"3,460,880",6292.5%,"316,952,220",707,702,14040.0%,"37,892",39,142,미국,미국,판씨네마(주)
33,하이큐!! 땅 VS 하늘,2020-01-23,"5,259,860",0.1%,"-1,191,900",-18.5%,"188,980,540",695,-187,-21.2%,"23,486",13,80,일본,일본,"(주)드림팩트엔터테인먼트,(주)삼백상회"
34,포드 V 페라리,2019-12-04,"5,580,000",0.1%,"698,820",14.3%,"12,020,921,680",630,65,11.5%,"1,366,014",18,121,미국,미국,월트디즈니컴퍼니코리아 유한책임회사
35,버즈 오브 프레이(할리 퀸의 황홀한 해방),2020-02-05,"4,781,660",0.1%,"-6,135,720",-56.2%,"3,555,460,110",540,-749,-58.1%,"401,701",12,88,미국,미국,워너브러더스 코리아(주)
36,결혼 이야기,2019-11-27,"2,613,440",0.1%,"2,522,440",2771.9%,"194,813,000",531,520,4727.3%,"23,867",33,128,영국,영국,판씨네마(주)
37,로마,2018-12-12,"2,576,500",0.1%,"2,576,500",100.0%,"356,738,136",523,523,100.0%,"43,711",31,123,멕시코,멕시코,판씨네마(주)
38,아이 필 프리티,2018-06-06,"2,579,000",0.1%,"2,579,000",100.0%,"2,130,897,300",512,512,100.0%,"240,945",67,229,미국,미국,(주)홈초이스
39,워터 릴리스,2020-08-13,"4,572,000",0.1%,"2,389,000",109.4%,"6,755,000",492,245,99.2%,739,1,4,프랑스,프랑스,(주)영화특별시에스엠씨
40,원스 어폰 어 타임... 인 할리우드,2019-09-25,"2,234,340",0.0%,"1,843,340",471.4%,"2,292,779,510",442,374,550.0%,"280,499",30,116,미국,미국,소니픽쳐스엔터테인먼트코리아주식회사극장배급지점
41,걸후드,2020-11-12,"3,835,000",0.1%,"2,581,000",205.8%,"5,089,000",431,295,216.9%,567,1,4,프랑스,프랑스,(주)영화특별시에스엠씨
42,남산의 부장들,2020-01-22,"3,410,780",0.1%,"-9,420,000",-73.4%,"41,222,870,350",424,"-1,162",-73.3%,"4,750,015",29,142,한국,한국,(주)쇼박스
43,리틀 포레스트,2018-02-28,"1,985,000",0.0%,"1,985,000",100.0%,"11,936,234,185",397,397,100.0%,"1,507,308",47,174,한국,한국,메가박스중앙(주)플러스엠
44,톰보이,2020-05-14,"3,496,500",0.1%,"1,998,500",133.4%,"8,270,500",379,218,135.4%,946,1,3,프랑스,프랑스,(주)영화특별시에스엠씨
45,리암 갤러거,2020-03-12,"4,660,000",0.1%,"3,740,000",406.5%,"5,580,000",350,166,90.2%,534,2,3,영국,영국,(주)디스테이션
46,숀더쉽 더 무비: 꼬마 외계인 룰라!,2020-02-19,"2,560,960",0.1%,"-8,986,440",-77.8%,"85,263,020",338,"-1,187",-77.8%,"11,067",16,93,영국,영국,TCO(주)더콘텐츠온
47,더 킹: 헨리 5세,2019-10-23,"1,636,720",0.0%,"1,636,720",100.0%,"152,175,540",328,328,100.0%,"19,938",29,94,네덜란드,네덜란드,판씨네마(주)
48,두 교황,2019-12-11,"1,464,140",0.0%,"1,258,640",612.5%,"244,030,100",300,276,1150.0%,"31,664",24,91,미국,"미국,영국,이탈리아,아르헨티나",판씨네마(주)
49,극장판 미니특공대: 공룡왕 디노,2020-02-06,"1,974,160",0.0%,"-3,138,680",-61.4%,"612,992,240",276,-447,-61.8%,"78,721",11,88,한국,한국,(주)리틀빅픽쳐스
50,히트맨,2020-01-22,"2,175,700",0.0%,"52,320",2.5%,"20,608,167,000",257,-6,-2.3%,"2,405,576",7,46,한국,한국,롯데컬처웍스(주)롯데엔터테인먼트
51,페인 앤 글로리,2020-02-05,"1,909,500",0.0%,"-1,973,720",-50.8%,"235,481,420",218,-231,-51.4%,"30,581",10,51,스페인,스페인,(주)제이앤씨미디어그룹
52,기억의 전쟁,2020-02-27,"1,687,960",0.0%,"429,920",34.2%,"9,779,900",199,51,34.5%,"1,152",14,74,한국,한국,(주)시네마달
53,더 테러리스트,2020-02-26,"1,287,440",0.0%,"-864,600",-40.2%,"5,825,480",175,-111,-38.8%,713,12,50,기타,기타,(주)드림팩트엔터테인먼트
54,문신을 한 신부님,2020-02-13,"1,278,360",0.0%,"-1,948,420",-60.4%,"59,959,820",152,-257,-62.8%,"7,367",7,31,폴란드,"폴란드,프랑스",알토미디어(주)
55,장마,2020-02-27,"908,000",0.0%,"-10,231,000",-91.8%,"12,047,000",139,"-1,651",-92.2%,"1,929",1,13,한국,한국,영화사 무명
56,미스터 주: 사라진 VIP,2020-01-22,"625,000",0.0%,"-250,000",-28.6%,"5,063,600,660",125,-50,-28.6%,"602,615",5,25,한국,한국,"메가박스중앙(주)플러스엠,(주)리틀빅픽쳐스"
57,"집에 돌아오면, 언제나 아내가 죽은 척을 하고있다",2020-02-20,"1,042,420",0.0%,"-2,601,600",-71.4%,"19,867,020",123,-345,-73.7%,"2,368",9,37,일본,일본,(주)영화사 그램
58,검찰측의 죄인,,"1,087,000",0.0%,"1,087,000",100.0%,"1,087,000",115,115,100.0%,115,1,2,일본,일본,
59,인셉션,2010-07-21,"1,016,000",0.0%,"-968,300",-48.8%,"44,382,030,700",112,-118,-51.3%,"5,942,789",3,19,미국,미국,"(주)디스테이션,워너브러더스 코리아(주)"
60,날씨의 아이,2019-10-30,"879,940",0.0%,"-7,666,500",-89.7%,"5,445,570,310",110,-762,-87.4%,"659,520",2,9,일본,일본,"(주)미디어캐슬,워터홀컴퍼니(주)"
60,하트,2020-02-27,"866,500",0.0%,"-6,000",-0.7%,"4,691,000",110,-4,-3.5%,615,9,45,한국,한국,필름다빈
62,겨울왕국,2014-01-16,"923,000",0.0%,"55,500",6.4%,"82,519,732,080",103,5,5.1%,"10,302,881",1,1,미국,미국,소니픽쳐스릴리징월트디즈니스튜디오스코리아(주)
63,프란시스 하,2014-07-17,"1,018,000",0.0%,"1,018,000",100.0%,"574,659,570",102,102,100.0%,"73,348",1,2,미국,미국,그린나래미디어(주)
64,투란도트,2020-02-08,"2,300,500",0.0%,"-468,500",-16.9%,"18,109,500",86,-21,-19.6%,693,4,9,미국,미국,(주) 인스터 글로벌
65,엑시트,2019-07-31,"720,000",0.0%,"720,000",100.0%,"79,232,932,162",80,80,100.0%,"9,426,131",1,1,한국,한국,(주)씨제이이엔엠
66,벌새,2019-08-29,"861,000",0.0%,"322,000",59.7%,"1,185,957,074",79,23,41.1%,"145,874",3,7,한국,한국,"(주)엣나인필름,(주)콘텐츠판다"
67,음란한 모녀의 정사 무삭제판,2020-03-04,"300,000",0.0%,"300,000",100.0%,"300,000",60,60,100.0%,60,1,1,한국,한국,(주)담화
67,"베를린, 아이 러브 유",2019-12-04,"300,000",0.0%,"300,000",100.0%,"5,993,900",60,60,100.0%,"3,206",1,1,독일,독일,(주)영화사 안다미로
69,이 멋진 세계에 축복을! 붉은 전설,2020-02-06,"515,000",0.0%,"-1,742,160",-77.2%,"157,135,180",59,-215,-78.5%,"18,036",2,8,일본,일본,(주)애니플러스
70,사마에게,2020-01-23,"548,180",0.0%,"-358,140",-39.5%,"133,741,712",56,-47,-45.6%,"16,607",3,13,영국,영국,(주)엣나인필름
71,목공소에서 생긴 일,2020-03-06,"342,000",0.0%,"342,000",100.0%,"342,000",51,51,100.0%,51,20,20,한국,한국,(주)나우콘텐츠
72,백두산,2019-12-19,"250,000",0.0%,"250,000",100.0%,"69,816,146,300",50,50,100.0%,"8,251,747",1,1,한국,한국,"(주)씨제이이엔엠,(주)덱스터스튜디오"
72,컨트롤 그룹,2019-12-09,"350,000",0.0%,"350,000",100.0%,"3,015,000",50,50,100.0%,"1,581",1,1,미국,미국,(주)영화사 안다미로
74,세비야의 이발사,2020-03-03,"1,575,000",0.0%,"1,575,000",100.0%,"1,575,000",45,45,100.0%,45,5,8,이탈리아,이탈리아,일미디어
75,일 트로바토레,2020-01-12,"1,125,000",0.0%,"348,000",44.8%,"35,161,000",41,9,28.1%,"1,468",4,5,독일,독일,(주)케빈앤컴퍼니
76,기도하는 남자,2020-02-20,"267,500",0.0%,"-1,652,900",-86.1%,"13,013,920",40,-206,-83.7%,"1,536",3,15,한국,한국,(주)랠리버튼
77,졸업,1971-06-19,"296,000",0.0%,"-879,340",-74.8%,"41,950,200",37,-121,-76.6%,"5,684",2,8,미국,미국,시네마 뉴원
78,오르페오와 에우리디체,2015-02-07,"536,500",0.0%,"536,500",100.0%,"20,383,000",34,34,100.0%,978,4,6,독일,독일,(주)케빈앤컴퍼니
78,카잔자키스,2020-01-30,"319,340",0.0%,"-59,340",-15.7%,"27,049,300",34,-15,-30.6%,"3,511",1,9,기타,기타,(주)마노엔터테인먼트
80,극장판 원피스 스탬피드,2020-02-13,"267,460",0.0%,"-1,266,460",-82.6%,"189,040,460",30,-150,-83.3%,"22,324",2,9,일본,일본,(주)스마일이엔티
81,시호,2020-02-27,"191,000",0.0%,"-2,199,000",-92.0%,"2,581,000",27,-241,-89.9%,295,4,10,한국,한국,"주식회사 마운틴픽쳐스,주식회사 블루필름웍스"
82,엄마와 딸의 섹스다이어트,2020-03-05,"109,000",0.0%,"109,000",100.0%,"109,000",20,20,100.0%,20,20,20,한국,한국,(주)로드하우스
83,파바로티,2020-01-01,"140,000",0.0%,"51,000",57.3%,"379,554,658",17,5,41.7%,"47,708",1,4,영국,영국,오드
84,피아니스트의 전설,2020-01-01,"116,960",0.0%,"-150,720",-56.3%,"349,461,062",15,-15,-50.0%,"41,815",1,6,이탈리아,이탈리아,(주)라이크콘텐츠
85,오렌지필름 기획전 – 이태안 리바이벌,,"126,000",0.0%,"126,000",100.0%,"126,000",14,14,100.0%,14,1,1,한국,한국,
86,성혜의 나라,2020-01-30,"109,000",0.0%,"-6,000",-5.2%,"14,569,980",13,-2,-13.3%,"1,805",1,5,한국,한국,아이 엠
87,작은 빛,2020-01-23,"79,000",0.0%,"14,000",21.5%,"16,497,960",11,2,22.2%,"2,139",2,3,한국,한국,(주)시네마달
88,방황의 날들,2007-09-07,"30,000",0.0%,"3,000",11.1%,"10,448,500",10,1,11.1%,"2,227",1,2,한국,한국,위드시네마
89,겨울 이야기,,"54,000",0.0%,"54,000",100.0%,"6,687,000",8,8,100.0%,"1,020",1,2,프랑스,프랑스,
89,에릭 클랩튼: 기타의 신,2020-01-23,"66,920",0.0%,"-43,400",-39.3%,"49,588,542",8,-6,-42.9%,"6,391",1,5,영국,영국,(주)영화사 진진
89,하늘을 나는 타이어,,"66,000",0.0%,"66,000",100.0%,"66,000",8,8,100.0%,8,1,2,일본,일본,
92,울지마 톤즈 2 : 슈크란 바바,2020-01-09,"65,000",0.0%,"35,000",116.7%,"152,726,940",7,4,133.3%,"20,585",2,4,한국,한국,(주)영화특별시에스엠씨
93,그을린 사랑,2011-07-21,"40,000",0.0%,"16,000",66.7%,"539,773,300",5,2,66.7%,"68,901",1,1,캐나다,캐나다,(주)티캐스트
94,봄 이야기,,"20,000",0.0%,"-21,000",-51.2%,"5,166,000",4,-2,-33.3%,764,1,1,프랑스,프랑스,
94,윤희에게,2019-11-14,"36,000",0.0%,"-156,000",-81.3%,"968,475,809",4,-18,-81.8%,"121,510",1,2,한국,한국,(주)리틀빅픽쳐스
94,"고흐, 영원의 문에서",2019-12-26,"22,000",0.0%,"-46,000",-67.6%,"316,028,250",4,-4,-50.0%,"38,801",1,2,미국,"미국,프랑스",(주)팝엔터테인먼트
97,몽마르트 파파,2020-01-09,"15,000",0.0%,"-9,000",-37.5%,"51,241,800",3,-1,-25.0%,"6,976",1,1,한국,한국,(주)트리플픽쳐스
98,나이트 헌터,2020-01-29,"2,000",0.0%,"-16,000",-88.9%,"74,513,100",2,-16,-88.9%,"11,849",2,2,캐나다,캐나다,와이드 릴리즈(주)
98,그녀,2014-05-22,"10,000",0.0%,"10,000",100.0%,"2,996,766,624",2,2,100.0%,"367,387",1,2,미국,미국,"주식회사 더쿱,유니버설픽쳐스인터내셔널 코리아(유)"
98,교회오빠,2019-05-16,"20,000",0.0%,"-268,000",-93.1%,"897,856,710",2,-30,-93.8%,"112,847",1,1,한국,한국,커넥트픽쳐스(주)
98,주전장,2019-07-25,"15,000",0.0%,"15,000",100.0%,"309,791,090",2,2,100.0%,"40,028",1,1,미국,미국,(주)시네마달
102,착한 형수 4 무삭제,2020-03-03,"6,000",0.0%,"6,000",100.0%,"6,000",1,1,100.0%,1,1,1,한국,한국,(주)영화사가을
102,착한 엄마 3 무삭제,2020-03-03,"6,000",0.0%,"6,000",100.0%,"6,000",1,1,100.0%,1,1,1,한국,한국,(주)영화사가을
102,아들의 여자 무삭제,2020-03-04,"6,000",0.0%,"6,000",100.0%,"6,000",1,1,100.0%,1,1,1,한국,한국,(주)영화사가을
102,친구 이모,2020-03-04,"6,000",0.0%,"6,000",100.0%,"6,000",1,1,100.0%,1,1,1,한국,한국,(주)영화사가을
102,조커,2019-10-02,"7,000",0.0%,"-383,000",-98.2%,"45,422,353,630",1,-54,-98.2%,"5,253,231",1,1,미국,미국,워너브러더스 코리아(주)
102,무림3대고수전,2020-03-02,"5,000",0.0%,"5,000",100.0%,"5,000",1,1,100.0%,1,1,1,중국,중국,(주)소나무픽쳐스
102,밀회 : 동생 아내 무삭제,2020-03-06,"6,000",0.0%,"6,000",100.0%,"6,000",1,1,100.0%,1,1,1,한국,한국,(주)영화사가을
102,친구엄마 : 내 여자가 되던 날 2 무삭제,2020-03-06,"6,000",0.0%,"6,000",100.0%,"6,000",1,1,100.0%,1,1,1,한국,한국,(주)영화사가을
102,매일 찾아오는 사채업자,2020-03-02,"6,000",0.0%,"6,000",100.0%,"6,000",1,1,100.0%,1,1,1,일본,일본,(주)도키엔터테인먼트
102,아내의 알바는 비밀마사지,2020-03-02,"6,000",0.0%,"6,000",100.0%,"6,000",1,1,100.0%,1,1,1,일본,일본,(주)도키엔터테인먼트
102,목표는 어린 거유숙모,2020-03-02,"6,000",0.0%,"6,000",100.0%,"6,000",1,1,100.0%,1,1,1,일본,일본,(주)도키엔터테인먼트
102,내 친구와 결혼한 하타노 유이,2020-03-02,"6,000",0.0%,"6,000",100.0%,"6,000",1,1,100.0%,1,1,1,일본,일본,(주)도키엔터테인먼트
102,새엄마와 막장드라마,2020-03-02,"6,000",0.0%,"6,000",100.0%,"6,000",1,1,100.0%,1,1,1,일본,일본,(주)도키엔터테인먼트
102,초거유 친구엄마는 사춘기,2020-03-02,"6,000",0.0%,"6,000",100.0%,"6,000",1,1,100.0%,1,1,1,일본,일본,(주)도키엔터테인먼트
102,엄마친구와 만취한 밤,2020-03-02,"6,000",0.0%,"6,000",100.0%,"6,000",1,1,100.0%,1,1,1,일본,일본,(주)도키엔터테인먼트
102,진짜 예쁜 처형과 목욕을,2020-03-02,"6,000",0.0%,"6,000",100.0%,"6,000",1,1,100.0%,1,1,1,일본,일본,(주)도키엔터테인먼트
102,포르노 스캔들,2020-03-02,"5,000",0.0%,"5,000",100.0%,"5,000",1,1,100.0%,1,1,1,미국,미국,(주)소나무픽쳐스
102,아내의 친구: 젖꼭지 전문 에스테 살롱,,"6,000",0.0%,"6,000",100.0%,"6,000",1,1,100.0%,1,1,1,일본,일본,
102,에일리언 우주전쟁,2020-03-02,"5,000",0.0%,"5,000",100.0%,"5,000",1,1,100.0%,1,1,1,미국,미국,(주)박수엔터테인먼트
102,음란부인의 대실금,2020-03-02,"6,000",0.0%,"6,000",100.0%,"6,000",1,1,100.0%,1,1,1,일본,일본,(주)도키엔터테인먼트
102,꽃미모 며느리와 동거,2020-03-02,"6,000",0.0%,"6,000",100.0%,"6,000",1,1,100.0%,1,1,1,일본,일본,(주)도키엔터테인먼트
102,오르가즘의 황금손 카미조선생,2020-03-02,"6,000",0.0%,"6,000",100.0%,"6,000",1,1,100.0%,1,1,1,일본,일본,(주)도키엔터테인먼트
102,스트레칭 정사-손이 어디까지,2020-03-02,"6,000",0.0%,"6,000",100.0%,"6,000",1,1,100.0%,1,1,1,일본,일본,(주)도키엔터테인먼트
102,각성한 며느리와 시아버지,2020-03-02,"6,000",0.0%,"6,000",100.0%,"6,000",1,1,100.0%,1,1,1,일본,일본,(주)도키엔터테인먼트
102,부장님의 부인이 너무 이뻐서,2020-03-02,"6,000",0.0%,"6,000",100.0%,"6,000",1,1,100.0%,1,1,1,일본,일본,(주)도키엔터테인먼트
102,초육식계 여상사의 압박,2020-03-02,"6,000",0.0%,"6,000",100.0%,"6,000",1,1,100.0%,1,1,1,일본,일본,(주)도키엔터테인먼트
102,야하게 진찰하는 간호사,2020-03-02,"6,000",0.0%,"6,000",100.0%,"6,000",1,1,100.0%,1,1,1,일본,일본,(주)도키엔터테인먼트
102,색스러운 장모님,2020-03-02,"6,000",0.0%,"6,000",100.0%,"6,000",1,1,100.0%,1,1,1,일본,일본,(주)도키엔터테인먼트
102,친구엄마의 꼬임,2020-03-02,"6,000",0.0%,"6,000",100.0%,"6,000",1,1,100.0%,1,1,1,일본,일본,(주)도키엔터테인먼트
102,초거유 새엄마가 등장!,2020-03-02,"6,000",0.0%,"6,000",100.0%,"6,000",1,1,100.0%,1,1,1,일본,일본,(주)도키엔터테인먼트
102,새엄마는 풍속녀,2020-03-02,"6,000",0.0%,"6,000",100.0%,"6,000",1,1,100.0%,1,1,1,일본,일본,(주)도키엔터테인먼트
102,며느리 사랑은 시아버지,2020-03-02,"6,000",0.0%,"6,000",100.0%,"6,000",1,1,100.0%,1,1,1,일본,일본,(주)도키엔터테인먼트
102,간보는 음란숙모,2020-03-02,"6,000",0.0%,"6,000",100.0%,"6,000",1,1,100.0%,1,1,1,일본,일본,(주)도키엔터테인먼트
102,새엄마는 안마에이스,2020-03-02,"6,000",0.0%,"6,000",100.0%,"6,000",1,1,100.0%,1,1,1,일본,일본,(주)도키엔터테인먼트
102,친구엄마는 동정킬러,2020-03-02,"6,000",0.0%,"6,000",100.0%,"6,000",1,1,100.0%,1,1,1,일본,일본,(주)도키엔터테인먼트
102,미안해 사랑이라 불러서,2020-02-20,"1,000",0.0%,"-2,000",-66.7%,"14,000",1,-2,-66.7%,11,1,1,스페인,스페인,주식회사 마운틴픽쳐스
102,프론테라스,2020-03-05,"1,000",0.0%,"1,000",100.0%,"1,000",1,1,100.0%,1,1,1,미국,미국,(주)무브먼트 픽쳐스
102,아메리칸 호러 스토리: 메리메이커의 살인자,2020-03-05,"1,000",0.0%,"1,000",100.0%,"1,000",1,1,100.0%,1,1,1,미국,미국,(주)영화사 안다미로
102,개인교습,2020-03-02,"5,000",0.0%,"5,000",100.0%,"5,000",1,1,100.0%,1,1,1,프랑스,프랑스,(주)소나무픽쳐스
102,젊은 형수-음란한 외도,2020-03-04,"6,000",0.0%,"6,000",100.0%,"6,000",1,1,100.0%,1,1,1,일본,일본,(주)영진크리에이티브
102,봉사해버린 가정교사,2020-03-02,"6,000",0.0%,"6,000",100.0%,"6,000",1,1,100.0%,1,1,1,일본,일본,(주)도키엔터테인먼트
102,악마의 오후,2020-03-05,"1,000",0.0%,"1,000",100.0%,"1,000",1,1,100.0%,1,1,1,이탈리아,이탈리아,(주)컴퍼니엘
102,거부하다 신음하는 여자,2020-03-04,"6,000",0.0%,"6,000",100.0%,"6,000",1,1,100.0%,1,1,1,일본,일본,(주)영진크리에이티브
102,러브돌: 위험한 사랑,2020-03-03,"1,000",0.0%,"1,000",100.0%,"1,000",1,1,100.0%,1,1,1,미국,미국,(주)엔케이컨텐츠
102,원정녀 1호의 사연 무삭제,2020-03-02,"1,000",0.0%,"1,000",100.0%,"1,000",1,1,100.0%,1,1,1,한국,한국,(주)영화사히트
102,강남 며느리 무삭제판,,"2,000",0.0%,"2,000",100.0%,"2,000",1,1,100.0%,1,1,1,한국,한국,
102,친구엄마들:서로의 아들을 탐하다,2020-03-07,"6,000",0.0%,"6,000",100.0%,"6,000",1,1,100.0%,1,1,1,일본,일본,(주)영진크리에이티브
102,착한 며느리:시아버지의 마지막 부탁,2020-03-07,"6,000",0.0%,"6,000",100.0%,"6,000",1,1,100.0%,1,1,1,일본,일본,(주)영진크리에이티브
102,씨받는 유부녀들:뚫어주는 배관공,2020-03-07,"6,000",0.0%,"6,000",100.0%,"6,000",1,1,100.0%,1,1,1,일본,일본,(주)영진크리에이티브
102,섹스클럽:내아내가 다른남자와,2020-03-07,"6,000",0.0%,"6,000",100.0%,"6,000",1,1,100.0%,1,1,1,일본,일본,(주)영진크리에이티브
102,씨받이:돌아온 탕녀,2020-03-07,"6,000",0.0%,"6,000",100.0%,"6,000",1,1,100.0%,1,1,1,일본,일본,(주)영진크리에이티브
102,야한며느리:땡기는 날,2020-03-07,"6,000",0.0%,"6,000",100.0%,"6,000",1,1,100.0%,1,1,1,일본,일본,(주)영진크리에이티브
154,라 트라비아타,2019-06-02,0,0.0%,0,100.0%,0,0,0,100.0%,0,2,3,영국,영국,에스디시코리아 주식회사
154,파리로 가는 길,2017-08-03,0,0.0%,0,100.0%,"937,944,800",0,0,100.0%,"119,856",1,1,미국,미국,(주)티캐스트
합계,,,"4,731,897,810",,,,"772,746,649,424","550,387",,,"93,833,831","6,221","73,283",,,
,,,,,,,,,,,,,,,,
●09주차 (2020년 02월 24일 ~ 2020년 03월 01일),,,,,,,,,,,,,,,,
순위,영화명,개봉일,매출액,매출액,매출액증감,매출액증감율,누적매출액,관객수,관객수증감,관객수증감율,누적관객수,스크린수,상영횟수,대표국적,국적,배급사
,,,,점유율,(전주대비),(전주대비),,,(전주대비),(전주대비),,,,,,
1,인비저블맨,2020-02-26,"1,341,408,740",21.4%,"1,341,408,740",100.0%,"1,341,408,740","155,956","155,956",100.0%,"155,956",776,"12,749",미국,미국,유니버설픽쳐스인터내셔널 코리아(유)
2,1917,2020-02-19,"1,333,211,640",21.3%,"-1,273,417,960",-48.9%,"3,963,344,740","148,851","-131,798",-47.0%,"431,888",817,"15,763",미국,미국,(주)스마일이엔티
3,지푸라기라도 잡고 싶은 짐승들,2020-02-19,"1,148,173,330",18.3%,"-2,053,222,120",-64.1%,"4,395,068,780","136,890","-227,838",-62.5%,"507,543",939,"19,392",한국,한국,메가박스중앙(주)플러스엠
4,정직한 후보,2020-02-12,"707,185,190",11.3%,"-2,958,983,180",-80.7%,"12,117,979,850","87,427","-352,629",-80.1%,"1,438,938",823,"14,072",한국,한국,(주)넥스트엔터테인먼트월드(NEW)
5,작은 아씨들,2020-02-12,"524,660,260",8.4%,"-1,520,827,160",-74.4%,"6,524,221,710","65,039","-180,330",-73.5%,"774,904",626,"9,240",미국,미국,소니픽쳐스엔터테인먼트코리아주식회사극장배급지점
6,젠틀맨,2020-02-26,"363,749,090",5.8%,"350,303,090",2605.3%,"389,784,090","46,629","45,099",2947.6%,"49,533",586,"7,592",미국,미국,"(주)영화사 빅,(주)다날엔터테인먼트"
7,해리포터와 아즈카반의 죄수,2004-07-16,"272,100,500",4.3%,"270,660,500",18795.9%,"11,199,681,500","30,504","30,360",21083.3%,"1,805,681",47,"1,229",미국,미국,워너브러더스 코리아(주)
8,클로젯,2020-02-05,"97,060,980",1.6%,"-779,365,540",-88.9%,"10,926,131,380","12,583","-93,049",-88.1%,"1,265,776",329,"2,223",한국,한국,(주)씨제이이엔엠
9,기생충,2019-05-30,"51,347,110",0.8%,"-271,235,490",-84.1%,"87,231,822,075","7,504","-41,307",-84.6%,"10,284,750",125,"1,493",한국,한국,(주)씨제이이엔엠
10,조조 래빗,2020-02-05,"58,058,960",0.9%,"-91,800,680",-61.3%,"904,708,300","7,051","-10,442",-59.7%,"105,411",128,"1,328",미국,미국,월트디즈니컴퍼니코리아 유한책임회사
11,"하이, 젝시",2020-02-19,"38,559,000",0.6%,"-132,727,500",-77.5%,"213,661,500","5,527","-15,576",-73.8%,"27,245",159,"1,438",미국,미국,(주)홈초이스
12,시원찮은 그녀를 위한 육성방법 피날레,2020-02-27,"41,255,240",0.7%,"41,255,240",100.0%,"49,593,240","4,794","4,794",100.0%,"5,552",71,429,일본,일본,(주)애니플러스
13,작가 미상,2020-02-20,"22,039,220",0.4%,"-7,946,800",-26.5%,"64,871,740","2,645","-1,321",-33.3%,"8,468",47,318,독일,독일,(주)영화사 진진
14,엠마,2020-02-27,"16,809,500",0.3%,"16,809,500",100.0%,"16,809,500","2,617","2,617",100.0%,"2,617",18,132,영국,영국,유니버설픽쳐스인터내셔널 코리아(유)
15,수퍼 소닉,2020-02-12,"17,890,780",0.3%,"-177,640,340",-90.9%,"908,055,170","2,315","-23,745",-91.1%,"115,671",124,594,미국,미국,롯데컬처웍스(주)롯데엔터테인먼트
16,타오르는 여인의 초상,2020-01-16,"17,452,940",0.3%,"-14,221,780",-44.9%,"1,195,798,708","1,978","-1,824",-48.0%,"142,354",38,281,프랑스,프랑스,"그린나래미디어(주),(주)홈초이스"
17,장마,2020-02-27,"11,139,000",0.2%,"11,139,000",100.0%,"11,139,000","1,790","1,790",100.0%,"1,790",1,18,한국,한국,영화사 무명
18,신의 한 수: 귀수편,2019-11-07,"16,440,000",0.3%,"16,440,000",100.0%,"18,480,216,050","1,644","1,644",100.0%,"2,159,081",6,11,한국,한국,(주)씨제이이엔엠
19,남산의 부장들,2020-01-22,"12,830,780",0.2%,"-185,726,370",-93.5%,"41,219,459,570","1,586","-22,735",-93.5%,"4,749,591",104,471,한국,한국,(주)쇼박스
20,숀더쉽 더 무비: 꼬마 외계인 룰라!,2020-02-19,"11,547,400",0.2%,"-59,607,260",-83.8%,"82,702,060","1,525","-7,679",-83.4%,"10,729",142,430,영국,영국,TCO(주)더콘텐츠온
21,버즈 오브 프레이(할리 퀸의 황홀한 해방),2020-02-05,"10,917,380",0.2%,"-141,670,860",-92.8%,"3,550,678,450","1,289","-16,958",-92.9%,"401,161",45,230,미국,미국,워너브러더스 코리아(주)
22,겨울왕국 2,2019-11-21,"7,426,520",0.1%,"-1,896,350",-20.3%,"114,801,495,310","1,138",-221,-16.3%,"13,746,441",26,179,미국,미국,월트디즈니컴퍼니코리아 유한책임회사
23,빈폴,2020-02-27,"10,261,980",0.2%,"9,961,980",3320.7%,"15,681,980","1,114","1,094",5470.0%,"1,686",33,154,러시아,러시아,(주)팝엔터테인먼트
24,샤인,1997-01-25,"10,669,520",0.2%,"9,589,520",887.9%,"140,371,720","1,113","1,005",930.6%,"18,241",28,133,호주,호주,"(주)비싸이드 픽쳐스,필립 스튜디오,(주)라이크콘텐츠"
25,하이큐!! 땅 VS 하늘,2020-01-23,"6,451,760",0.1%,"152,040",2.4%,"183,720,680",882,110,14.2%,"22,791",24,92,일본,일본,"(주)드림팩트엔터테인먼트,(주)삼백상회"
26,날씨의 아이,2019-10-30,"8,546,440",0.1%,"6,819,000",394.7%,"5,444,690,370",872,669,329.6%,"659,410",4,12,일본,일본,"(주)미디어캐슬,워터홀컴퍼니(주)"
27,울프 콜,2020-03-05,"5,460,000",0.1%,"1,614,000",42.0%,"9,306,000",760,312,69.6%,"1,208",4,6,프랑스,프랑스,판씨네마(주)
28,얼굴없는 보스,2019-11-21,"7,300,000",0.1%,"7,300,000",100.0%,"207,101,000",730,730,100.0%,"24,441",4,4,한국,한국,"(주)좋은 하늘,(주)박수엔터테인먼트"
29,극장판 미니특공대: 공룡왕 디노,2020-02-06,"5,112,840",0.1%,"-41,265,440",-89.0%,"611,018,080",723,"-5,328",-88.1%,"78,445",32,176,한국,한국,(주)리틀빅픽쳐스
30,나이브스 아웃,2019-12-04,"6,302,200",0.1%,"2,306,900",57.7%,"6,846,100,350",716,268,59.8%,"809,954",27,127,미국,미국,(주)올스타엔터테인먼트
31,포드 V 페라리,2019-12-04,"4,881,180",0.1%,"-11,111,420",-69.5%,"12,015,341,680",565,"-1,421",-71.6%,"1,365,384",18,80,미국,미국,월트디즈니컴퍼니코리아 유한책임회사
32,블랙머니,2019-11-13,"4,690,000",0.1%,"4,690,000",100.0%,"20,871,409,010",469,469,100.0%,"2,480,145",3,3,한국,한국,(주)에이스메이커무비웍스
33,"집에 돌아오면, 언제나 아내가 죽은 척을 하고있다",2020-02-20,"3,644,020",0.1%,"-5,386,560",-59.6%,"18,824,600",468,-531,-53.2%,"2,245",23,115,일본,일본,(주)영화사 그램
34,페인 앤 글로리,2020-02-05,"3,883,220",0.1%,"-12,119,700",-75.7%,"233,571,920",449,"-1,471",-76.6%,"30,363",14,93,스페인,스페인,(주)제이앤씨미디어그룹
35,라푼젤,2011-02-10,"2,998,500",0.0%,"-95,500",-3.1%,"10,203,635,500",431,-13,-2.9%,"1,016,267",5,21,미국,미국,한국소니픽쳐스릴리징브에나비스타영화㈜
36,모아나,2017-01-12,"2,871,500",0.0%,"76,500",2.7%,"18,062,083,807",412,11,2.7%,"2,311,019",3,16,미국,미국,월트디즈니컴퍼니코리아 유한책임회사
37,문신을 한 신부님,2020-02-13,"3,226,780",0.1%,"-17,400,960",-84.4%,"58,681,460",409,"-2,135",-83.9%,"7,215",24,98,폴란드,"폴란드,프랑스",알토미디어(주)
38,부부교환 하던 날,2020-02-26,"1,932,000",0.0%,"1,932,000",100.0%,"1,932,000",355,355,100.0%,355,20,20,한국,한국,(주)소나무픽쳐스
39,인어공주,1991-12-21,"2,150,500",0.0%,"-1,190,500",-35.6%,"43,292,700",309,-172,-35.8%,"5,664",5,17,미국,미국,
40,더 테러리스트,2020-02-26,"2,152,040",0.0%,"1,562,040",264.8%,"4,538,040",286,227,384.7%,538,17,79,기타,기타,(주)드림팩트엔터테인먼트
41,이 멋진 세계에 축복을! 붉은 전설,2020-02-06,"2,257,160",0.0%,"-16,694,100",-88.1%,"156,620,180",274,"-1,999",-87.9%,"17,977",17,47,일본,일본,(주)애니플러스
42,시호,2020-02-27,"2,390,000",0.0%,"2,390,000",100.0%,"2,390,000",268,268,100.0%,268,6,20,한국,한국,"주식회사 마운틴픽쳐스,주식회사 블루필름웍스"
43,히트맨,2020-01-22,"2,123,380",0.0%,"-31,286,620",-93.6%,"20,605,991,300",263,"-3,988",-93.8%,"2,405,319",14,61,한국,한국,롯데컬처웍스(주)롯데엔터테인먼트
44,워터 릴리스,2020-08-13,"2,183,000",0.0%,"2,183,000",100.0%,"2,183,000",247,247,100.0%,247,1,3,프랑스,프랑스,(주)영화특별시에스엠씨
45,기도하는 남자,2020-02-20,"1,920,400",0.0%,"-5,590,620",-74.4%,"12,746,420",246,-655,-72.7%,"1,496",24,87,한국,한국,(주)랠리버튼
46,닥터 두리틀,2020-01-08,"1,200,000",0.0%,"-900,000",-42.9%,"13,449,206,760",240,-180,-42.9%,"1,607,082",1,4,미국,미국,유니버설픽쳐스인터내셔널 코리아(유)
47,인셉션,2010-07-21,"1,984,300",0.0%,"-18,347,200",-90.2%,"44,381,014,700",230,"-2,184",-90.5%,"5,942,677",13,43,미국,미국,"(주)디스테이션,워너브러더스 코리아(주)"
48,찬실이는 복도 많지,2020-03-05,"1,002,000",0.0%,"-5,414,000",-84.4%,"12,517,000",198,-512,-72.1%,"1,536",7,7,한국,한국,찬란
49,미녀와 야수,1992-07-04,"1,289,500",0.0%,"745,500",137.0%,"1,525,094,000",186,108,138.5%,"148,966",1,5,미국,미국,"워너브러더스 코리아(주),한국소니픽쳐스릴리징브에나비스타영화㈜"
50,리암 갤러거,2020-03-12,"920,000",0.0%,"920,000",100.0%,"920,000",184,184,100.0%,184,3,3,영국,영국,(주)디스테이션
51,극장판 원피스 스탬피드,2020-02-13,"1,533,920",0.0%,"-33,608,060",-95.6%,"188,773,000",180,"-4,125",-95.8%,"22,294",16,44,일본,일본,(주)스마일이엔티
52,알라딘,1993-07-03,"1,228,000",0.0%,"483,000",64.8%,"16,514,500",177,70,65.4%,"2,142",3,13,미국,미국,
53,미스터 주: 사라진 VIP,2020-01-22,"875,000",0.0%,"-126,000",-12.6%,"5,062,975,660",175,-14,-7.4%,"602,490",5,35,한국,한국,"메가박스중앙(주)플러스엠,(주)리틀빅픽쳐스"
54,톰보이,2020-05-14,"1,498,000",0.0%,"754,000",101.3%,"4,774,000",161,61,61.0%,567,1,2,프랑스,프랑스,(주)영화특별시에스엠씨
55,졸업,1971-06-19,"1,175,340",0.0%,"-9,396,000",-88.9%,"41,654,200",158,"-1,305",-89.2%,"5,647",15,47,미국,미국,시네마 뉴원
56,다크 워터스,2020-03-11,"753,000",0.0%,"-3,756,000",-83.3%,"5,262,000",150,-351,-70.1%,651,4,4,미국,미국,(주)이수C&E
57,기억의 전쟁,2020-02-27,"1,258,040",0.0%,"-4,222,960",-77.0%,"8,091,940",148,-461,-75.7%,953,14,51,한국,한국,(주)시네마달
58,걸후드,2020-11-12,"1,254,000",0.0%,"1,254,000",100.0%,"1,254,000",136,136,100.0%,136,1,2,프랑스,프랑스,(주)영화특별시에스엠씨
59,디어스킨,2020-01-01,"359,000",0.0%,"-1,054,000",-74.6%,"16,812,280",116,-261,-69.2%,"2,342",1,1,프랑스,프랑스,M&M 인터내셔널
60,하트,2020-02-27,"872,500",0.0%,"-807,500",-48.1%,"3,824,500",114,-96,-45.7%,505,11,37,한국,한국,필름다빈
60,알피니스트 - 어느 카메라맨의 고백,2020-10-15,"846,000",0.0%,"-554,000",-39.6%,"2,601,800",114,-86,-43.0%,378,1,1,한국,한국,민치앤필름
62,킹 오브 프리즘 –샤이니 세븐 스타즈- IV 루이x신x언노운,2019-05-30,"543,500",0.0%,"543,500",100.0%,"121,898,870",110,110,100.0%,"14,638",1,1,일본,일본,동우에이앤이(주)
63,투란도트,2020-02-08,"2,769,000",0.0%,"-2,111,000",-43.3%,"15,809,000",107,-79,-42.5%,607,5,10,미국,미국,(주) 인스터 글로벌
64,사마에게,2020-01-23,"906,320",0.0%,"-2,842,040",-75.8%,"133,193,532",103,-330,-76.2%,"16,551",5,26,영국,영국,(주)엣나인필름
65,겨울왕국,2014-01-16,"867,500",0.0%,"-3,378,770",-79.6%,"82,518,809,080",98,-361,-78.6%,"10,302,778",2,3,미국,미국,소니픽쳐스릴리징월트디즈니스튜디오스코리아(주)
66,후쿠오카,2020-08-27,"490,500",0.0%,"490,500",100.0%,"2,492,500",97,97,100.0%,383,4,4,한국,한국,"(주)률필름,㈜인디스토리"
67,불꽃+스콜피오 라이징,,"615,000",0.0%,"615,000",100.0%,"615,000",86,86,100.0%,86,1,2,미국,미국,
68,들개,2014-04-03,"600,000",0.0%,"600,000",100.0%,"26,940,200",75,75,100.0%,"3,408",1,1,한국,한국,CGV아트하우스
69,킹 오브 프리즘 - 프라이드 더 히어로,2017-06-10,"306,000",0.0%,"306,000",100.0%,"1,080,578,750",61,61,100.0%,"128,847",1,1,일본,일본,"동우에이앤이(주),(주)박수엔터테인먼트"
70,킹 오브 프리즘 -샤이니 세븐 스타즈- Ⅲ 레오×유우×알렉,2019-05-02,"290,500",0.0%,"290,500",100.0%,"92,181,230",60,60,100.0%,"10,990",1,1,일본,일본,동우에이앤이(주)
71,살인의 추억,2003-04-25,"383,940",0.0%,"-860,760",-69.2%,"56,429,037",59,-128,-68.4%,"8,479",13,25,한국,한국,CJ ENM
72,벌새,2019-08-29,"539,000",0.0%,"93,000",20.9%,"1,185,096,074",56,5,9.8%,"145,795",1,6,한국,한국,"(주)엣나인필름,(주)콘텐츠판다"
73,가슴 큰 태희,2020-02-27,"347,000",0.0%,"347,000",100.0%,"347,000",51,51,100.0%,51,20,20,한국,한국,케이엘 픽쳐스
74,네 멋대로 해라: 장 뤽 고다르,2020-03-19,"245,000",0.0%,"245,000",100.0%,"245,000",49,49,100.0%,49,2,2,프랑스,프랑스,(주)이수C&E
74,카잔자키스,2020-01-30,"378,680",0.0%,"-1,715,920",-81.9%,"26,729,960",49,-227,-82.2%,"3,477",3,13,기타,기타,(주)마노엔터테인먼트
76,킹 오브 프리즘 (바이 프리티 리듬),2016-08-11,"228,500",0.0%,"228,500",100.0%,"1,005,489,650",46,46,100.0%,"121,137",1,1,일본,일본,(주)박수엔터테인먼트
77,상처뿐인 영광,1971-06-26,"90,000",0.0%,"-108,000",-54.5%,"11,666,000",45,-68,-60.2%,"5,831",1,3,미국,미국,
78,킹 오브 프리즘 -샤이니 세븐 스타즈-,2019-03-07,"200,000",0.0%,"200,000",100.0%,"141,914,690",40,40,100.0%,"16,502",1,1,일본,일본,동우에이앤이(주)
79,킹 오브 프리즘 –샤이니 세븐 스타즈- II 카케루x조지x미나토,2019-04-04,"179,000",0.0%,"179,000",100.0%,"81,537,970",36,36,100.0%,"9,696",1,1,일본,일본,동우에이앤이(주)
80,산상수훈,2017-12-07,"413,000",0.0%,"-12,000",-2.8%,"416,034,790",35,-1,-2.8%,"55,033",1,1,한국,한국,"이언픽쳐스,(주)그란"
80,설국열차,2013-08-01,"224,180",0.0%,"-543,940",-70.8%,"67,027,834,500",35,-86,-71.1%,"9,352,604",11,21,한국,"한국,체코",(주)씨제이이엔엠
82,교회오빠,2019-05-16,"288,000",0.0%,"248,000",620.0%,"897,836,710",32,28,700.0%,"112,845",1,1,한국,한국,커넥트픽쳐스(주)
82,일 트로바토레,2020-01-12,"777,000",0.0%,"-846,000",-52.1%,"34,036,000",32,-33,-50.8%,"1,427",5,9,독일,독일,(주)케빈앤컴퍼니
84,나무없는 산,2009-08-27,"93,000",0.0%,"30,000",47.6%,"58,509,500",31,10,47.6%,"9,076",1,1,한국,한국,CJ ENM
84,사냥의 시간,,"203,080",0.0%,"203,080",100.0%,"7,591,080",31,31,100.0%,881,9,21,한국,한국,
86,피아니스트의 전설,2020-01-01,"267,680",0.0%,"-1,587,960",-85.6%,"349,344,102",30,-213,-87.7%,"41,800",1,4,이탈리아,이탈리아,(주)라이크콘텐츠
87,너의 이름은.,2017-01-04,"219,000",0.0%,"-112,000",-33.8%,"29,902,384,256",26,-12,-31.6%,"3,715,820",1,2,일본,일본,메가박스중앙(주)플러스엠
88,두 교황,2019-12-11,"205,500",0.0%,"-1,782,500",-89.7%,"242,565,960",24,-234,-90.7%,"31,364",4,8,미국,"미국,영국,이탈리아,아르헨티나",판씨네마(주)
89,"소년, 소녀를 만나다",1996-01-13,"220,000",0.0%,"220,000",100.0%,"7,166,000",22,22,100.0%,948,1,1,프랑스,프랑스,오드
89,모호크족의 북소리,,"66,000",0.0%,"66,000",100.0%,"6,144,000",22,22,100.0%,"2,858",1,1,미국,미국,
89,윤희에게,2019-11-14,"192,000",0.0%,"-789,500",-80.4%,"968,439,809",22,-100,-82.0%,"121,506",1,5,한국,한국,(주)리틀빅픽쳐스
92,살인무도회,,"138,000",0.0%,"138,000",100.0%,"441,000",21,21,100.0%,64,1,1,미국,미국,
93,해치지않아,2020-01-15,"100,000",0.0%,"-700,000",-87.5%,"10,282,332,090",20,-140,-87.5%,"1,224,726",1,1,한국,한국,(주)에이스메이커무비웍스
93,이태원,2019-12-05,"171,000",0.0%,"-121,000",-41.4%,"26,842,260",20,-15,-42.9%,"3,331",1,3,한국,한국,KT&G 상상마당 영화사업팀 컴퍼니에스에스(주)
93,굿와이프:아내체험현장,2020-02-26,"109,000",0.0%,"109,000",100.0%,"109,000",20,20,100.0%,20,20,20,한국,한국,주식회사 플릭스코
93,친구 누나 4,2020-02-26,"105,000",0.0%,"105,000",100.0%,"105,000",20,20,100.0%,20,20,20,한국,한국,(주)영화사가을
97,나이트 헌터,2020-01-29,"18,000",0.0%,"-245,000",-93.2%,"74,511,100",18,-53,-74.6%,"11,847",4,18,캐나다,캐나다,와이드 릴리즈(주)
97,12명의 성난 사람들,,"36,000",0.0%,"36,000",100.0%,"6,794,000",18,18,100.0%,"2,590",1,3,미국,미국,
99,이장,2020-03-25,"85,000",0.0%,"-1,490,000",-94.6%,"2,654,000",17,-158,-90.3%,334,1,1,한국,한국,㈜인디스토리
99,폴란드로 간 아이들,2018-10-31,"34,000",0.0%,0,0.0%,"389,586,800",17,0,0.0%,"51,078",1,3,한국,한국,커넥트픽쳐스(주)
101,러브 라이브! 더 스쿨 아이돌 무비,2015-09-03,"146,000",0.0%,"146,000",100.0%,"1,015,468,320",15,15,100.0%,"133,568",1,2,일본,일본,(주)박수엔터테인먼트
101,성혜의 나라,2020-01-30,"115,000",0.0%,"-394,420",-77.4%,"14,460,980",15,-51,-77.3%,"1,792",2,8,한국,한국,아이 엠
103,에릭 클랩튼: 기타의 신,2020-01-23,"110,320",0.0%,"-859,680",-88.6%,"49,521,622",14,-107,-88.4%,"6,383",2,6,영국,영국,(주)영화사 진진
103,사랑의 비약,,"28,000",0.0%,"28,000",100.0%,"4,311,000",14,14,100.0%,"2,148",1,1,미국,미국,
105,러브라이브! 선샤인!! 더 스쿨 아이돌 무비 오버 더 레인보우,2019-02-14,"128,920",0.0%,"128,920",100.0%,"242,643,390",13,13,100.0%,"27,112",1,2,일본,일본,(주)애니플러스
106,파바로티,2020-01-01,"89,000",0.0%,"-1,117,340",-92.6%,"379,414,658",12,-157,-92.9%,"47,691",1,4,영국,영국,오드
107,결혼 이야기,2019-11-27,"91,000",0.0%,"-791,500",-89.7%,"192,199,560",11,-111,-91.0%,"23,336",2,4,영국,영국,판씨네마(주)
107,그녀에게,2003-04-18,"102,000",0.0%,"34,000",50.0%,"53,370,252",11,4,57.1%,"7,150",1,2,스페인,스페인,"판씨네마(주),(주)미로비젼"
107,챔피언,,"22,000",0.0%,"22,000",100.0%,"5,811,000",11,11,100.0%,"2,908",1,1,미국,미국,
110,유관순과 8호감방,,"100,000",0.0%,"100,000",100.0%,"100,000",10,10,100.0%,10,1,1,한국,한국,
111,방황의 날들,2007-09-07,"27,000",0.0%,"-30,000",-52.6%,"10,418,500",9,-10,-52.6%,"2,217",1,2,한국,한국,위드시네마
111,경계선,2019-10-24,"63,000",0.0%,"-4,000",-6.0%,"150,026,880",9,1,12.5%,"17,928",1,3,스웨덴,"스웨덴,덴마크",(주)제이앤씨미디어그룹
111,작은 빛,2020-01-23,"65,000",0.0%,"-194,000",-74.9%,"16,418,960",9,-26,-74.3%,"2,128",2,5,한국,한국,(주)시네마달
114,"고흐, 영원의 문에서",2019-12-26,"68,000",0.0%,"-677,840",-90.9%,"316,006,250",8,-92,-92.0%,"38,797",1,2,미국,"미국,프랑스",(주)팝엔터테인먼트
114,마리오 보타 : 영혼을 위한 건축,2020-01-23,"50,920",0.0%,"-470,680",-90.2%,"14,587,720",8,-53,-86.9%,"1,880",2,5,스위스,스위스,하준사
116,혼 : 공포의 시작,2020-02-13,"17,000",0.0%,"-241,500",-93.4%,"935,000",7,-34,-82.9%,130,3,7,한국,한국,(주)드림팩트엔터테인먼트
116,봉신연의: 불의 검 외전,2020-02-17,"35,000",0.0%,"-38,000",-52.1%,"108,000",7,-8,-53.3%,22,1,7,중국,중국,BX 픽쳐스
118,북클럽,2019-06-20,"48,000",0.0%,"48,000",100.0%,"220,695,690",6,6,100.0%,"30,069",1,1,미국,미국,(주)영화사 진진
118,"미안해요, 리키",2019-12-19,"54,000",0.0%,"-266,440",-83.1%,"286,399,580",6,-32,-84.2%,"36,206",1,2,프랑스,프랑스,(주)영화사 진진
118,주디,2020-03-25,"50,000",0.0%,"-282,000",-84.9%,"21,461,300",6,-32,-84.2%,"2,690",1,1,영국,영국,TCO(주)더콘텐츠온
118,봄 이야기,,"41,000",0.0%,"41,000",100.0%,"5,146,000",6,6,100.0%,760,1,1,프랑스,프랑스,
118,혁명을 기념하며,,"48,000",0.0%,"48,000",100.0%,"48,000",6,6,100.0%,6,1,1,러시아,러시아,
123,여자 안의 타인,,"40,000",0.0%,"40,000",100.0%,"460,000",5,5,100.0%,67,1,1,일본,일본,
123,아이리시맨,2019-11-20,"55,000",0.0%,"-435,000",-88.8%,"313,436,340",5,-58,-92.1%,"37,185",1,1,미국,미국,판씨네마(주)
125,몽마르트 파파,2020-01-09,"24,000",0.0%,"-62,000",-72.1%,"51,226,800",4,-10,-71.4%,"6,973",1,3,한국,한국,(주)트리플픽쳐스
125,라 붐,2013-10-24,"36,000",0.0%,"-6,000",-14.3%,"69,090,500",4,0,0.0%,"9,261",1,2,프랑스,프랑스,(주)앤드플러스미디어웍스
125,여름날,2020-08-20,"36,000",0.0%,"36,000",100.0%,"610,000",4,4,100.0%,86,1,1,한국,한국,영화배급협동조합 씨네소파
125,창은,2020-02-01,"18,000",0.0%,"-82,000",-82.0%,"261,000",4,-18,-81.8%,70,1,3,한국,한국,주식회사 씨엠닉스
129,사자자리,,"24,000",0.0%,"24,000",100.0%,"487,000",3,3,100.0%,76,1,1,프랑스,프랑스,
129,메기,2019-09-26,"26,000",0.0%,"-138,000",-84.1%,"329,224,828",3,-15,-83.3%,"39,026",1,1,한국,한국,"(주)엣나인필름,CGV아트하우스"
129,말죽거리 잔혹사,2004-01-16,"36,000",0.0%,"36,000",100.0%,"3,837,188,000",3,3,100.0%,"604,972",1,1,한국,한국,CJ ENM
129,그날 밤의 아내,,"24,000",0.0%,"24,000",100.0%,"237,000",3,3,100.0%,37,1,1,일본,일본,
129,미안해 사랑이라 불러서,2020-02-20,"3,000",0.0%,"-7,000",-70.0%,"13,000",3,-4,-57.1%,10,1,3,스페인,스페인,주식회사 마운틴픽쳐스
129,울지마 톤즈 2 : 슈크란 바바,2020-01-09,"30,000",0.0%,"-289,000",-90.6%,"152,661,940",3,-48,-94.1%,"20,578",1,1,한국,한국,(주)영화특별시에스엠씨
135,원정녀 2호의 사연,2020-02-25,"2,000",0.0%,"2,000",100.0%,"2,000",2,2,100.0%,2,2,2,한국,한국,(주)영화사히트
135,친척동생,2020-02-25,"2,000",0.0%,"2,000",100.0%,"2,000",2,2,100.0%,2,2,2,한국,한국,(주)영화사히트
135,예쁜 며느리,2019-05-03,"2,000",0.0%,"2,000",100.0%,"7,000",2,2,100.0%,3,1,2,한국,한국,(주)소나무픽쳐스
135,칼리가리 박사의 밀실,,"16,000",0.0%,"16,000",100.0%,"739,000",2,2,100.0%,100,1,1,독일,독일,
135,흑과 백,,"4,000",0.0%,"-2,000",-33.3%,"4,747,000",2,-1,-33.3%,"2,303",1,2,미국,미국,
135,철서구 3부 : 철로,,"16,000",0.0%,"-271,000",-94.4%,"303,000",2,-42,-95.5%,46,1,1,중국,중국,
135,틱시 지구,,"16,000",0.0%,"-317,000",-95.2%,"349,000",2,-48,-96.0%,52,1,1,중국,중국,
135,철서구 2부: 폐허,,"16,000",0.0%,"-275,000",-94.5%,"307,000",2,-42,-95.5%,46,1,1,중국,"중국,네덜란드",
135,국경의 왕,2019-02-28,"18,000",0.0%,"18,000",100.0%,"14,290,900",2,2,100.0%,"2,059",1,1,한국,한국,"무브먼트,독립영화전용관 인디스페이스"
135,야성녀,,"4,000",0.0%,"4,000",100.0%,"3,155,000",2,2,100.0%,"1,571",1,3,미국,미국,
145,친구 아내들 무삭제,2020-02-27,"6,000",0.0%,"6,000",100.0%,"6,000",1,1,100.0%,1,1,1,한국,한국,(주)영화사가을
145,사위 사랑은 장모,2020-02-26,"6,000",0.0%,"6,000",100.0%,"6,000",1,1,100.0%,1,1,1,한국,한국,(주)영화사가을
145,싸움의 기술,2020-02-27,"6,000",0.0%,"6,000",100.0%,"6,000",1,1,100.0%,1,1,1,한국,한국,(주)영화사 사계절
145,막내 형수 2 - 무삭제판,2020-02-27,"1,000",0.0%,"1,000",100.0%,"1,000",1,1,100.0%,1,1,1,한국,한국,(주)컨텐츠 빌리지
145,신의 은총으로,2020-01-16,"9,000",0.0%,"-45,000",-83.3%,"45,812,760",1,-5,-83.3%,"5,903",1,1,프랑스,프랑스,찬란
145,아내의 애인 3,2020-02-24,"6,000",0.0%,"6,000",100.0%,"6,000",1,1,100.0%,1,1,1,한국,한국,(주)영화사가을
145,러시아 가정부,2020-02-26,"6,000",0.0%,"6,000",100.0%,"6,000",1,1,100.0%,1,1,1,한국,한국,(주)영화사가을
145,과장에게 순종하는 육덕 신입사원,2020-02-27,"6,000",0.0%,"6,000",100.0%,"6,000",1,1,100.0%,1,1,1,일본,일본,(주)플라이어
145,애인 몰래 찾아온 집주인에게 복종,2020-02-27,"6,000",0.0%,"6,000",100.0%,"6,000",1,1,100.0%,1,1,1,일본,일본,(주)플라이어
145,며느리의 뜨거운 봉사,2020-02-27,"1,000",0.0%,"1,000",100.0%,"1,000",1,1,100.0%,1,1,1,일본,일본,(주)케이알씨지
145,며느리의 깊은 정사,2020-02-27,"1,000",0.0%,"1,000",100.0%,"1,000",1,1,100.0%,1,1,1,일본,일본,(주)케이알씨지
145,예쁜 며느리,2020-02-28,"1,000",0.0%,"1,000",100.0%,"1,000",1,1,100.0%,1,1,1,일본,일본,(주)케이알씨지
145,동생의애인들-무삭제,,"5,000",0.0%,"5,000",100.0%,"5,000",1,1,100.0%,1,1,1,한국,한국,
145,몸으로 성공한 태국 처녀,2020-02-28,"2,000",0.0%,"2,000",100.0%,"2,000",1,1,100.0%,1,1,1,한국,한국,(주)씨맥스커뮤니케이션즈
145,A.K: 구로사와 아키라의 초상,,"8,000",0.0%,"8,000",100.0%,"273,000",1,1,100.0%,41,1,1,프랑스,"프랑스,일본",
145,식모: 머피의 법칙-확장판,2020-02-25,"6,000",0.0%,"6,000",100.0%,"6,000",1,1,100.0%,1,1,1,한국,한국,(주)나우콘텐츠
145,아내와 처제-확장판,2020-02-25,"6,000",0.0%,"6,000",100.0%,"6,000",1,1,100.0%,1,1,1,한국,한국,(주)나우콘텐츠
145,학생 로망스,,"8,000",0.0%,"8,000",100.0%,"179,000",1,1,100.0%,30,1,1,일본,일본,
163,소은이의 무릎,2019-05-30,0,0.0%,0,100.0%,"8,474,100",0,0,100.0%,"1,220",1,1,한국,한국,(주)영화사 그램
163,라 트라비아타,2019-06-02,0,0.0%,0,100.0%,0,0,0,100.0%,0,1,1,영국,영국,에스디시코리아 주식회사
합계,,,"6,258,701,620",,,,"685,097,543,930","744,346",,,"84,436,450","6,648","91,764",,,
