순위,영화명,개봉일,매출액 ,매출액,누적매출액 ,관객수 ,누적관객수 ,스크린수 ,상영횟수 ,대표국적 ,국적 ,배급사 
,,,,점유율 ,,,,,,,,
1,프리즌 이스케이프,2020-05-06,"1,473,137,400",11.9%,"1,473,137,400","171,325","171,325",547,"21,227",영국,"영국,호주",(주)이놀미디어
2,트롤: 월드 투어,2020-04-29,"948,236,420",7.7%,"1,138,660,480","121,988","148,220",344,"13,528",미국,미국,유니버설픽쳐스인터내셔널 코리아(유)
3,위대한 쇼맨,2017-12-20,"692,355,200",5.6%,"12,206,272,700","111,446","1,514,465",598,"11,980",미국,미국,"월트디즈니컴퍼니코리아 유한책임회사,이십세기폭스코리아(주)"
4,패왕별희 디 오리지널,2017-03-30,"778,005,520",6.3%,"815,827,920","86,688","90,898",409,"10,229",중국,중국,"(주)제이앤씨미디어그룹,(주)드림팩트엔터테인먼트"
5,레이니 데이 인 뉴욕,2020-05-06,"767,886,540",6.2%,"770,069,040","86,574","86,869",563,"15,663",미국,미국,"그린나래미디어(주),(주)버킷스튜디오"
6,저 산 너머,2020-04-30,"625,695,960",5.0%,"765,444,420","80,160","102,589",468,"11,943",한국,한국,(주)리틀빅픽쳐스
7,나의 청춘은 너의 것,2020-04-29,"563,027,820",4.5%,"713,593,520","64,725","84,290",533,"10,787",대만,대만,"오드,(주)홈초이스"
8,더 플랫폼,2020-05-13,"565,434,000",4.6%,"566,334,000","61,679","61,779",228,"8,549",스페인,스페인,(주)홈초이스
9,언더워터,2020-05-27,"488,702,980",3.9%,"488,702,980","58,251","58,251",594,"7,289",미국,미국,월트디즈니컴퍼니코리아 유한책임회사
10,호텔 레이크,2020-04-29,"461,235,300",3.7%,"592,156,200","53,079","70,011",465,"8,163",한국,한국,(주)스마일이엔티
11,1917,2020-02-19,"385,565,660",3.1%,"7,855,406,320","43,507","868,746",332,"5,591",미국,미국,(주)스마일이엔티
12,마이 스파이,2020-04-29,"379,703,000",3.1%,"482,475,000","42,253","56,269",240,"6,422",미국,미국,(주)이수C&E
13,카페 벨에포크,2020-05-20,"355,202,780",2.9%,"356,102,780","41,930","42,005",463,"6,911",프랑스,프랑스,(주)이수C&E
14,콜 오브 와일드,2020-05-14,"296,393,380",2.4%,"296,393,380","34,835","34,835",505,"7,564",미국,미국,월트디즈니컴퍼니코리아 유한책임회사
15,라라랜드,2016-12-07,"170,929,680",1.4%,"30,826,806,088","33,131","3,736,184",295,"4,760",미국,미국,판씨네마(주)
16,어벤져스: 엔드게임,2019-04-24,"194,817,360",1.6%,"122,492,181,020","27,221","13,977,602",479,"2,991",미국,미국,월트디즈니컴퍼니코리아 유한책임회사
17,톰보이,2020-05-14,"238,905,080",1.9%,"249,647,080","26,516","27,936",361,"4,925",프랑스,프랑스,(주)영화특별시에스엠씨
18,캣츠토피아,2020-04-30,"170,038,520",1.4%,"200,291,660","20,206","23,885",367,"2,727",중국,중국,(주)버킷스튜디오
19,그집,2020-05-27,"158,830,440",1.3%,"158,830,440","19,455","19,455",392,"2,944",스페인,스페인,"(주)제이앤씨미디어그룹,TCO(주)더콘텐츠온"
20,날씨의 아이,2019-10-30,"126,524,240",1.0%,"5,790,560,450","16,640","704,206",194,"2,390",일본,일본,"(주)미디어캐슬,워터홀컴퍼니(주)"
21,킬러의 보디가드 무삭제 특별판,2018-09-12,"138,161,600",1.1%,"138,164,600","16,208","16,211",318,"3,352",미국,미국,"(주)제이앤씨미디어그룹,(유)조이앤시네마"
22,미스비헤이비어,2020-05-27,"118,368,280",1.0%,"118,368,280","14,787","14,787",378,"3,024",영국,영국,판씨네마(주)
23,기생충,2019-05-30,"104,815,480",0.8%,"87,459,147,095","12,358","10,312,971",411,"3,927",한국,한국,(주)씨제이이엔엠
24,어벤져스: 인피니티 워,2018-04-25,"83,994,380",0.7%,"100,081,428,549","11,285","11,233,176",364,"2,045",미국,미국,월트디즈니컴퍼니코리아 유한책임회사
25,레미제라블: 뮤지컬 콘서트,2020-05-13,"155,934,720",1.3%,"155,934,720","11,279","11,279",339,"3,228",미국,미국,유니버설픽쳐스인터내셔널 코리아(유)
26,라스트 풀 메저,2020-05-20,"85,740,400",0.7%,"85,740,400","10,799","10,799",333,"3,287",미국,미국,(주)삼백상회
27,초미의 관심사,2020-05-27,"82,840,160",0.7%,"82,840,160","10,351","10,351",380,"2,753",한국,한국,(주)트리플픽쳐스
28,킹덤,2020-04-29,"83,796,500",0.7%,"140,937,500","9,716","17,663",182,"1,957",일본,일본,와이드 릴리즈(주)
29,아홉 스님,2020-05-27,"54,679,100",0.4%,"54,679,100","9,020","9,020",141,"1,079",한국,한국,"(주)퍼스트런,(주)키다리이엔티"
30,씨 피버,2020-05-13,"77,063,460",0.6%,"77,063,460","8,894","8,894",278,"2,405",아일랜드,"아일랜드,스웨덴,벨기에,영국",(주)팝엔터테인먼트
31,나는보리,2020-05-21,"58,824,340",0.5%,"60,390,340","7,938","8,169",158,"1,228",한국,한국,(주)영화사 진진
32,로마의 휴일,,"56,582,500",0.5%,"106,629,500","7,538","24,178",67,913,미국,"미국,이탈리아",
33,루팡 3세: 더 퍼스트,2020-05-21,"64,877,000",0.5%,"64,877,000","7,395","7,395",132,"1,616",일본,일본,(주)넥스트엔터테인먼트월드(NEW)
34,애프터 웨딩 인 뉴욕,2020-04-23,"59,731,460",0.5%,"157,085,320","7,125","19,209",95,"1,127",영국,영국,(주)영화사 진진
35,하이큐!! 또 다른 도전,2020-05-14,"56,076,700",0.5%,"56,076,700","6,588","6,588",142,"1,565",일본,일본,(주)삼백상회
36,알리타: 배틀 엔젤,2019-02-05,"36,215,880",0.3%,"18,607,671,547","5,992","1,958,055",243,"1,632",미국,미국,"월트디즈니컴퍼니코리아 유한책임회사,이십세기폭스코리아(주)"
37,루키스,2020-05-20,"45,868,080",0.4%,"45,868,080","5,510","5,510",277,"2,009",중국,중국,"주식회사 더쿱,(주)영화특별시에스엠씨"
38,마션,2015-10-08,"29,893,580",0.2%,"39,702,034,175","5,279","4,887,144",274,"1,742",미국,미국,"월트디즈니컴퍼니코리아 유한책임회사,이십세기폭스코리아(주)"
39,티파니에서 아침을,2011-08-26,"37,688,000",0.3%,"124,249,700","5,003","27,203",55,721,미국,미국,주식회사 마운틴픽쳐스
40,리벤지,2020-05-06,"40,284,300",0.3%,"40,284,300","4,814","4,814",143,"1,284",프랑스,프랑스,(주)팝엔터테인먼트
41,슈팅걸스,2020-05-06,"35,823,060",0.3%,"74,394,060","4,587","10,178",207,"1,620",한국,한국,(주)영화사오원
42,신세계,2013-02-21,"26,036,200",0.2%,"34,919,009,805","4,407","4,688,978",110,921,한국,한국,(주)넥스트엔터테인먼트월드(NEW)
43,"조금씩, 천천히 안녕",2020-05-27,"33,280,420",0.3%,"33,280,420","4,152","4,152",166,914,일본,일본,(주)디스테이션
44,동감,2000-05-27,"32,215,000",0.3%,"41,569,500","3,502","5,527",108,"1,127",한국,한국,"(주)제이앤씨미디어그룹,와이드 릴리즈(주)"
45,헌티드 파크,2020-05-06,"30,047,360",0.2%,"30,965,360","3,467","3,569",143,"1,083",일본,일본,(주)삼백상회
46,라이프 오브 파이,2013-01-01,"21,084,500",0.2%,"16,331,903,100","3,437","1,638,171",102,478,미국,미국,"주식회사 해리슨앤컴퍼니,이십세기폭스코리아(주)"
47,오퍼나지: 비밀의계단,2008-02-14,"29,020,000",0.2%,"1,156,263,500","3,434","177,044",115,944,스페인,"스페인,멕시코","(주)팝엔터테인먼트,(주)프라임엔터테인먼트,(주)유레카픽쳐스"
48,비커밍 제인,2007-10-11,"29,001,600",0.2%,"1,396,448,600","3,390","216,250",117,877,미국,미국,"(주)팝엔터테인먼트,CJ ENM"
49,시네마 천국,1990-07-07,"16,749,500",0.1%,"300,000,700","3,295","48,707",34,393,프랑스,"프랑스,이탈리아","주식회사 왓챠,(주)팝엔터테인먼트"
50,썸원 썸웨어,2020-04-29,"22,644,040",0.2%,"29,902,640","2,674","3,587",37,434,프랑스,프랑스,찬란
51,레드슈즈,2019-07-25,"13,399,500",0.1%,"6,119,445,190","2,627","820,766",99,414,한국,한국,(주)넥스트엔터테인먼트월드(NEW)
52,레미: 집 없는 아이,2020-05-28,"20,862,820",0.2%,"20,862,820","2,623","2,623",168,672,프랑스,프랑스,(주)팝엔터테인먼트
53,유령선,2020-04-15,"20,687,660",0.2%,"181,583,920","2,392","20,730",117,753,한국,한국,(주)엣나인필름
54,지푸라기라도 잡고 싶은 짐승들,2020-02-19,"23,697,580",0.2%,"5,445,594,750","2,377","627,247",6,29,한국,한국,메가박스중앙(주)플러스엠
55,킹 오브 프리즘 올 스타즈 -프리즘 쇼☆베스트10-,2020-04-02,"19,663,900",0.2%,"54,858,980","2,273","6,311",18,336,일본,일본,동우에이앤이(주)
56,핑크퐁 시네마 콘서트 : 우주대탐험,2020-01-30,"17,931,500",0.1%,"136,969,000","2,261","17,581",36,146,한국,한국,스마트스터디(주)
57,시간을 달리는 소녀,2007-06-14,"11,237,540",0.1%,"676,202,040","2,187","98,026",101,652,일본,일본,"(주)얼리버드픽쳐스,THE 픽쳐스,CJ ENM"
58,늑대아이,2012-09-13,"12,844,160",0.1%,"2,351,966,121","2,150","342,005",60,659,일본,일본,(주)미디어데이
59,고양이 집사,2020-05-14,"18,293,260",0.1%,"21,155,260","2,115","2,466",49,473,한국,한국,㈜인디스토리
60,보이콰이어,2020-05-14,"17,554,380",0.1%,"17,554,380","2,105","2,105",74,554,미국,미국,THE 픽쳐스
61,미드웨이,2019-12-31,"10,294,000",0.1%,"8,227,427,530","2,058","957,952",10,12,미국,미국,(주)누리픽쳐스
62,헌트,2020-04-23,"13,726,240",0.1%,"47,535,240","1,967","6,415",13,134,미국,미국,유니버설픽쳐스인터내셔널 코리아(유)
63,극장판 엉덩이 탐정: 화려한 사건 수첩,2019-07-11,"9,810,000",0.1%,"1,105,576,140","1,948","140,395",46,270,일본,일본,(주)넥스트엔터테인먼트월드(NEW)
64,범털,2020-05-14,"13,649,060",0.1%,"13,649,060","1,682","1,682",48,417,한국,한국,(주)피터팬픽쳐스
65,얼굴없는 보스: 못다한 이야기 감독판,2020-05-13,"11,877,700",0.1%,"11,877,700","1,613","1,613",50,494,한국,한국,"(주)좋은 하늘,(주)박수엔터테인먼트"
66,인비저블 게스트,2017-09-21,"7,814,000",0.1%,"772,443,800","1,563","96,953",46,365,스페인,스페인,(주)더블앤조이픽쳐스
67,블러드샷,2020-05-21,"10,173,000",0.1%,"10,173,000","1,398","1,398",9,187,미국,미국,소니픽쳐스엔터테인먼트코리아주식회사극장배급지점
68,샤레이드,,"9,730,000",0.1%,"19,321,000","1,376","5,618",16,129,,,
69,메탈리카와 샌프란시스코 심포니,2020-05-20,"24,411,500",0.2%,"24,411,500","1,368","1,368",41,410,미국,미국,씨제이포디플렉스 주식회사
70,이별의 아침에 약속의 꽃을 장식하자,2018-07-19,"6,730,680",0.1%,"328,654,180","1,296","39,067",26,312,일본,일본,(주)미디어캐슬
71,너의 이름은.,2017-01-04,"7,848,760",0.1%,"30,035,651,096","1,290","3,732,545",22,211,일본,일본,메가박스중앙(주)플러스엠
72,숀더쉽 더 무비: 꼬마 외계인 룰라!,2020-02-19,"8,493,000",0.1%,"98,830,340","1,266","13,046",64,229,영국,영국,TCO(주)더콘텐츠온
72,마이 페어 레이디,,"9,382,000",0.1%,"12,393,000","1,266","1,741",19,145,미국,미국,
74,사브리나,,"9,057,000",0.1%,"34,799,000","1,248","13,526",28,191,미국,미국,
75,싸커 퀸즈,2020-05-27,"9,270,580",0.1%,"9,270,580","1,215","1,215",57,267,프랑스,프랑스,와이드 릴리즈(주)
76,찬실이는 복도 많지,2020-03-05,"9,505,220",0.1%,"223,865,280","1,197","26,185",10,219,한국,한국,찬란
77,레미제라블,2012-12-19,"5,985,000",0.0%,"43,185,230,000","1,181","5,938,769",16,147,미국,미국,유니버설픽쳐스인터내셔널 코리아(유)
78,"안녕, 미누",2020-05-27,"8,660,000",0.1%,"8,851,000","1,172","1,212",25,117,한국,한국,"영화사 풀,(주)영화사 친구"
79,비홀드 마이 하트,2020-05-21,"9,812,800",0.1%,"9,812,800","1,162","1,162",47,297,미국,미국,(주)디오시네마
80,언어의 정원,2013-08-14,"5,787,000",0.0%,"505,051,423","1,145","76,097",45,283,일본,일본,(주)팝엔터테인먼트
81,어쩌다 아스널,2020-05-13,"9,204,880",0.1%,"9,204,880","1,139","1,139",85,506,프랑스,프랑스,(주)스마일이엔티
82,작은 아씨들,2020-02-12,"9,152,160",0.1%,"7,265,927,330","1,138","862,154",6,137,미국,미국,소니픽쳐스엔터테인먼트코리아주식회사극장배급지점
83,조조 래빗,2020-02-05,"10,571,820",0.1%,"965,083,200","1,081","112,075",3,25,미국,미국,월트디즈니컴퍼니코리아 유한책임회사
84,정직한 후보,2020-02-12,"10,220,000",0.1%,"12,845,078,530","1,022","1,536,652",3,6,한국,한국,(주)넥스트엔터테인먼트월드(NEW)
85,런 보이 런,2020-05-28,"8,208,220",0.1%,"8,208,220","1,018","1,018",25,120,한국,한국,(주)라온컴퍼니플러스
86,하이큐!! 콘셉트의 싸움,2018-01-11,"4,985,000",0.0%,"188,798,000",997,"26,141",18,27,일본,일본,(주)팝엔터테인먼트
87,더 터닝,2020-04-02,"8,301,000",0.1%,"155,385,940",981,"17,664",5,16,미국,미국,(주)스마일이엔티
88,해피 해피 레스토랑,2020-05-14,"7,533,120",0.1%,"7,779,120",965,"1,014",24,210,일본,일본,찬란
89,라라걸,2020-04-15,"7,832,060",0.1%,"108,675,460",946,"12,784",15,189,호주,호주,판씨네마(주)
90,주디,2020-03-25,"7,459,400",0.1%,"759,953,060",936,"92,369",11,116,영국,영국,TCO(주)더콘텐츠온
91,극장판 헬로카봇 : 백악기 시대,2018-08-01,"4,603,000",0.0%,"6,596,728,500",914,"880,776",67,210,한국,한국,(주)넥스트엔터테인먼트월드(NEW)
92,스타 이즈 본,2018-10-09,"4,393,740",0.0%,"4,445,349,840",837,"527,522",6,79,미국,미국,워너브러더스 코리아(주)
93,침입자,2020-06-04,"4,297,000",0.0%,"4,297,000",833,833,5,6,한국,한국,(주)에이스메이커무비웍스
94,하이큐!! 재능과 센스,2017-11-15,"4,095,000",0.0%,"315,688,500",819,"44,306",18,27,일본,일본,(주)이수C&E
95,비밀정보원: 인 더 프리즌,2020-04-15,"6,699,840",0.1%,"172,588,940",811,"20,317",15,163,영국,영국,(주)제이앤씨미디어그룹
96,파리의 연인,,"5,638,000",0.0%,"24,089,500",792,"9,580",19,130,미국,미국,
97,오픈 더 도어,2020-04-08,"6,903,200",0.1%,"286,702,100",778,"31,760",43,211,러시아,러시아,(주)팝엔터테인먼트
98,파도를 걷는 소년,2020-05-14,"6,763,720",0.1%,"7,157,720",768,828,25,201,한국,한국,매치컷(주)
99,괴물의 아이,2015-11-25,"4,457,960",0.0%,"1,669,973,076",747,"225,639",31,281,일본,일본,"CGV아트하우스,(주)리틀빅픽쳐스"
100,설국열차,2013-08-01,"4,449,000",0.0%,"67,032,283,500",728,"9,353,332",26,208,한국,"한국,체코",(주)씨제이이엔엠
101,바람의 언덕,2020-04-23,"5,927,900",0.0%,"15,346,400",716,"1,942",11,175,한국,한국,영화사 삼순
102,하이큐!! 승자와 패자,2016-12-28,"3,530,000",0.0%,"386,265,000",706,"54,079",17,28,일본,일본,"(주)이수C&E,(주)팝엔터테인먼트"
103,스케어리 스토리:어둠의 속삭임,2020-03-25,"3,368,000",0.0%,"375,492,420",704,"44,989",5,41,미국,미국,(주)제이앤씨미디어그룹
104,뽀로로 극장판 보물섬 대모험,2019-04-25,"3,508,000",0.0%,"5,890,912,400",698,"767,739",42,153,한국,한국,(주)넥스트엔터테인먼트월드(NEW)
105,엽문4: 더 파이널,2020-04-01,"5,700,000",0.0%,"630,212,300",681,"72,836",16,127,홍콩,홍콩,(주)키다리이엔티
106,썸머 워즈,2009-08-13,"3,234,100",0.0%,"942,834,300",652,"132,906",39,232,일본,일본,CJ ENM
107,인비저블맨,2020-02-26,"4,717,300",0.0%,"5,014,491,060",636,"574,813",11,112,미국,미국,유니버설픽쳐스인터내셔널 코리아(유)
108,어바웃 타임,2013-12-05,"3,190,000",0.0%,"25,255,473,800",628,"3,441,657",5,66,영국,영국,유니버설픽쳐스인터내셔널 코리아(유)
109,아비정전,1990-12-22,"5,959,500",0.0%,"165,821,600",606,"23,754",5,70,홍콩,홍콩,(주)디스테이션
110,하이큐!! 끝과 시작,2016-11-16,"3,005,000",0.0%,"731,670,000",601,"100,631",17,28,일본,일본,(주)팝엔터테인먼트
111,기도의 막이 내릴 때,2020-05-14,"4,859,540",0.0%,"4,859,540",598,598,33,225,일본,일본,노바엔터테인먼트
112,극장판 헬로카봇 : 달나라를 구해줘!,2019-09-04,"3,770,500",0.0%,"4,584,139,650",559,"591,087",52,139,한국,한국,롯데컬처웍스(주)롯데엔터테인먼트
113,클로젯,2020-02-05,"5,454,000",0.0%,"10,971,962,280",546,"1,270,835",3,4,한국,한국,(주)씨제이이엔엠
114,미스터 주: 사라진 VIP,2020-01-22,"4,643,000",0.0%,"5,078,163,660",536,"604,143",3,3,한국,한국,"메가박스중앙(주)플러스엠,(주)리틀빅픽쳐스"
115,그렇게 아버지가 된다,2013-12-19,"3,257,000",0.0%,"970,596,062",522,"127,631",23,109,일본,일본,(주)티캐스트콘텐츠허브
116,다이노소어 어드벤처 : 백악기 공룡대백과,2016-05-04,"3,351,500",0.0%,"858,052,500",498,"112,832",42,113,영국,영국,"(주)박수엔터테인먼트,(주)애니플러스"
117,행복 목욕탕,2017-03-23,"2,984,500",0.0%,"173,111,800",496,"22,475",18,108,일본,일본,(주)디스테이션
118,미래의 미라이,2019-01-16,"2,770,300",0.0%,"867,546,057",465,"106,990",25,191,일본,일본,메가박스중앙(주)플러스엠
119,델마와 루이스,1993-11-27,"2,331,000",0.0%,"120,186,600",450,"18,647",3,51,미국,미국,(주)드림팩트엔터테인먼트
120,초능력소년사건,2020-05-28,"4,390,420",0.0%,"4,390,420",448,448,12,42,중국,중국,디에이치 컴퍼니
121,7번방의 선물,2013-01-23,"2,556,500",0.0%,"91,437,368,170",430,"12,812,144",34,158,한국,한국,(주)넥스트엔터테인먼트월드(NEW)
122,이장,2020-03-25,"2,874,000",0.0%,"37,228,040",425,"4,479",8,94,한국,한국,㈜인디스토리
123,왕과 나: 런던 팔라디움 극장 뮤지컬,2020-04-29,"6,992,000",0.1%,"8,737,000",413,510,12,116,영국,영국,씨제이포디플렉스 주식회사
124,서치 아웃,2020-04-15,"3,689,060",0.0%,"297,167,000",410,"34,115",24,125,한국,한국,"(주)스톰픽쳐스코리아,(주)삼백상회"
125,리골레토,2020-04-05,"10,017,000",0.1%,"24,467,500",399,996,8,54,독일,독일,(주)케빈앤컴퍼니
126,고양이와 할아버지,2020-04-23,"3,357,380",0.0%,"21,749,340",398,"2,577",10,106,일본,일본,(주)디스테이션
127,더 워닝,2020-05-06,"1,940,500",0.0%,"2,139,500",384,413,32,190,스페인,스페인,(주)더블앤조이픽쳐스
128,마담 버터플라이,2020-05-05,"9,311,500",0.1%,"9,311,500",369,369,7,49,미국,미국,(주) 인스터 글로벌
129,베일리 어게인,2018-11-22,"2,221,500",0.0%,"799,756,400",367,"94,168",25,130,미국,미국,(주)홈초이스
130,타오르는 여인의 초상,2020-01-16,"3,153,500",0.0%,"1,244,623,408",349,"147,721",3,47,프랑스,프랑스,"그린나래미디어(주),(주)홈초이스"
131,애니 레보비츠: 렌즈를 통해 들여다본 삶,2009-06-11,"2,737,340",0.0%,"48,301,660",343,"6,933",9,96,미국,미국,"하준사,(주)스폰지이엔티"
132,조쉬 그로반: 브리지스 뉴욕 매디슨스퀘어가든 콘서트,2020-05-20,"6,154,500",0.0%,"6,154,500",342,342,20,183,영국,영국,씨제이포디플렉스 주식회사
133,사랑이 뭘까,2020-04-09,"3,163,460",0.0%,"46,341,480",341,"5,192",6,80,일본,일본,(주)엣나인필름
134,피가로의 결혼,2020-05-01,"10,838,500",0.1%,"10,838,500",334,334,5,42,이탈리아,이탈리아,일미디어
135,디어스킨,2020-01-01,"1,565,000",0.0%,"20,567,280",316,"3,121",1,8,프랑스,프랑스,M&M 인터내셔널
136,들리나요?,2020-06-10,"4,906,000",0.0%,"4,906,000",307,307,1,2,한국,한국,(주)트리플픽쳐스
137,브레이크,2020-05-20,"1,500,000",0.0%,"1,500,000",300,300,5,15,러시아,러시아,주식회사 콘텐츠플레이
138,파리 텍사스,1987-08-29,"2,213,000",0.0%,"2,726,000",296,380,1,3,프랑스,"프랑스,서독,영국",
138,고령화 가족,2013-05-09,"1,728,500",0.0%,"8,171,220,653",296,"1,141,518",16,96,한국,한국,(주)씨제이이엔엠
140,알래스카의 혼,,"570,000",0.0%,"7,637,000",285,"3,374",1,12,미국,미국,
141,82년생 박아라,,"1,739,000",0.0%,"1,739,000",281,281,20,20,한국,한국,선셋 시네마
142,살인의 추억,2003-04-25,"1,687,500",0.0%,"78,699,537",266,"12,834",24,89,한국,한국,CJ ENM
143,이누야시키 : 히어로 VS 빌런,2020-04-22,"2,241,460",0.0%,"60,414,320",259,"7,509",20,94,일본,일본,"와이드 릴리즈(주),(주)제이앤씨미디어그룹"
144,6년간의 의혹,,"502,000",0.0%,"1,942,000",251,966,1,12,미국,미국,
145,비류,,"482,000",0.0%,"482,000",241,241,1,9,미국,미국,
146,이웃의 아내,2020-05-26,"1,200,000",0.0%,"1,200,000",240,240,10,15,미국,미국,(주)제이브로
147,4시의 악마,,"470,000",0.0%,"470,000",235,235,1,8,미국,미국,
148,아르코라이브 뮤지컬 안테모사,2020-03-25,"2,710,000",0.0%,"12,059,500",230,"1,016",13,50,한국,한국,(주)아이디어랩
149,멜랑콜리아,2012-05-17,"2,416,000",0.0%,"144,999,683",221,"19,210",1,16,덴마크,"덴마크,스웨덴,이탈리아,독일,프랑스","(주)엣나인필름,(주)팝엔터테인먼트"
150,애정의 쌀,,"438,000",0.0%,"2,956,000",219,"1,478",1,9,이탈리아,이탈리아,
151,노예반란,,"436,000",0.0%,"436,000",218,218,1,9,이탈리아,"이탈리아,스페인,서독",
152,그늘과 양지,,"418,000",0.0%,"2,388,000",209,"1,189",1,12,미국,미국,
153,연애 완전 정복,,"1,900,000",0.0%,"1,900,000",200,200,1,2,한국,한국,(주)이놀미디어
153,데드워터,2020-05-28,"1,000,000",0.0%,"1,000,000",200,200,10,13,미국,미국,(주)제이브로
155,전망좋은 방,1989-06-24,"1,072,000",0.0%,"12,766,600",197,"5,459",7,8,영국,영국,알토미디어(주)
156,남태평양 목선작전,,"374,000",0.0%,"374,000",187,187,1,9,미국,미국,
157,너의 새는 노래할 수 있어,2020-04-16,"1,519,180",0.0%,"19,114,900",183,"2,085",6,51,일본,일본,(주)디오시네마
158,모리의 정원,2020-03-26,"1,221,000",0.0%,"27,462,720",178,"3,268",3,42,일본,일본,(주)영화사 진진
159,퐁네프의 연인들,1992-04-18,"1,351,000",0.0%,"66,726,200",172,"8,538",1,12,프랑스,프랑스,오드
160,개를 훔치는 완벽한 방법,2014-12-31,"1,147,000",0.0%,"2,332,501,565",171,"306,984",11,58,한국,한국,"(주)리틀빅픽쳐스,(주)대명문화공장"
161,주인집 딸,2020-05-07,"942,000",0.0%,"942,000",170,170,21,21,한국,한국,(주)컨텐츠 빌리지
162,이모의유혹3,2020-05-29,"946,000",0.0%,"946,000",169,169,20,20,한국,한국,스마일컨텐츠
163,마미,2014-12-18,"1,453,000",0.0%,"470,141,044",163,"59,200",3,8,캐나다,"캐나다,프랑스",(주)엣나인필름
164,도쿄가,,"1,146,000",0.0%,"1,146,000",159,159,1,4,서독,서독,
165,우리들,2016-06-16,"1,029,500",0.0%,"375,751,114",154,"50,701",11,74,한국,한국,(주)엣나인필름
166,춘희,,"306,000",0.0%,"13,281,000",153,"6,671",1,12,미국,미국,
167,파리의 아메리카인,,"307,000",0.0%,"6,930,000",152,"3,194",1,12,미국,미국,
167,벙어리 삼룡이,1964-11-13,"304,000",0.0%,"11,587,000",152,"5,635",1,12,한국,한국,
169,토요일밤과 일요일아침,,"300,000",0.0%,"300,000",150,150,1,12,영국,영국,
170,원스,2007-09-20,"767,000",0.0%,"1,910,002,000",146,"274,594",3,30,아일랜드,아일랜드,"(주)제이앤씨미디어그룹,(주)영화사 진진"
171,나바론 요새,1974-07-20,"288,000",0.0%,"22,862,104",144,"11,734",1,9,미국,"미국,영국",
171,도시와 옷에 대한 노트,,"1,067,000",0.0%,"1,067,000",144,144,1,3,서독,서독,
171,베를린 천사의 시,1993-05-15,"1,087,000",0.0%,"5,784,000",144,905,1,2,독일,독일,
174,환상의 마로나,2020-06-11,"937,000",0.0%,"937,000",143,143,6,7,프랑스,프랑스,찬란
175,사라진 시간,2020-06-18,"1,278,000",0.0%,"1,278,000",142,142,1,1,한국,한국,(주)에이스메이커무비웍스
176,아파치요새,1971-05-01,"288,000",0.0%,"11,949,000",141,"5,467",1,6,미국,미국,
176,너의 췌장을 먹고 싶어,2018-11-15,"803,000",0.0%,"413,144,505",141,"52,850",3,29,일본,일본,(주)넥스트엔터테인먼트월드(NEW)
178,산상수훈,2017-12-07,"1,609,000",0.0%,"417,643,790",140,"55,173",1,4,한국,한국,"이언픽쳐스,(주)그란"
179,몽상가들,2005-03-25,"1,032,000",0.0%,"288,354,204",138,"41,601",1,12,프랑스,프랑스,"찬란,오드"
179,가자 장미여관으로 4,2020-05-28,"650,000",0.0%,"650,000",138,138,20,20,한국,한국,(주)컨텐츠 빌리지
179,배달노출2 : 초대남과 좋아죽는 와이프,2020-05-29,"653,000",0.0%,"653,000",138,138,20,20,한국,한국,밀크픽처스
179,장모님들의 사랑,2020-05-13,"689,000",0.0%,"689,000",138,138,20,20,한국,한국,(주)소나무픽쳐스
183,엘 시드,1971-09-21,"272,000",0.0%,"21,988,790",136,"12,283",1,6,미국,"미국,이탈리아,영국",
184,포드 V 페라리,2019-12-04,"1,129,320",0.0%,"12,037,806,920",134,"1,367,810",1,7,미국,미국,월트디즈니컴퍼니코리아 유한책임회사
185,시간의 흐름 속으로,,"926,000",0.0%,"1,330,000",132,215,1,3,독일,독일,
186,사물의 상태,,"898,000",0.0%,"898,000",131,131,1,3,서독,서독,
187,악사들,2014-12-04,"254,000",0.0%,"8,286,700",127,"1,600",1,12,한국,한국,㈜인디스토리
188,페널티킥 앞에 선 골키퍼의 불안,,"880,000",0.0%,"2,292,000",126,329,1,3,서독,"서독,오스트리아",
189,신과 나: 100일간의 거래,2020-04-08,"738,000",0.0%,"61,203,100",122,"7,285",3,24,기타,기타,"(주)제이앤씨미디어그룹,와이드 릴리즈(주)"
190,시민 노무현,2019-05-23,"795,840",0.0%,"117,726,090",121,"14,621",9,30,한국,한국,(주)삼백상회
191,도시의 앨리스,,"861,000",0.0%,"2,042,000",118,308,1,3,서독,서독,
191,울지마 톤즈 2 : 슈크란 바바,2020-01-09,"241,000",0.0%,"153,030,940",118,"20,710",1,12,한국,한국,(주)영화특별시에스엠씨
193,기도의 힘,2020-04-09,"1,083,440",0.0%,"16,577,200",117,"2,069",4,33,미국,미국,주식회사 더쿱
194,영웅본색,1987-05-23,"591,000",0.0%,"114,246,400",116,"16,906",2,15,홍콩,홍콩,(유)조이앤시네마
195,구름은 흘러도,,"228,000",0.0%,"4,712,000",114,"2,409",1,9,한국,한국,
196,레터스 투 줄리엣,2010-10-06,"560,000",0.0%,"4,283,197,500",112,"585,272",3,17,미국,미국,(주)넥스트엔터테인먼트월드(NEW)
197,로렌스 애니웨이,2013-12-19,"967,500",0.0%,"159,955,856",111,"19,957",2,6,캐나다,"캐나다,프랑스",(주)엣나인필름
198,좋은 여자,2020-05-28,"815,000",0.0%,"815,000",109,109,5,12,한국,한국,(주)트리필름
199,피아노,1993-09-25,"909,500",0.0%,"28,946,500",108,"5,426",2,16,호주,호주,(주)팝엔터테인먼트
200,집으로 가는 길,2013-12-11,"624,500",0.0%,"13,049,651,245",107,"1,854,818",12,43,한국,한국,(주)씨제이이엔엠
201,애프터 웨딩,2008-04-17,"783,000",0.0%,"1,496,500",106,206,2,14,덴마크,"덴마크,스웨덴","(주)영화사 진진,(주)액티버스엔터테인먼트"
201,머피와 샐리의 법칙,2020-05-20,"212,000",0.0%,"212,000",106,106,1,1,한국,한국,에이 라이프
203,멀고도 가까운,,"734,000",0.0%,"734,000",104,104,1,3,독일,독일,
204,차이니즈 부키의 죽음,,"718,000",0.0%,"1,582,000",103,231,1,2,미국,미국,
205,기억의 전쟁,2020-02-27,"627,000",0.0%,"16,711,740",102,"1,998",6,42,한국,한국,(주)시네마달
205,아르코라이브 의자 고치는 여인,2020-05-20,"1,205,500",0.0%,"1,205,500",102,102,6,24,한국,한국,(주)아이디어랩
207,미드나잇 선,2018-06-21,"543,500",0.0%,"2,689,794,500",101,"328,116",6,23,미국,미국,"(주)삼백상회,(주)키다리이엔티"
207,개선문,,"202,000",0.0%,"5,485,000",101,"2,894",1,9,미국,미국,
207,아이 캔 온리 이매진,2018-06-21,"787,000",0.0%,"187,150,600",101,"22,722",1,2,미국,미국,"(주)영화사 그램,TCO(주)더콘텐츠온,(재)CBS"
207,프랑스여자,2020-06-04,"909,000",0.0%,"2,594,000",101,334,1,1,한국,한국,"(주)디스테이션,롯데컬처웍스(주)롯데엔터테인먼트"
211,페임,2009-09-24,"700,000",0.0%,"4,716,563,180",100,"643,038",1,1,미국,미국,"(주)다자인소프트,롯데쇼핑㈜롯데엔터테인먼트"
212,지구 최후의 밤,2019-07-25,"815,000",0.0%,"53,332,080",97,"6,554",1,12,중국,중국,찬란
212,극한직업,2019-01-23,"485,000",0.0%,"139,655,537,516",97,"16,266,337",1,1,한국,한국,(주)씨제이이엔엠
214,온워드: 단 하루의 기적,2020-06-17,"672,000",0.0%,"672,000",96,96,1,1,미국,미국,월트디즈니컴퍼니코리아 유한책임회사
214,하오의 결투,,"192,000",0.0%,"4,292,000",96,"2,134",1,6,미국,미국,
214,내언니전지현과 나,2020-12-03,"681,000",0.0%,"681,000",96,96,1,2,한국,한국,호우주의보
217,빗나간 행동,,"653,000",0.0%,"653,000",94,94,1,3,서독,서독,
217,SIDOF2020_일하는 여자들/누구는 알고 누구는 모르는/호랑이와 소,,"654,500",0.0%,"654,500",94,94,1,2,한국,한국,
217,존 웨인의 기병대,,"188,000",0.0%,"14,190,000",94,"6,570",1,18,미국,미국,
220,소돔과 고모라,1974-04-25,"186,000",0.0%,"9,681,000",93,"4,875",1,6,미국,"미국,이탈리아,프랑스",
221,독수인심,2020-04-30,"92,000",0.0%,"97,000",92,97,1,13,홍콩,홍콩,(유)조이앤시네마
222,오프닝 나이트,,"663,000",0.0%,"1,304,000",90,180,1,2,미국,미국,
223,카메론 포스트의 잘못된 교육,2020-06-04,"451,000",0.0%,"451,000",89,89,7,7,미국,"미국,영국",(주)팝엔터테인먼트
223,n번째 이별 중,2020-04-01,"835,000",0.0%,"226,062,800",89,"24,979",6,24,미국,미국,"(주)팬엔터테인먼트,(주)영화특별시에스엠씨"
225,마티아스와 막심,2020-07-23,"971,000",0.0%,"3,600,500",88,363,1,2,캐나다,캐나다,(주)엣나인필름
225,남매의 여름밤,2020-08-20,"616,000",0.0%,"2,956,000",88,422,1,2,한국,한국,그린나래미디어(주)
225,국도극장,2020-05-29,"672,000",0.0%,"936,000",88,145,7,17,한국,한국,명필름랩
228,기사푸라카스,,"174,000",0.0%,"1,412,000",87,706,1,9,프랑스,프랑스,
228,유황도의 모래,1971-03-17,"174,000",0.0%,"3,403,000",87,"1,449",1,6,미국,미국,
230,건즈 아킴보,2020-04-15,"768,000",0.0%,"244,731,000",86,"27,928",4,21,영국,영국,와이드 릴리즈(주)
231,축복,,"170,000",0.0%,"2,066,000",85,"1,033",1,9,미국,미국,
231,5시부터 7시까지의 클레오,,"748,500",0.0%,"8,532,000",85,"1,188",1,4,프랑스,"프랑스,이탈리아",(주)영화사 안다미로
233,야성녀,,"168,000",0.0%,"3,323,000",84,"1,655",1,9,미국,미국,
234,모감보,,"166,000",0.0%,"20,645,000",83,"9,896",1,9,미국,미국,
234,얼굴들,,"599,000",0.0%,"1,521,000",83,213,1,2,미국,미국,
236,콜드 워,2019-02-07,"525,400",0.0%,"230,204,773",80,"27,848",2,10,폴란드,폴란드,아이 엠
236,로맨스 빠빠,1960-01-28,"160,000",0.0%,"10,833,000",80,"5,421",1,13,한국,한국,
238,별난 인연,,"512,000",0.0%,"778,000",79,137,1,2,미국,미국,
238,그녀와의 스와핑,2020-05-20,"355,000",0.0%,"355,000",79,79,19,20,한국,한국,(주)케이알씨지
240,영향 아래 있는 여자,,"561,000",0.0%,"1,725,000",78,238,1,2,미국,미국,
240,미국인 친구,,"518,000",0.0%,"518,000",78,78,1,2,서독,"서독,프랑스",
242,아파트 열쇠를 빌려드립니다,,"154,000",0.0%,"3,763,000",77,"1,881",1,6,미국,미국,
242,젠틀맨,2020-02-26,"476,800",0.0%,"665,658,710",77,"81,482",2,21,미국,미국,"(주)영화사 빅,(주)다날엔터테인먼트"
244,잠자는 숲 속의 미녀,2020-05-02,"1,617,000",0.0%,"1,617,000",76,76,8,37,영국,영국,에스디시코리아 주식회사
245,판의 미로 - 오필리아와 세 개의 열쇠,2006-11-30,"531,000",0.0%,"2,976,188,548",75,"494,060",4,20,스페인,"스페인,멕시코","(주)디스테이션,(주)프라임엔터테인먼트"
246,바이올렛 에버가든 – 영원과 자동 수기 인형 -,2020-03-26,"739,900",0.0%,"104,091,460",74,"11,934",2,9,일본,일본,(주)라이크콘텐츠
247,산티아고의 흰 지팡이,2020-03-19,"539,000",0.0%,"7,663,460",73,989,3,18,한국,한국,제이리미디어
247,단지 세상의 끝,2017-01-18,"631,000",0.0%,"249,126,173",73,"31,677",3,8,캐나다,"캐나다,프랑스",(주)엣나인필름
249,피델리오,2020-05-31,"1,822,900",0.0%,"1,822,900",72,72,7,7,독일,독일,(주)케빈앤컴퍼니
250,사랑의 행로,,"481,000",0.0%,"2,485,000",70,414,1,1,미국,미국,
251,우리는 매일매일,2021-06-30,"482,000",0.0%,"1,703,000",69,256,1,2,한국,한국,㈜인디스토리
251,"노래하는 여자, 노래하지 않는 여자",,"417,000",0.0%,"5,398,000",69,799,1,3,프랑스,"프랑스,벨기에",(주)영화사 안다미로
253,마더,2009-05-28,"467,000",0.0%,"19,990,081,800",68,"2,982,021",1,7,한국,한국,CJ ENM
253,오렌지필름 기획전 - 울고 싶을 땐 꼭 비가 오더라,,"586,000",0.0%,"586,000",68,68,1,4,한국,한국,
255,작은 아씨들,,"134,000",0.0%,"13,990,000",67,"6,666",1,9,미국,미국,
255,불멸의 연인,1995-01-28,"537,500",0.0%,"9,436,000",67,"2,697",2,10,미국,미국,(주)엔케이컨텐츠
257,글로리아,,"468,000",0.0%,"1,278,000",65,246,1,1,미국,미국,
257,더 그레이,2012-02-16,"325,000",0.0%,"2,199,434,500",65,"292,332",1,24,미국,"미국,캐나다",(주)팝파트너스
259,나의 첫 번째 슈퍼스타,2020-06-10,"448,000",0.0%,"448,000",64,64,1,1,미국,미국,유니버설픽쳐스인터내셔널 코리아(유)
260,여사장,,"124,000",0.0%,"4,891,000",62,"2,453",1,6,한국,한국,
260,그녀,2014-05-22,"579,000",0.0%,"3,007,389,144",62,"369,277",2,9,미국,미국,"주식회사 더쿱,유니버설픽쳐스인터내셔널 코리아(유)"
260,보이헌트,,"129,000",0.0%,"913,000",62,454,1,6,미국,미국,
263,보리밭을 흔드는 바람,2006-11-02,"305,000",0.0%,"94,133,620",61,"14,328",1,3,영국,"영국,독일,아일랜드,이탈리아","(주)영화사 진진,(주)동숭아트센터"
263,멀홀랜드 드라이브,2001-11-30,"305,000",0.0%,"106,513,882",61,"13,442",1,2,미국,미국,(주)영화사 안다미로
263,사랑과 영혼,1990-11-24,"305,000",0.0%,"75,780,200",61,"17,987",2,10,미국,미국,"(주)제이앤씨미디어그룹,파라마운트 픽쳐스"
266,작가 미상,2020-02-20,"410,000",0.0%,"106,876,960",60,"13,483",2,12,독일,독일,(주)영화사 진진
266,가슴 큰 옆집 소녀,2020-05-29,"300,000",0.0%,"300,000",60,60,1,1,한국,한국,케이엘 픽쳐스
266,가슴 큰 울 엄마 2,2020-05-22,"300,000",0.0%,"300,000",60,60,1,1,한국,한국,케이엘 픽쳐스
266,가슴 큰 형수-무삭제판,2020-05-14,"300,000",0.0%,"300,000",60,60,1,1,한국,한국,케이엘 픽쳐스
266,오빠는 음식은 가려도 여자는 안가려,2020-05-28,"300,000",0.0%,"300,000",60,60,1,1,한국,한국,(주)담화
266,가슴 큰 새 누나 2,2020-05-06,"300,000",0.0%,"300,000",60,60,1,1,한국,한국,케이엘 픽쳐스
266,가슴 큰 뒷집소녀,2020-05-27,"300,000",0.0%,"300,000",60,60,1,1,한국,한국,케이엘 픽쳐스
266,가슴 큰 울 엄마,2020-05-06,"300,000",0.0%,"300,000",60,60,1,1,한국,한국,케이엘 픽쳐스
274,블루 발렌타인,2012-05-31,"434,000",0.0%,"121,992,700",59,"16,091",1,7,미국,미국,(주)영화사 진진
275,2020 인디포럼 월례비행 5월,,"522,000",0.0%,"522,000",58,58,1,1,한국,한국,
276,렛 미 인,2008-11-13,"285,000",0.0%,"682,116,480",57,"100,765",1,21,스웨덴,스웨덴,"씨네그루(주)다우기술,(주)영화사구안"
276,SIDOF2020_8mm/표해록/디어 엘리펀트,,"399,000",0.0%,"399,000",57,57,1,2,한국,한국,
278,SIDOF2020_2분 40초/중복/이화뉴스/영화운동의 함성,,"385,000",0.0%,"385,000",55,55,1,2,한국,한국,
279,허슬러,,"108,000",0.0%,"8,552,000",54,"4,165",1,6,,,
279,엘 마르,2018-10-25,"108,000",0.0%,"9,305,000",54,"1,205",1,6,콜롬비아,콜롬비아,(주)영화사 그램
281,로버트 프로스트,,"353,000",0.0%,"353,000",53,53,1,3,미국,미국,
282,마농,2020-03-31,"1,301,800",0.0%,"7,894,300",52,336,5,5,미국,미국,(주) 인스터 글로벌
282,이삭줍는 사람들과 나,,"610,000",0.0%,"2,998,000",52,401,1,3,프랑스,프랑스,(주)영화사 안다미로
282,아녜스의 해변,,"331,000",0.0%,"6,951,000",52,"1,015",1,3,프랑스,프랑스,(주)영화사 안다미로
285,가슴 큰 가인,2020-05-15,"342,000",0.0%,"342,000",51,51,20,20,한국,한국,케이엘 픽쳐스
285,아내를 빌려드립니다,2020-05-14,"347,000",0.0%,"347,000",51,51,20,20,한국,한국,(주)나우콘텐츠
285,낭트의 자코,,"515,000",0.0%,"6,077,000",51,842,1,3,프랑스,프랑스,(주)영화사 안다미로
285,가슴 큰 초희,2020-05-12,"347,000",0.0%,"347,000",51,51,20,20,한국,한국,케이엘 픽쳐스
285,핀란드 메탈밴드,2020-04-09,"448,360",0.0%,"16,742,180",51,"2,099",3,15,핀란드,핀란드,(주)드림팩트엔터테인먼트
290,퍼니게임,1997-11-15,"250,000",0.0%,"250,000",50,50,1,2,오스트리아,오스트리아,(주)영화사 안다미로
291,올리브나무사이로,1997-08-23,"245,000",0.0%,"1,822,000",49,237,1,3,프랑스,"프랑스,이란",
291,아르코라이브 무용 히트 앤 런,2020-05-06,"343,000",0.0%,"343,000",49,49,6,25,한국,한국,한국문화예술위원회
291,아틸라,2020-04-03,"706,500",0.0%,"5,485,000",49,193,6,12,이탈리아,이탈리아,일미디어
294,그녀의 비밀정원,2020-04-22,"232,500",0.0%,"9,966,880",48,"1,254",6,37,한국,한국,"(유)조이앤시네마,(주)제이앤씨미디어그룹"
294,허트 로커,2010-04-22,"240,000",0.0%,"1,300,416,200",48,"173,581",1,11,미국,미국,"(주)까멜리아이엔티,(주)스마일이엔티,(주)넥스트엔터테인먼트월드(NEW)"
294,"SIDOF2020_혜나, 라힐맘/캐치볼/퀴어053",,"336,000",0.0%,"336,000",48,48,1,2,한국,한국,
297,언더그라운드,,"329,000",0.0%,"826,500",47,121,1,2,한국,한국,(주)시네마달
297,하얀리본,2010-07-01,"235,000",0.0%,"92,101,700",47,"12,570",1,2,독일,독일,"(주)영화사 안다미로,(주)영화사 진진"
297,씨민과 나데르의 별거,2011-10-13,"235,000",0.0%,"91,092,400",47,"12,208",1,2,이란,이란,(주)영화사 진진
297,피아니스트,2003-01-01,"235,000",0.0%,"107,816,500",47,"14,582",1,11,프랑스,프랑스,"(주)씨네월드,(주)드림팩트엔터테인먼트"
297,잊지 않았어요,2020-01-01,"169,000",0.0%,"429,000",47,122,1,31,한국,한국,주식회사 씨엠닉스
297,미드소마,2019-07-11,"399,000",0.0%,"816,711,716",47,"89,849",1,12,미국,미국,(주)팝엔터테인먼트
303,마담 프루스트의 비밀정원,2014-07-24,"230,000",0.0%,"1,270,470,962",46,"162,047",1,2,프랑스,프랑스,찬란
303,순간에서 영원으로,,"92,000",0.0%,"3,752,000",46,"1,876",1,3,영국,영국,
305,해협,,"315,000",0.0%,"609,000",45,89,1,2,한국,한국,
305,그을린 사랑,2011-07-21,"225,000",0.0%,"540,739,300",45,"69,087",1,3,캐나다,캐나다,(주)티캐스트
307,오명,,"88,000",0.0%,"30,265,600",44,"6,252",1,4,미국,미국,
307,골목이 끝나는 곳,,"88,000",0.0%,"3,294,000",44,"1,642",1,6,미국,미국,
307,캐빈 인 더 우즈,2012-06-28,"241,000",0.0%,"1,712,612,800",44,"228,477",2,15,미국,미국,롯데쇼핑㈜롯데엔터테인먼트
307,하트 비트,2010-11-25,"350,500",0.0%,"47,441,000",44,"6,352",1,2,캐나다,캐나다,"(주)엣나인필름,㈜씨에이엔"
311,다가오는 것들,2016-09-29,"349,000",0.0%,"264,115,834",43,"32,986",1,5,프랑스,프랑스,찬란
311,행복,,"215,000",0.0%,"6,037,000",43,927,1,2,프랑스,프랑스,(주)영화사 안다미로
313,남편들,,"285,000",0.0%,"508,000",42,77,1,1,미국,미국,
314,경계선,2019-10-24,"332,000",0.0%,"150,358,880",41,"17,969",1,5,스웨덴,"스웨덴,덴마크",(주)제이앤씨미디어그룹
314,"좋아해, 너를",2017-09-14,"448,000",0.0%,"267,228,800",41,"30,901",1,2,일본,일본,(주)디오시네마
316,"센베노,평창",2020-01-01,"85,000",0.0%,"346,000",40,108,2,32,한국,한국,주식회사 씨엠닉스
316,민중의 용기,,"280,000",0.0%,"280,000",40,40,1,2,기타,기타,
316,"나는 내일, 어제의 너와 만난다",2017-10-12,"200,000",0.0%,"1,371,330,800",40,"180,640",1,3,일본,일본,(주)디스테이션
319,임신한 나무와 도깨비,,"273,000",0.0%,"1,425,500",39,209,1,1,한국,한국,(주)시네마달
319,데드 맨,1998-05-23,"195,000",0.0%,"18,588,000",39,"1,953",1,4,미국,"미국,독일,일본",(주)영화사 안다미로
321,옥자,2017-06-29,"273,000",0.0%,"2,442,771,900",38,"322,701",1,5,미국,미국,(주)넥스트엔터테인먼트월드(NEW)
321,오네트: 메이드 인 아메리카,,"269,000",0.0%,"598,000",38,88,1,2,미국,미국,
321,불한당: 나쁜 놈들의 세상,2017-05-17,"190,000",0.0%,"7,741,500,025",38,"963,243",1,3,한국,한국,(주)씨제이이엔엠
321,히든,2006-03-30,"190,000",0.0%,"19,049,500",38,"2,772",1,2,프랑스,프랑스,"(주)영화사 안다미로,(주)스폰지이엔티"
325,아이 바이 유 바이 에브리바디,,"258,500",0.0%,"294,500",37,43,1,1,한국,한국,
325,엽기적인 그녀,2001-07-26,"405,000",0.0%,"405,000",37,37,1,2,한국,한국,"이언픽쳐스,(주)시네마서비스"
325,일 포스티노,1996-03-09,"185,000",0.0%,"113,381,100",37,"15,131",1,3,이탈리아,"이탈리아,프랑스",(주)영화사 진진
325,욜,1989-03-01,"200,000",0.0%,"200,000",37,37,1,2,터키,터키,
325,그림자들,,"269,000",0.0%,"1,359,000",37,209,1,1,미국,미국,
325,아무도 머물지 않았다,2013-12-26,"185,000",0.0%,"118,288,500",37,"15,790",1,2,프랑스,"프랑스,이탈리아",(주)씨에이씨엔터테인먼트
331,siff 2020 단편2 : 비밀과 거짓말,,"252,000",0.0%,"252,000",36,36,1,1,한국,한국,
331,천국보다 낯선,1995-11-11,"180,000",0.0%,"30,214,100",36,"3,440",1,2,미국,미국,(주)영화사 안다미로
331,어느 가족,2018-07-26,"180,000",0.0%,"1,438,080,400",36,"174,460",1,2,일본,일본,(주)티캐스트
331,5일의 마중,2014-10-08,"287,000",0.0%,"411,705,600",36,"55,040",1,5,중국,중국,찬란
335,혁명을 기념하며,,"243,000",0.0%,"568,000",35,83,1,1,러시아,러시아,
335,"ㅅㄹ, ㅅㅇ, ㅅㄹ",,"245,000",0.0%,"245,000",35,35,1,1,한국,한국,
335,방랑자,,"175,000",0.0%,"4,389,000",35,658,1,2,프랑스,프랑스,(주)영화사 안다미로
335,아가씨,2016-06-01,"175,000",0.0%,"35,221,312,991",35,"4,289,008",1,3,한국,한국,(주)씨제이이엔엠
335,사랑에 관한 짧은 필름,1995-10-14,"175,000",0.0%,"2,429,000",35,321,1,2,폴란드,폴란드,(주)영화사 안다미로
340,아이들의 시간,,"68,000",0.0%,"4,178,000",34,"2,010",1,4,미국,미국,
340,대전 블루스,2020-04-23,"188,000",0.0%,"454,000",34,77,2,12,한국,한국,(주)마노엔터테인먼트
340,억남,2021-04-21,"323,000",0.0%,"323,000",34,34,1,4,일본,일본,(주)미디어캐슬
343,원더풀 라이프,2001-12-09,"165,000",0.0%,"180,961,600",33,"21,945",1,3,일본,일본,"(주)영화사 안다미로,(주)라이크콘텐츠,㈜영화사 백두대간"
343,세일즈맨,2017-05-11,"165,000",0.0%,"84,939,800",33,"11,236",1,2,이란,"이란,프랑스",찬란
343,제이슨의 초상,,"214,000",0.0%,"214,000",33,33,1,3,미국,미국,
343,떠돌이 개,,"165,000",0.0%,"1,919,500",33,323,1,2,대만,"대만,프랑스",
343,흑과 백,,"66,000",0.0%,"4,813,000",33,"2,336",1,6,미국,미국,
348,내 사랑,2017-07-12,"224,000",0.0%,"2,469,136,125",32,"337,669",1,6,아일랜드,"아일랜드,캐나다",오드
348,건축학개론,2012-03-22,"320,000",0.0%,"30,242,582,900",32,"4,113,728",1,2,한국,한국,롯데쇼핑㈜롯데엔터테인먼트
348,홀리데이 인,,"64,000",0.0%,"2,136,000",32,725,1,6,,,
351,공수도,2020-04-09,"269,500",0.0%,"25,089,500",31,"2,950",1,7,한국,한국,(주)그노스
351,동아시아반일무장전선,2020-08-20,"221,500",0.0%,"303,500",31,44,1,1,한국,한국,아이 엠
351,어메이징 그레이스,2019-11-28,"265,000",0.0%,"43,293,700",31,"5,559",1,1,미국,미국,(주)영화사 진진
354,엑시트,2019-07-31,"210,000",0.0%,"79,233,142,162",30,"9,426,161",1,1,한국,한국,(주)씨제이이엔엠
354,뷰티 인사이드,2015-08-20,"240,000",0.0%,"16,186,271,031",30,"2,058,126",1,1,한국,한국,(주)넥스트엔터테인먼트월드(NEW)
354,체 게바라: 2부 게릴라,2019-06-13,"218,000",0.0%,"24,057,160",30,"3,290",1,2,독일,독일,찬란
354,지난 해 마리앙바드에서,2008-10-15,"162,000",0.0%,"2,697,000",30,480,1,2,프랑스,"프랑스,이탈리아",
358,"SIDOF2020_길 위의 시간/안개, 장막/나는 사자다",,"208,000",0.0%,"208,000",29,29,1,1,한국,한국,
358,얼굴없는 보스,2019-11-21,"340,000",0.0%,"207,441,000",29,"24,470",2,20,한국,한국,"(주)좋은 하늘,(주)박수엔터테인먼트"
360,길다,,"56,000",0.0%,"5,510,000",28,"2,402",1,4,미국,미국,
361,유전,2018-06-07,"237,500",0.0%,"1,593,997,478",27,"180,857",2,6,미국,미국,(주)팝엔터테인먼트
361,아이 킬드 마이 마더,2015-01-15,"249,000",0.0%,"46,615,586",27,"6,048",1,1,캐나다,캐나다,(주)엣나인필름
361,접속,1997-09-13,"270,000",0.0%,"11,699,100",27,"1,784",1,2,한국,한국,
361,SIDOF2020_이마무라 쇼헤이 입문/크리스마스/리:플레이/로맨틱 머신,,"188,500",0.0%,"188,500",27,27,1,1,한국,한국,
361,인디피크닉 2020 단편3 : 각자의 길 위에서,,"189,000",0.0%,"189,000",27,27,1,1,한국,한국,
361,3억 분의 1: 난임부부 다이어리,,"189,000",0.0%,"189,000",27,27,1,1,한국,한국,
367,에어로너츠,2020-06-10,"130,000",0.0%,"130,000",26,26,1,1,영국,"영국,미국",(주)홈초이스
367,종로3가역2번출구,2017-12-07,"67,000",0.0%,"143,000",26,44,1,25,한국,한국,주식회사 씨엠닉스
367,더 스퀘어,2018-08-02,"130,000",0.0%,"138,756,400",26,"16,941",1,2,스웨덴,"스웨덴,독일,프랑스,덴마크",아이 엠
367,멋진 인생,,"134,000",0.0%,"17,520,000",26,"7,665",1,2,미국,미국,
367,노가다,,"180,000",0.0%,"217,000",26,35,1,1,한국,한국,
367,밀회,,"52,000",0.0%,"9,658,000",26,"4,768",1,9,영국,영국,
367,탐엣더팜,2014-05-22,"220,000",0.0%,"58,398,000",26,"7,471",1,1,캐나다,"캐나다,프랑스",(주)엣나인필름
367,하트,2020-02-27,"177,500",0.0%,"6,609,500",26,853,2,13,한국,한국,필름다빈
375,리암 갤러거,2020-03-12,"245,000",0.0%,"28,035,800",25,"2,927",1,8,영국,영국,(주)디스테이션
375,"SIDOF2020_투쟁하는 계급/소쇼, 1968년 6월 11일",,"175,000",0.0%,"175,000",25,25,1,1,프랑스,프랑스,
375,몽둥이의 슬픔,,"146,000",0.0%,"274,000",25,52,1,2,일본,일본,
375,형제는 용감하였다,,"50,000",0.0%,"9,079,000",25,"4,517",1,4,미국,미국,
379,siff 2020 단편5 : 다가가고 싶은 오늘,,"168,000",0.0%,"168,000",24,24,1,1,한국,한국,
379,SIDOF2020_낙/거리의 가능한 불행들/윤하,,"168,000",0.0%,"168,000",24,24,1,1,한국,한국,
379,적과 백,,"128,000",0.0%,"128,000",24,24,1,1,,,
379,벌새,2019-08-29,"193,000",0.0%,"1,193,463,074",24,"146,791",1,8,한국,한국,"(주)엣나인필름,(주)콘텐츠판다"
383,siff 2020 단편1 : 세상에 모든 그녀들,,"161,000",0.0%,"161,000",23,23,1,1,한국,한국,
383,인시앙,,"115,000",0.0%,"115,000",23,23,1,2,필리핀,필리핀,
383,해일 앞에서,,"161,000",0.0%,"161,000",23,23,1,1,한국,한국,
383,나와 부엉이,,"160,000",0.0%,"160,000",23,23,1,1,한국,한국,
387,역사수업,,"124,000",0.0%,"124,000",22,22,1,2,서독,"서독,이탈리아",
387,타샤 튜더,2018-09-13,"110,000",0.0%,"366,286,850",22,"46,257",1,2,일본,일본,(주)마노엔터테인먼트
387,철규,,"154,000",0.0%,"154,000",22,22,1,1,한국,한국,
387,당신의 사월,2021-04-01,"153,500",0.0%,"995,500",22,167,1,1,한국,한국,(주)시네마달
387,철로 위의 사람들,,"154,000",0.0%,"154,000",22,22,1,1,한국,한국,
387,소은이의 무릎,2019-05-30,"44,000",0.0%,"8,518,100",22,"1,242",1,4,한국,한국,(주)영화사 그램
387,데미트리아스,1977-02-18,"44,000",0.0%,"13,267,000",22,"6,592",1,4,미국,미국,
394,출장 마사지 : 흥분한 여자들 2,2020-05-14,"105,000",0.0%,"105,000",21,21,20,20,한국,한국,(주)영화사가을
394,빈폴,2020-02-27,"73,500",0.0%,"25,064,440",21,"2,864",1,8,러시아,러시아,(주)팝엔터테인먼트
394,SIDOF2020_숨은지혜찾기/불편/보담 : 더 나은 삶을 살아라,,"147,000",0.0%,"147,000",21,21,1,1,한국,한국,
394,외로운 아내,,"105,000",0.0%,"105,000",21,21,1,2,인도,인도,
398,SIDOF2020_베트남의 젊은 인형극단/피플스 워,,"140,000",0.0%,"140,000",20,20,1,1,기타,기타,
398,섹스남녀 : 우린 속 궁합이 잘 맞아 무삭제,2020-05-04,"97,000",0.0%,"97,000",20,20,20,20,한국,한국,(주)영화사가을
398,소공녀,2018-03-22,"100,000",0.0%,"476,693,200",20,"59,705",1,2,한국,한국,CGV아트하우스
398,사위 사랑은 장모 무삭제,2020-05-07,"97,000",0.0%,"97,000",20,20,20,20,한국,한국,(주)영화사가을
398,자매의 이웃,2020-05-27,"102,000",0.0%,"102,000",20,20,20,20,한국,한국,(주)로드하우스
398,꽁치의 맛,,"133,000",0.0%,"7,952,000",20,"1,224",1,4,일본,일본,
398,부부교환의 목적2,2020-05-15,"102,000",0.0%,"102,000",20,20,20,20,한국,한국,(주)로드하우스
398,나의 정원,,"140,000",0.0%,"428,000",20,67,1,1,한국,한국,
398,새엄마의 욕망,2020-05-29,"109,000",0.0%,"109,000",20,20,20,20,한국,한국,(주)영진크리에이티브
398,아녜스 바르다 회고전,,"144,000",0.0%,"14,788,000",20,"2,669",1,1,프랑스,프랑스,
398,시체들의 새벽,2020-04-15,"183,000",0.0%,"2,891,200",20,327,3,11,미국,미국,(주)피터팬픽쳐스
409,누명 쓴 사나이,,"38,000",0.0%,"276,000",19,65,1,6,미국,미국,
409,금의위-기문둔갑,2020-05-14,"19,000",0.0%,"19,000",19,19,5,19,홍콩,홍콩,(유)조이앤시네마
409,죽도 서핑 다이어리,2020-05-07,"154,000",0.0%,"154,000",19,19,2,11,한국,한국,(주)에스와이코마드
409,성인,,"95,000",0.0%,"95,000",19,19,1,2,인도,인도,
409,커넥션,,"138,000",0.0%,"654,000",19,92,1,1,미국,미국,
409,아파라지토,,"95,000",0.0%,"571,000",19,92,1,3,인도,인도,
415,쌀,,"36,000",0.0%,"1,448,000",18,714,1,6,한국,한국,
415,커피와 담배,2006-07-27,"90,000",0.0%,"76,301,900",18,"10,308",1,2,미국,미국,"(주)영화사 안다미로,(주)스폰지이엔티"
415,살람 시네마,,"90,000",0.0%,"255,000",18,73,1,2,이란,이란,
415,영웅,,"90,000",0.0%,"90,000",18,18,1,2,인도,인도,
415,대도시,,"90,000",0.0%,"90,000",18,18,1,2,인도,인도,
415,어부로 살고 싶다-새만금 간척사업을 반대하는 사람들,,"126,000",0.0%,"126,000",18,18,1,1,한국,한국,
415,미세스 팡,,"90,000",0.0%,"1,414,000",18,235,1,2,홍콩,"홍콩,중국,프랑스,독일",
415,"그곳, 날씨는",,"126,000",0.0%,"392,000",18,56,1,1,한국,한국,
415,젊은이,,"100,000",0.0%,"100,000",18,18,1,2,멕시코,멕시코,
415,강호제일검 금강철선,2020-05-04,"18,000",0.0%,"18,000",18,18,5,18,중국,중국,(유)조이앤시네마
415,체이싱,2020-04-23,"106,000",0.0%,"7,693,060",18,"1,005",2,9,러시아,러시아,(주)박수엔터테인먼트
415,코끼리 신,,"90,000",0.0%,"90,000",18,18,1,2,인도,인도,
415,왕자와 무희,,"36,000",0.0%,"8,749,000",18,"4,233",1,2,미국,"미국,영국",
428,벨벳 골드마인,1999-08-28,"85,000",0.0%,"53,802,485",17,"7,157",1,4,영국,"영국,미국","(주)디스테이션,(주)엔케이컨텐츠"
428,국도극장: 감독판,2020-05-29,"116,000",0.0%,"116,000",17,17,1,3,한국,한국,명필름랩
428,세 자매,,"85,000",0.0%,"85,000",17,17,1,2,홍콩,홍콩,
428,게르트루드,,"103,000",0.0%,"845,000",17,150,1,2,덴마크,덴마크,
428,극장판 미니특공대: 공룡왕 디노,2020-02-06,"122,000",0.0%,"620,860,720",17,"79,772",1,3,한국,한국,(주)리틀빅픽쳐스
428,사랑폭탄,,"119,000",0.0%,"119,000",17,17,1,1,한국,한국,
428,아녜스가 말하는 바르다,2019-05-30,"136,000",0.0%,"37,241,113",17,"4,529",1,1,프랑스,프랑스,알토미디어(주)
428,"나, 다니엘 블레이크",2016-12-08,"85,000",0.0%,"741,944,460",17,"98,983",1,2,영국,영국,(주)영화사 진진
428,오직 사랑하는 이들만이 살아남는다,2014-01-09,"85,000",0.0%,"277,633,343",17,"36,428",1,2,영국,"영국,독일,미국,프랑스",찬란
428,패왕별희,1993-12-24,"117,000",0.0%,"187,000",17,27,1,5,홍콩,홍콩,
438,"가장 따뜻한 색, 블루",2014-01-16,"80,000",0.0%,"418,466,400",16,"54,985",1,2,프랑스,프랑스,판씨네마(주)
438,장보러 가는 날,,"112,000",0.0%,"198,000",16,42,1,1,한국,한국,
438,다크 워터스,2020-03-11,"95,000",0.0%,"1,101,919,740",16,"127,902",1,6,미국,미국,(주)이수C&E
438,제빵사의 아내,,"85,000",0.0%,"85,000",16,16,1,2,프랑스,프랑스,
438,좀비파이터,2020-04-16,"108,000",0.0%,"1,137,000",16,136,2,10,한국,한국,(주)미로스페이스
438,체 게바라: 1부 아르헨티나,2019-06-13,"112,000",0.0%,"29,724,120",16,"4,210",1,2,독일,독일,찬란
438,가버나움,2019-01-24,"80,000",0.0%,"1,208,513,519",16,"146,312",1,2,기타,기타,"그린나래미디어(주),플레이리스트(주)"
438,피닉스 시티 스토리,,"86,000",0.0%,"86,000",16,16,1,2,미국,미국,
438,고독한 늑대의 피,,"139,000",0.0%,"139,000",16,16,1,4,일본,일본,(주)미디어캐슬
438,스코어: 영화음악의 모든 것,2017-10-19,"80,000",0.0%,"103,259,000",16,"13,523",1,2,미국,미국,(주)라이크콘텐츠
438,나는 흑인,,"87,000",0.0%,"87,000",16,16,1,2,프랑스,프랑스,
438,야에코의 허밍,,"80,000",0.0%,"80,000",16,16,1,1,일본,일본,
450,그 누구도 아닌,2020-03-26,"109,000",0.0%,"19,523,000",15,"2,370",2,7,프랑스,프랑스,그린나래미디어(주)
450,소림절세귀동 - 천하곡술,2020-05-20,"15,000",0.0%,"15,000",15,15,4,15,홍콩,홍콩,(유)조이앤시네마
450,이다,2015-02-18,"75,000",0.0%,"119,895,345",15,"15,762",1,2,폴란드,"폴란드,덴마크",시네마 뉴원
450,확대,,"88,000",0.0%,"88,000",15,15,1,1,영국,"영국,이탈리아",
450,러빙 빈센트,2017-11-09,"75,000",0.0%,"3,264,967,761",15,"409,707",1,2,영국,"영국,폴란드","(주)스튜디오디에이치엘,판씨네마(주)"
450,페인티드 버드,2020-03-26,"103,000",0.0%,"10,390,280",15,"1,101",2,5,슬로바키아,"슬로바키아,우크라이나",M&M 인터내셔널
450,봄 / 핵트 서킷 –플레이포투데이,,"135,000",0.0%,"135,000",15,15,1,1,기타,기타,
450,뮤직 룸,,"75,000",0.0%,"1,045,000",15,179,1,2,인도,인도,
450,아수라,2016-09-28,"75,000",0.0%,"20,582,894,662",15,"2,594,778",1,2,한국,한국,(주)씨제이이엔엠
459,동경의 황혼,,"102,000",0.0%,"4,947,000",14,815,1,3,일본,일본,
459,나의 사랑 나의 신부,2014-10-08,"140,000",0.0%,"16,636,544,305",14,"2,141,169",1,1,한국,한국,씨네그루(주)다우기술
459,협객 김두한,1975-06-05,"28,000",0.0%,"5,185,000",14,"2,590",1,5,한국,한국,
459,추적자,,"75,000",0.0%,"75,000",14,14,1,2,미국,미국,
459,아름답고 작은 해변,,"69,000",0.0%,"69,000",14,14,1,1,프랑스,"프랑스,네덜란드",
459,기도하는 남자,2020-02-20,"90,000",0.0%,"13,534,920",14,"1,630",1,7,한국,한국,(주)랠리버튼
459,스쿠프!,,"115,000",0.0%,"495,000",14,90,1,4,일본,일본,
459,오늘도 평화로운,2019-04-04,"28,000",0.0%,"18,167,060",14,"2,219",1,5,한국,한국,(주)영화사 그램
467,겁쟁이,,"65,000",0.0%,"65,000",13,13,1,2,인도,인도,
467,마음의 등불,,"26,000",0.0%,"7,347,000",13,"3,666",1,4,미국,미국,
467,대리석 인간,,"52,000",0.0%,"154,000",13,29,1,2,폴란드,폴란드,
467,윤희에게,2019-11-14,"85,000",0.0%,"972,840,809",13,"122,155",1,6,한국,한국,(주)리틀빅픽쳐스
467,선생님과 길고양이,2020-04-09,"107,000",0.0%,"5,860,820",13,730,2,7,일본,일본,찬란
472,충실한 마음,,"72,000",0.0%,"72,000",12,12,1,1,프랑스,프랑스,
472,정오의 출격,,"24,000",0.0%,"4,047,000",12,"2,046",1,6,,,
472,증발,2020-11-12,"85,000",0.0%,"498,000",12,71,1,1,한국,한국,㈜인디스토리
472,아사코,2019-03-14,"60,000",0.0%,"134,057,619",12,"15,590",1,1,일본,일본,(주)이수C&E
472,후계자들,2020-04-23,"15,000",0.0%,"41,000",12,30,2,12,미국,"미국,인도",(주)아이아스플러스
472,제3의 소시민,,"68,000",0.0%,"68,000",12,12,1,2,러시아,러시아,
478,SIDOF2020_개막식:누구는 알고 누구는 모르는/호랑이와 소,,"110,000",0.0%,"110,000",11,11,1,1,한국,한국,
478,토니 에드만,2017-03-16,"110,000",0.0%,"119,554,800",11,"14,895",1,2,독일,독일,그린나래미디어(주)
478,웰컴 투 X-월드,2020-10-29,"77,000",0.0%,"997,000",11,142,1,1,한국,한국,(주)시네마달
481,걷기왕,2016-10-20,"100,000",0.0%,"711,005,075",10,"95,552",1,1,한국,한국,CGV아트하우스
481,존 윅 - 리로드,2017-02-22,"100,000",0.0%,"2,213,119,681",10,"277,424",1,1,미국,미국,(주)제이앤씨미디어그룹
481,존 윅 3: 파라벨룸,2019-06-26,"100,000",0.0%,"8,205,265,858",10,"1,004,405",1,1,미국,미국,"(주)제이앤씨미디어그룹,TCO(주)더콘텐츠온"
484,진짜로 일어날지도 몰라 기적,2011-12-22,"77,000",0.0%,"340,439,400",9,"43,861",1,2,일본,일본,"(주)스튜디오 보난자,(주)미로비젼"
484,풋라이트 퍼레이드,,"39,500",0.0%,"39,500",9,9,1,2,미국,미국,
484,에듀케이션,2020-11-26,"54,000",0.0%,"1,054,000",9,149,1,1,한국,한국,영화배급협동조합 씨네소파
487,메기,2019-09-26,"62,000",0.0%,"332,474,828",8,"39,440",1,4,한국,한국,"(주)엣나인필름,CGV아트하우스"
487,상과 하,,"21,000",0.0%,"8,400,000",8,"4,210",1,4,미국,미국,
489,설화,2020-04-16,"49,000",0.0%,"743,000",7,129,1,3,한국,한국,(주)유비네트워크
489,행복의 단추를 채우는 완벽한 방법,2020-04-02,"51,000",0.0%,"16,657,120",7,"2,036",1,4,영국,영국,찬란
489,시라노; 연애조작단,2010-09-16,"70,000",0.0%,"19,838,513,000",7,"2,684,805",1,1,한국,한국,롯데쇼핑㈜롯데엔터테인먼트
492,펠리칸 베이커리,2020-04-02,"54,000",0.0%,"5,492,140",6,665,1,1,일본,일본,(주)영화사 진진
492,정승오 감독 특별전 (인디스데이),,"40,000",0.0%,"153,000",6,21,1,4,한국,한국,
492,몽마르트 파파,2020-01-09,"40,000",0.0%,"51,281,800",6,"6,982",1,4,한국,한국,(주)트리플픽쳐스
492,성혜의 나라,2020-01-30,"42,000",0.0%,"14,673,980",6,"1,822",1,2,한국,한국,아이 엠
492,비밀은 없다,2016-06-23,"30,000",0.0%,"2,030,523,239",6,"250,975",1,1,한국,한국,(주)씨제이이엔엠
492,맥추,,"44,000",0.0%,"4,992,000",6,809,1,3,일본,일본,
492,바람의 이야기,,"34,000",0.0%,"34,000",6,6,1,2,프랑스,"프랑스,네덜란드,영국,서독",
492,"낫띵벗필름 기획전 - JJ, 너에 대한 그리움을 담아",,"66,000",0.0%,"66,000",6,6,1,1,한국,한국,
492,레이지본즈,,"32,000",0.0%,"32,000",6,6,1,2,미국,미국,
492,쥴 앤 짐,1997-01-04,"12,000",0.0%,"19,142,000",6,"3,098",1,4,프랑스,프랑스,㈜영화사 백두대간
502,여린여동생,2020-05-01,"6,000",0.0%,"6,000",5,5,4,5,한국,한국,(주)액티버스엔터테인먼트
502,샤인,1997-01-25,"39,000",0.0%,"152,852,900",5,"19,744",1,1,호주,호주,"(주)비싸이드 픽쳐스,필립 스튜디오,(주)라이크콘텐츠"
504,아메리칸 셰프,2015-01-07,"40,000",0.0%,"1,262,654,429",4,"154,698",1,1,미국,미국,(주)영화사 진진
504,보존상: 천년의 유혼,2020-04-29,"8,000",0.0%,"15,000",4,10,1,4,중국,중국,(주)액티버스엔터테인먼트
504,오렌지필름 기획전 : 오렌지 필름 5주년 mixtape vol.5,,"28,000",0.0%,"28,000",4,4,1,1,한국,한국,
504,사회생활,,"24,000",0.0%,"1,299,500",4,227,1,1,한국,한국,
504,가을 햇살,,"19,000",0.0%,"4,945,000",4,773,1,2,일본,일본,
509,수요단편극장-인디스토리 쇼케이스 될 성부른 단편전2,,"24,000",0.0%,"24,000",3,3,1,1,한국,한국,
510,맨체스터 바이 더 씨,2017-02-15,"14,000",0.0%,"448,098,900",2,"55,898",1,1,미국,미국,THE 픽쳐스
510,온다,2020-03-26,"14,000",0.0%,"46,058,840",2,"5,580",1,2,일본,일본,(주)트리플픽쳐스
510,피안화,,"16,000",0.0%,"4,140,332",2,663,1,2,일본,일본,
510,봄날은 간다,2001-09-28,"16,000",0.0%,"56,682,000",2,"10,157",1,2,한국,한국,(주)시네마서비스
514,잘 주는 옆집여자,2020-05-04,"6,000",0.0%,"6,000",1,1,1,1,일본,일본,(주)영진크리에이티브
514,이혼녀의 맛,2020-05-04,"6,000",0.0%,"6,000",1,1,1,1,일본,일본,(주)영진크리에이티브
514,며느리:좋아서 신음하는 몸,2020-05-04,"6,000",0.0%,"6,000",1,1,1,1,일본,일본,(주)영진크리에이티브
514,며느리:남편보다 시아버지가 좋아,2020-05-04,"6,000",0.0%,"6,000",1,1,1,1,일본,일본,(주)영진크리에이티브
514,며느리 달래주기,2020-05-06,"6,000",0.0%,"6,000",1,1,1,1,일본,일본,(주)영진크리에이티브
514,새엄마:처음엔 거부 나중엔 신음,2020-05-06,"6,000",0.0%,"6,000",1,1,1,1,일본,일본,(주)영진크리에이티브
514,친구누나들-무삭제,2020-05-13,"5,000",0.0%,"5,000",1,1,1,1,한국,한국,스마일컨텐츠
514,이웃집 유부녀:속궁합 맞추기,2020-05-12,"6,000",0.0%,"6,000",1,1,1,1,일본,일본,(주)영진크리에이티브
514,뜨거워진 새엄마,2020-05-12,"6,000",0.0%,"6,000",1,1,1,1,일본,일본,(주)영진크리에이티브
514,배관공의 손기술:물 터진 날,2020-05-13,"6,000",0.0%,"6,000",1,1,1,1,일본,일본,(주)영진크리에이티브
514,이혼녀의 쫄깃 속살,2020-05-13,"6,000",0.0%,"6,000",1,1,1,1,일본,일본,(주)영진크리에이티브
514,게이샤:격정정사,2020-05-12,"6,000",0.0%,"6,000",1,1,1,1,일본,일본,(주)영진크리에이티브
514,홀딱 벗고 사는 아내,2020-05-12,"6,000",0.0%,"6,000",1,1,1,1,일본,일본,(주)영진크리에이티브
514,전 남친에 빼앗긴 아내,2020-05-12,"2,000",0.0%,"2,000",1,1,1,1,일본,일본,(주)플라이어
514,아내의 남자들,2020-05-19,"2,000",0.0%,"2,000",1,1,1,1,일본,일본,(주)플라이어
514,젊은 새엄마의 속사정,2020-05-19,"2,000",0.0%,"2,000",1,1,1,1,일본,일본,(주)플라이어
514,핫바디,2020-05-26,"6,000",0.0%,"6,000",1,1,1,1,일본,일본,(주)플라이어
514,아랑의은밀한성감대,2020-05-18,"5,000",0.0%,"5,000",1,1,1,1,한국,한국,스마일컨텐츠
514,처제의 비밀-무삭제,2020-05-19,"6,000",0.0%,"6,000",1,1,1,1,한국,한국,(주)나우콘텐츠
514,아내와 내 친구들-무삭제,2020-05-19,"6,000",0.0%,"6,000",1,1,1,1,한국,한국,(주)나우콘텐츠
514,화끈한 처제의 맛,2020-05-21,"2,000",0.0%,"2,000",1,1,1,1,한국,한국,P&미디어
514,새엄마:뜨거운 목욕시간,2020-05-16,"6,000",0.0%,"6,000",1,1,1,1,일본,일본,(주)영진크리에이티브
514,정사:며느리의 신음소리,2020-05-16,"6,000",0.0%,"6,000",1,1,1,1,일본,일본,(주)영진크리에이티브
514,상대 가리지 않는 유부녀 무삭제판,2020-05-16,"6,000",0.0%,"6,000",1,1,1,1,일본,일본,(주)영진크리에이티브
514,뜨거운 유부녀들 무삭제판,2020-05-16,"6,000",0.0%,"6,000",1,1,1,1,일본,일본,(주)영진크리에이티브
514,후배아내:남편보다 우람해,2020-05-17,"6,000",0.0%,"6,000",1,1,1,1,일본,일본,(주)영진크리에이티브
514,제 아내를 만족시켜주세요,2020-05-17,"6,000",0.0%,"6,000",1,1,1,1,일본,일본,(주)영진크리에이티브
514,시아버지의 여자-무삭제판,2020-05-21,"6,000",0.0%,"6,000",1,1,1,1,일본,일본,(주)플라이어
514,왕게임,2020-05-27,"5,000",0.0%,"5,000",1,1,1,1,한국,한국,유한회사 영화사 반딧불
514,야한 첫경험:남편 앞에서 간통,2020-05-21,"6,000",0.0%,"6,000",1,1,1,1,일본,일본,(주)영진크리에이티브
514,새엄마와의 뜨거운 여행,2020-05-21,"6,000",0.0%,"6,000",1,1,1,1,일본,일본,(주)영진크리에이티브
514,나쁜섹스:아들의 여자,2020-05-29,"6,000",0.0%,"6,000",1,1,1,1,일본,일본,(주)영진크리에이티브
514,아내를 부탁해:남편 앞에서 즐기다,2020-05-29,"6,000",0.0%,"6,000",1,1,1,1,일본,일본,(주)영진크리에이티브
514,"그날, 바다",2018-04-12,"5,000",0.0%,"4,446,135,528",1,"540,658",1,1,한국,한국,(주)엣나인필름
514,비행,2020-03-19,"7,000",0.0%,"28,546,440",1,"3,349",1,2,한국,한국,"아이 엠,케이티하이텔(주)"
514,프리저베이션홀 재즈밴드,2020-04-02,"5,000",0.0%,"6,017,260",1,707,1,1,미국,미국,(주)에스와이코마드
514,새아들 무삭제,2020-05-14,"6,000",0.0%,"6,000",1,1,1,1,한국,한국,(주)영화사가을
514,정사 : 착한 며느리들 3 무삭제,2020-05-13,"6,000",0.0%,"6,000",1,1,1,1,한국,한국,(주)영화사가을
514,엄마의 유혹 2 무삭제,2020-05-15,"6,000",0.0%,"6,000",1,1,1,1,한국,한국,(주)영화사가을
514,노래방 : 화끈한 여자들 2 무삭제,2020-05-15,"6,000",0.0%,"6,000",1,1,1,1,한국,한국,(주)영화사가을
514,러시아 가정부 무삭제,2020-05-13,"6,000",0.0%,"6,000",1,1,1,1,한국,한국,(주)영화사가을
514,처제의 일기 - 무삭제판,2020-05-20,"1,000",0.0%,"1,000",1,1,1,1,한국,한국,(주)컨텐츠 빌리지
514,친구의 새엄마 무삭제,2020-05-11,"7,000",0.0%,"7,000",1,1,1,1,한국,한국,(주)영화사가을
514,관전녀 - 무삭제판,2020-05-20,"1,000",0.0%,"1,000",1,1,1,1,한국,한국,(주)컨텐츠 빌리지
514,동거 : 착한 처제 무삭제,2020-05-26,"6,000",0.0%,"6,000",1,1,1,1,한국,한국,(주)영화사가을
514,엄마의 일기 - 무삭제판,2020-05-13,"1,000",0.0%,"1,000",1,1,1,1,한국,한국,(주)컨텐츠 빌리지
514,어린 누나 4 - 무삭제판,2020-05-20,"1,000",0.0%,"1,000",1,1,1,1,한국,한국,(주)컨텐츠 빌리지
514,형수 : 금지된 사랑 무삭제,2020-05-26,"6,000",0.0%,"6,000",1,1,1,1,한국,한국,(주)영화사가을
514,딸의 일기 - 무삭제판,2020-05-27,"1,000",0.0%,"1,000",1,1,1,1,한국,한국,(주)컨텐츠 빌리지
514,베이글녀의 진지한 데이트,2020-05-26,"6,000",0.0%,"6,000",1,1,1,1,일본,일본,(주)빅콘미디어
514,여대생의 AV 데뷔기 2,2020-05-26,"6,000",0.0%,"6,000",1,1,1,1,일본,일본,(주)빅콘미디어
514,미용실 : 특별한 서비스 4,2020-05-04,"6,000",0.0%,"6,000",1,1,1,1,한국,한국,(주)영화사가을
514,여교수와 은밀한 섹스,,"6,000",0.0%,"6,000",1,1,1,1,한국,한국,
514,AV배우의 음란한 사생활,,"6,000",0.0%,"6,000",1,1,1,1,한국,한국,
514,어린 작은엄마,2020-05-08,"6,000",0.0%,"6,000",1,1,1,1,한국,한국,(주)영화사가을
514,외계인 지구침공,2020-05-07,"6,000",0.0%,"6,000",1,1,1,1,스페인,스페인,(주)도키엔터테인먼트
514,쌍둥이 여친 과외하기,2020-05-14,"6,000",0.0%,"6,000",1,1,1,1,한국,한국,주식회사 플릭스코
514,쥬피터 스타쉽,2020-05-08,"1,000",0.0%,"1,000",1,1,1,1,미국,미국,(유)조이앤시네마
514,싸움의 기술 2,2020-05-22,"6,000",0.0%,"6,000",1,1,1,1,한국,한국,(주)영화사 사계절
514,인공수정: 아이를 갖고 싶어요,,"6,000",0.0%,"6,000",1,1,1,1,일본,일본,(주)씨맥스커뮤니케이션즈
514,미망인: 과부의 쓸쓸한 가슴,,"6,000",0.0%,"6,000",1,1,1,1,일본,일본,(주)씨맥스커뮤니케이션즈
514,불륜 수리공: 저도 고쳐 쓰세요,,"6,000",0.0%,"6,000",1,1,1,1,일본,일본,(주)씨맥스커뮤니케이션즈
514,온천여관 여주인의 서비스,2020-05-02,"6,000",0.0%,"6,000",1,1,1,1,일본,일본,(주)도키엔터테인먼트
514,치한을 부르는 여자-만원버스,2020-05-02,"6,000",0.0%,"6,000",1,1,1,1,일본,일본,(주)도키엔터테인먼트
514,남편을 배신한 육체미망인,2020-05-02,"6,000",0.0%,"6,000",1,1,1,1,일본,일본,(주)도키엔터테인먼트
514,엄청 야릇한 옆집 거유녀,2020-05-02,"6,000",0.0%,"6,000",1,1,1,1,일본,일본,(주)도키엔터테인먼트
514,야한 치어리더는 옆집유부녀,2020-05-02,"6,000",0.0%,"6,000",1,1,1,1,일본,일본,(주)도키엔터테인먼트
514,풍만 형수의 노예계약 - 음모론,2020-05-02,"6,000",0.0%,"6,000",1,1,1,1,일본,일본,(주)도키엔터테인먼트
514,대학생 기숙사 밤당번녀-G컵,2020-05-02,"6,000",0.0%,"6,000",1,1,1,1,일본,일본,(주)도키엔터테인먼트
514,사장에게 봉사하는 미인비서,2020-05-02,"6,000",0.0%,"6,000",1,1,1,1,일본,일본,(주)도키엔터테인먼트
514,미니멈 걸과 터지는 사랑,2020-05-02,"6,000",0.0%,"6,000",1,1,1,1,일본,일본,(주)도키엔터테인먼트
514,노브라 가정교사 - I컵의 사랑,2020-05-02,"6,000",0.0%,"6,000",1,1,1,1,일본,일본,(주)도키엔터테인먼트
514,인형같은 노조미짱-전력봉사,2020-05-02,"6,000",0.0%,"6,000",1,1,1,1,일본,일본,(주)도키엔터테인먼트
514,패션모델 여상사의 갑질,2020-05-02,"6,000",0.0%,"6,000",1,1,1,1,일본,일본,(주)도키엔터테인먼트
514,폭유도발클럽 - 제복편,2020-05-02,"6,000",0.0%,"6,000",1,1,1,1,일본,일본,(주)도키엔터테인먼트
514,불륜 중독 - 당신없인 못살아,2020-05-02,"6,000",0.0%,"6,000",1,1,1,1,일본,일본,(주)도키엔터테인먼트
514,신혼밤 제대로 보여드립니다,2020-05-02,"6,000",0.0%,"6,000",1,1,1,1,일본,일본,(주)도키엔터테인먼트
514,유부녀의 젖은 몸을 보자,2020-05-02,"6,000",0.0%,"6,000",1,1,1,1,일본,일본,(주)도키엔터테인먼트
514,모델하우스에서 몰래섹스,2020-05-02,"6,000",0.0%,"6,000",1,1,1,1,일본,일본,(주)도키엔터테인먼트
514,파이브 갤럭시스,2020-05-04,"6,000",0.0%,"6,000",1,1,1,1,미국,미국,(주)도키엔터테인먼트
514,피쉬 스쿨 2,2020-05-11,"1,000",0.0%,"1,000",1,1,1,1,미국,미국,(주)영화사 안다미로
514,혈전,,"1,000",0.0%,"1,000",1,1,1,1,중국,중국,
514,샬롯: 욕망의 법칙,2020-05-01,"5,000",0.0%,"5,000",1,1,1,1,미국,"미국,독일",(주)더그레이트컴퍼니
514,금기를 깨트린 여자들,2020-05-20,"5,000",0.0%,"5,000",1,1,1,1,스페인,스페인,(주)더그레이트컴퍼니
514,어린장모2-무삭제,2020-05-06,"5,000",0.0%,"5,000",1,1,1,1,한국,한국,스마일컨텐츠
514,너무 큰 여선배,2020-05-08,"5,000",0.0%,"5,000",1,1,1,1,한국,한국,(주)케이피에이기획
600,김군,2019-05-23,0,0.0%,"124,353,490",0,"16,833",1,1,한국,한국,영화사 풀
합계,,,"12,393,715,040",,"1,348,567,661,823","1,526,236","167,621,655","17,678","235,218",,,
